company_id,venture_list_seq,company_name,corp_type,ceo_name_masked,venture_type,venture_renewal,venture_confirm_date,venture_expire_date,region,macro_region,district,address,industry_class_kibo,ksic_name,main_product,industry,sub_industry,industry_fit,industry_basis,listed_status,name_uniqueness,growth_stage_proxy,cov_invest_prior,cov_rnd_patent_prior,selection_grade,exclusion_reason,founded_year,company_age,employee_count_nps,revenue_latest,funding_stage,cov_financial,cov_nps,cov_kipris,cov_invest,cov_news,coverage_count,consecutive_3y_area_count,id_key_business_number,selection_status,nps_match_status,nps_workplace_name,nps_branch_count,nps_employee_count_all_branches,business_number6,nps_corp_type,nps_registration_status,nps_industry,nps_start_date,nps_end_date,nps_employee_count,nps_monthly_premium,nps_new_hires,nps_leavers,nps_est_avg_monthly_wage,company_age_nps,nps_continuous_in_window,nps_verdict,business_number,corporation_number,founded_date,age_basis,company_age_final,age_4_12_verdict
78,9550,주식회사 지티에스앤,주식회사,방**,연구개발유형,재확인,2024-07-01,2027-06-30,인천,수도권,부평구,인천광역시 부평구,정보처리S/W,시스템 소프트웨어 개발 및 공급업,스크린골프 소프트웨어 개발 및 공급,ICT·AI·SW,시스템SW·인프라,핵심,업종직접,비상장,A(고유),R&D 중심(추정),미확인,확실(기업부설연구소·R&D비 요건),1(핵심·재확인),,2015.0,10.4,,,,,,,,,,,,최종(확정),확정(상호+시군구),주식회사지티에스앤,0.0,46.0,559870,법인,등록,응용 소프트웨어 개발 및 공급업,2015-06-10,,46.0,16466660.0,2.0,0.0,398.0,10.2,True,통과,5598700046,1341110409503.0,20150420.0,DART 설립일,10.4,통과
101,13982,주식회사 누비랩,주식회사,김**,벤처투자유형,재확인,2024-08-09,2027-08-08,인천,수도권,서구,인천광역시 서구,정보처리S/W,응용 소프트웨어 개발 및 공급업,AI 빅데이터 솔루션,ICT·AI·SW,AI·데이터,핵심,업종직접,비상장,A(고유),투자유치 후 성장(추정),확실(VC 등 5천만원↑ 투자 요건),미확인,1(핵심·재확인),,,,,,,,,,,,,,,최종(확정),확정(상호+시군구),주식회사누비랩,1.0,41.0,160880,법인,등록,기타 인문 및 사회과학 연구개발업,2019-06-25,,36.0,15049960.0,3.0,1.0,465.0,6.2,True,통과,,,,NPS 적용일(하한),6.2,통과
102,13040,셀렉트스타 주식회사,주식회사,김**,벤처투자유형,재확인,2024-09-24,2027-09-23,서울,수도권,강남구,서울특별시 강남구,정보처리S/W,데이터베이스 및 온라인정보 제공업,"데이터베이스,온라인정보 제공,정보,컴퓨터 프로그래밍,시스템 통합,관리,인공지능기술 개발,공급,인문,사회과학,자연과학 연구개발",ICT·AI·SW,AI·데이터,핵심,업종직접,비상장,A(고유),투자유치 후 성장(추정),확실(VC 등 5천만원↑ 투자 요건),미확인,1(핵심·재확인),,2018.0,6.8,,,,,,,,,,,,최종(확정),확정(상호+시군구),셀렉트스타주식회사,1.0,158.0,626870,법인,등록,기타 정보 기술 및 컴퓨터 운영 관련 서비스업,2019-01-01,,158.0,47861520.0,150.0,2.0,337.0,6.7,True,통과,6268701194,1601110500721.0,20181127.0,DART 설립일,6.8,통과
103,14627,주식회사 제로엑스플로우,주식회사,김**,벤처투자유형,재확인,2024-08-08,2027-08-07,서울,수도권,마포구,서울 마포구,정보처리S/W,응용 소프트웨어 개발 및 공급업,인공지능 기반 외국어 학습 서비스,ICT·AI·SW,AI·데이터,핵심,업종직접,비상장,A(고유),투자유치 후 성장(추정),확실(VC 등 5천만원↑ 투자 요건),미확인,1(핵심·재확인),,,,,,,,,,,,,,,최종(확정),확정(상호+시군구),주식회사제로엑스플로우,0.0,11.0,383810,법인,등록,응용 소프트웨어 개발 및 공급업,2018-09-03,,11.0,5822520.0,0.0,2.0,588.0,7.0,True,통과,,,,NPS 적용일(하한),7.0,통과
104,23236,주식회사 투비콘,주식회사,노**,벤처투자유형,재확인,2025-03-30,2028-03-29,서울,수도권,중구,서울 중구,정보처리S/W,컴퓨터시스템 통합 자문 및 구축 서비스업,"컴퓨터시스템　통합　자문　및　구축　서비스업,건강보조식품(건강기능식품) 소매업,전자상거래 소매업,소프트웨어　개발　및　공급업,자료처리업",ICT·AI·SW,IT서비스·SI,핵심,업종직접,비상장,A(고유),투자유치 후 성장(추정),확실(VC 등 5천만원↑ 투자 요건),미확인,1(핵심·재확인),,2013.0,12.0,,,,,,,,,,,,최종(확정),확정(상호+시군구),주식회사 투비콘,0.0,23.0,211889,법인,등록,컴퓨터 시스템 통합 자문 및 구축 서비스업,2014-02-05,,23.0,6894040.0,0.0,2.0,333.0,11.6,True,통과,2118899718,1101115211092.0,20130823.0,DART 설립일,12.0,통과
105,37935,주식회사 아이엔지스토리,주식회사,강**,벤처투자유형,재확인,2026-02-25,2029-02-24,서울,수도권,강남구,서울특별시 강남구,정보처리S/W,데이터베이스 및 온라인정보 제공업,"작심독서실, 픽코파트너스",ICT·AI·SW,데이터·정보서비스,핵심,업종직접,비상장,A(고유),투자유치 후 성장(추정),확실(VC 등 5천만원↑ 투자 요건),미확인,1(핵심·재확인),,2013.0,11.9,,,,,,,,,,,,최종(확정),확정(상호+시군구),(주)아이엔지스토리,0.0,64.0,307814,법인,등록,교육관련 자문 및 평가업,2016-10-01,,64.0,20935880.0,5.0,9.0,363.0,8.9,True,통과,3078142763,1647110039328.0,20131022.0,DART 설립일,11.9,통과
106,37152,주식회사 튜링바이오,주식회사,S**,벤처투자유형,재확인,2026-02-10,2029-02-09,경기,수도권,성남시,경기 성남시,정보처리S/W,응용 소프트웨어 개발 및 공급업,우울증 디지털치료기기,ICT·AI·SW,디지털헬스,핵심,업종직접,비상장,A(고유),투자유치 후 성장(추정),확실(VC 등 5천만원↑ 투자 요건),미확인,1(핵심·재확인),,,,,,,,,,,,,,,최종(확정),확정(상호+시군구),주식회사튜링바이오,0.0,17.0,344870,법인,등록,응용 소프트웨어 개발 및 공급업,2020-06-02,,17.0,6065940.0,0.0,2.0,396.0,5.2,True,통과,,,,NPS 적용일(하한),5.2,통과
107,23609,주식회사 보미쌤,주식회사,박**,벤처투자유형,재확인,2025-05-18,2028-05-17,서울,수도권,강남구,서울특별시 강남구,정보처리S/W,응용 소프트웨어 개발 및 공급업,디지털 헬스케어 플랫폼,ICT·AI·SW,디지털헬스,핵심,업종직접,비상장,A(고유),투자유치 후 성장(추정),확실(VC 등 5천만원↑ 투자 요건),미확인,1(핵심·재확인),,,,,,,,,,,,,,,최종(확정),확정(상호+시군구),주식회사 보미쌤,0.0,10.0,188870,법인,등록,응용 소프트웨어 개발 및 공급업,2021-03-30,,10.0,2181440.0,0.0,0.0,242.0,4.4,True,통과,,,,NPS 적용일(하한),4.4,통과
108,34791,주식회사 파라메타,주식회사,김**,벤처투자유형,재확인,2025-11-22,2028-11-21,서울,수도권,서초구,서울특별시 서초구,정보처리S/W,시스템 소프트웨어 개발 및 공급업,기업용 블록체인 플랫폼 구축 및 솔루션,ICT·AI·SW,시스템SW·인프라,핵심,업종직접,비상장,A(고유),투자유치 후 성장(추정),확실(VC 등 5천만원↑ 투자 요건),미확인,1(핵심·재확인),,,,,,,,,,,,,,,최종(확정),확정(상호+시군구),주식회사 파라메타,0.0,45.0,647810,법인,등록,응용 소프트웨어 개발 및 공급업,2016-07-01,,45.0,21034780.0,0.0,1.0,519.0,9.2,True,통과,,,,NPS 적용일(하한),9.2,통과
109,19264,주식회사 크립토랩,주식회사,천**,벤처투자유형,재확인,2025-02-09,2028-02-08,서울,수도권,관악구,서울 관악구,정보처리S/W,시스템 소프트웨어 개발 및 공급업,소프트웨어 개발 및 공급,ICT·AI·SW,시스템SW·인프라,핵심,업종직접,비상장,A(고유),투자유치 후 성장(추정),확실(VC 등 5천만원↑ 투자 요건),미확인,1(핵심·재확인),,,,,,,,,,,,,,,최종(확정),확정(상호+시군구),주식회사크립토랩(CryptoLabInc.),0.0,56.0,625870,법인,등록,응용 소프트웨어 개발 및 공급업,2018-06-01,,56.0,21490180.0,2.0,4.0,426.0,7.2,True,통과,,,,NPS 적용일(하한),7.2,통과
110,16147,주식회사 클래스101,주식회사,공**,벤처투자유형,재확인,2024-11-03,2027-11-02,서울,수도권,강남구,서울특별시 강남구,정보처리S/W,시스템 소프트웨어 개발 및 공급업,"시스템 소프트웨어 개발,공급/전자상거래/포털,인터넷 정보매개 서비스",ICT·AI·SW,시스템SW·인프라,핵심,업종직접,비상장,A(고유),투자유치 후 성장(추정),확실(VC 등 5천만원↑ 투자 요건),미확인,1(핵심·재확인),,2015.0,10.0,,,,,,,,,,,,최종(확정),확정(상호+시군구),주식회사 클래스101,0.0,91.0,457810,법인,등록,응용 소프트웨어 개발 및 공급업,2015-09-21,,91.0,38623460.0,1.0,10.0,472.0,9.9,True,통과,4578100277,2301110245786.0,20150901.0,DART 설립일,10.0,통과
111,12112,주식회사 파킹고,주식회사,오**,벤처투자유형,신규,2024-07-30,2027-07-29,대전,충청권,유성구,대전광역시 유성구,정보처리S/W,시스템 소프트웨어 개발 및 공급업,Connectivity Parking System,ICT·AI·SW,시스템SW·인프라,핵심,업종직접,비상장,A(고유),투자유치 초기(추정),확실(VC 등 5천만원↑ 투자 요건),미확인,2(핵심·신규·투자/R&D확인),,,,,,,,,,,,,,,최종(확정),확정(상호+시군구),주식회사파킹고,0.0,15.0,372810,법인,등록,응용 소프트웨어 개발 및 공급업,2018-08-23,,15.0,4435980.0,1.0,0.0,329.0,7.0,True,통과,,,,NPS 적용일(하한),7.0,통과
112,5174,주식회사 에어스메디컬,주식회사,이**,벤처투자유형,재확인,2024-02-14,2027-02-13,서울,수도권,강남구,서울특별시 강남구,정보처리S/W,시스템 소프트웨어 개발 및 공급업,MRI가속화프로그램,ICT·AI·SW,시스템SW·인프라,핵심,업종직접,비상장,A(고유),투자유치 후 성장(추정),확실(VC 등 5천만원↑ 투자 요건),미확인,1(핵심·재확인),,2018.0,6.9,,,,,,,,,,,,최종(확정),확정(상호+시군구),주식회사에어스메디컬,0.0,104.0,534810,법인,등록,기타 정보 기술 및 컴퓨터 운영 관련 서비스업,2018-10-05,,104.0,43435180.0,0.0,3.0,464.0,6.9,True,통과,5348101291,1101116843266.0,20181005.0,DART 설립일,6.9,통과
113,32086,주식회사 클라리파이,주식회사,김**,벤처투자유형,재확인,2025-10-24,2028-10-23,서울,수도권,종로구,서울 종로구,정보처리S/W,응용 소프트웨어 개발 및 공급업,"소프트웨어 개발,공급/의료기기 부품 제조/컴퓨터,소프트웨어 판매/컴퓨터,주변기기 임대",ICT·AI·SW,응용SW·플랫폼,핵심,업종직접,비상장,A(고유),투자유치 후 성장(추정),확실(VC 등 5천만원↑ 투자 요건),미확인,1(핵심·재확인),,2015.0,10.6,,,,,,,,,,,,최종(확정),확정(상호+시군구),주식회사클라리파이,0.0,44.0,101870,법인,등록,응용 소프트웨어 개발 및 공급업,2015-03-01,,44.0,15294920.0,0.0,2.0,386.0,10.5,True,통과,1018701564,1101115636373.0,20150206.0,DART 설립일,10.6,통과
114,24223,주식회사 십일리터,주식회사,김**,벤처투자유형,재확인,2025-05-04,2028-05-03,강원,강원권,춘천시,강원특별자치도 춘천시,정보처리S/W,응용 소프트웨어 개발 및 공급업,"반려동물 영양제, 반려동물 온라인 건강검진 서비스",ICT·AI·SW,응용SW·플랫폼,핵심,업종직접,비상장,A(고유),투자유치 후 성장(추정),확실(VC 등 5천만원↑ 투자 요건),미확인,1(핵심·재확인),,,,,,,,,,,,,,,최종(확정),"추정(상호만 일치, 주소 불일치)",주식회사십일리터,0.0,12.0,896810,법인,등록,전자상거래 소매업,2021-09-01,,12.0,2915400.0,0.0,1.0,270.0,4.0,True,통과,,,,NPS 적용일(하한),4.0,통과
115,14021,주식회사 딥바이오,주식회사,김**,벤처투자유형,재확인,2024-09-21,2027-09-20,서울,수도권,구로구,서울특별시 구로구,정보처리S/W,응용 소프트웨어 개발 및 공급업,"소프트웨어개발,자문,판매",ICT·AI·SW,응용SW·플랫폼,핵심,업종직접,비상장,A(고유),투자유치 후 성장(추정),확실(VC 등 5천만원↑ 투자 요건),미확인,1(핵심·재확인),,2015.0,9.9,,,,,,,,,,,,최종(확정),확정(상호+시군구),주식회사딥바이오,0.0,19.0,226870,법인,등록,BIZ_NO미존재사업장,2015-10-08,,19.0,8055400.0,0.0,5.0,471.0,9.9,True,통과,2268700262,1101115856369.0,20151008.0,DART 설립일,9.9,통과
116,1275,주식회사 카디오헬스,주식회사,박**,벤처투자유형,신규,2023-06-21,2026-06-20,인천,수도권,연수구,인천 연수구,정보처리S/W,응용 소프트웨어 개발 및 공급업,가상현실 운동플랫폼 개발 및 운영,ICT·AI·SW,응용SW·플랫폼,핵심,업종직접,비상장,A(고유),투자유치 초기(추정),확실(VC 등 5천만원↑ 투자 요건),미확인,2(핵심·신규·투자/R&D확인),,,,,,,,,,,,,,,최종(확정),"추정(상호만 일치, 주소 불일치)",(주)카디오헬스(CardiohealthCo .Ltd.),0.0,24.0,111813,법인,등록,의료용 기구 소매업,2015-04-01,,24.0,8730920.0,0.0,0.0,404.0,10.4,True,통과,,,,NPS 적용일(하한),10.4,통과
117,8185,주식회사 제이앤피메디,주식회사,정**,벤처투자유형,재확인,2024-04-28,2027-04-27,인천,수도권,연수구,인천광역시 연수구,정보처리S/W,응용 소프트웨어 개발 및 공급업,임상시험 데이터 수집 및 분석 소프트웨어,ICT·AI·SW,응용SW·플랫폼,핵심,업종직접,비상장,A(고유),투자유치 후 성장(추정),확실(VC 등 5천만원↑ 투자 요건),미확인,1(핵심·재확인),,2020.0,5.1,,,,,,,,,,,,최종(확정),확정(상호+시군구),주식회사제이앤피메디,0.0,131.0,258860,법인,등록,응용 소프트웨어 개발 및 공급업,2020-12-01,,131.0,52852640.0,6.0,3.0,448.0,4.7,True,통과,2588601830,1201111086645.0,20200715.0,DART 설립일,5.1,통과
118,20621,주식회사 디하이브,주식회사,김**,벤처투자유형,재확인,2025-01-05,2028-01-04,대전,충청권,유성구,대전광역시 유성구,정보처리S/W,응용 소프트웨어 개발 및 공급업,로봇 구독,ICT·AI·SW,응용SW·플랫폼,핵심,업종직접,비상장,A(고유),투자유치 후 성장(추정),확실(VC 등 5천만원↑ 투자 요건),미확인,1(핵심·재확인),,,,,,,,,,,,,,,최종(확정),확정(상호+시군구),주식회사디하이브(DHiveCorp.),0.0,10.0,842860,법인,등록,응용 소프트웨어 개발 및 공급업,2019-07-08,,10.0,4206760.0,1.0,3.0,467.0,6.1,True,통과,,,,NPS 적용일(하한),6.1,통과
119,34516,주식회사 1인치,주식회사,김**,벤처투자유형,재확인,2025-12-07,2028-12-06,서울,수도권,강남구,서울특별시 강남구,정보처리S/W,응용 소프트웨어 개발 및 공급업,모바일 애플리케이션(플랫폼 서비스),ICT·AI·SW,응용SW·플랫폼,핵심,업종직접,비상장,A(고유),투자유치 후 성장(추정),확실(VC 등 5천만원↑ 투자 요건),미확인,1(핵심·재확인),,,,,,,,,,,,,,,최종(확정),확정(상호+시군구),주식회사1인치,0.0,10.0,683880,법인,등록,전자상거래 소매 중개업,2021-09-01,,10.0,3596060.0,0.0,1.0,400.0,4.0,True,통과,,,,NPS 적용일(하한),4.0,통과
120,31815,주식회사 온더라이브,주식회사,양**,벤처투자유형,재확인,2025-11-05,2028-11-04,서울,수도권,송파구,서울특별시 송파구,정보처리S/W,응용 소프트웨어 개발 및 공급업,비대면교육솔루션,ICT·AI·SW,응용SW·플랫폼,핵심,업종직접,비상장,A(고유),투자유치 후 성장(추정),확실(VC 등 5천만원↑ 투자 요건),미확인,1(핵심·재확인),,,,,,,,,,,,,,,최종(확정),확정(상호+시군구),주식회사온더라이브,0.0,14.0,731810,법인,등록,응용 소프트웨어 개발 및 공급업,2020-09-14,,14.0,4833160.0,0.0,11.0,384.0,5.0,True,통과,,,,NPS 적용일(하한),5.0,통과
121,35166,주식회사 유니드컴즈,주식회사,"양**,전**",벤처투자유형,재확인,2026-01-20,2029-01-19,서울,수도권,마포구,서울특별시 마포구,정보처리S/W,응용 소프트웨어 개발 및 공급업,"킵그로우,킵그로우에이전시(구,타겟북)",ICT·AI·SW,응용SW·플랫폼,핵심,업종직접,비상장,A(고유),투자유치 후 성장(추정),확실(VC 등 5천만원↑ 투자 요건),미확인,1(핵심·재확인),,,,,,,,,,,,,,,최종(확정),확정(상호+시군구),(주)유니드컴즈,0.0,45.0,220889,법인,등록,응용 소프트웨어 개발 및 공급업,2015-01-01,,45.0,15285200.0,1.0,1.0,377.0,10.7,True,통과,,,,NPS 적용일(하한),10.7,통과
122,33706,주식회사 슬래시비슬래시,주식회사,정**,벤처투자유형,재확인,2025-11-19,2028-11-18,부산,동남권,해운대구,부산 해운대구,제조업,그 외 기타 달리 분류되지 않은 제품 제조업,"스마트폰 액세서리,패션제품 제조,도소매,전자상거래/플랫폼,소프트웨어 개발",ICT·AI·SW,응용SW·플랫폼,핵심,업종조건부+키워드:SW,비상장,A(고유),투자유치 후 성장(추정),확실(VC 등 5천만원↑ 투자 요건),미확인,1(핵심·재확인),,2020.0,5.1,,,,,,,,,,,,최종(확정),확정(상호+시군구),주식회사슬래시비슬래시,0.0,49.0,893880,법인,등록,그 외 기타 분류 안된 상품 전문 소매업,2021-01-01,,49.0,14419880.0,8.0,3.0,327.0,4.7,True,통과,8938801559,1801111306190.0,20200724.0,DART 설립일,5.1,통과
123,31414,주식회사 이롬넷,주식회사,민**,벤처투자유형,재확인,2025-10-24,2028-10-23,서울,수도권,강남구,서울특별시 강남구,기타,그 외 기타 분류 안된 금융업,글로벌 전자결제서비스,ICT·AI·SW,핀테크,핵심,업종조건부+키워드:FINTECH/AI/SW,비상장,A(고유),투자유치 후 성장(추정),확실(VC 등 5천만원↑ 투자 요건),미확인,1(핵심·재확인),,2016.0,9.1,,,,,,,,,,,,최종(확정),확정(상호+시군구),주식회사이롬넷,0.0,49.0,271880,법인,등록,그 외 기타 금융 지원 서비스업,2016-07-26,,49.0,16952380.0,3.0,3.0,384.0,9.1,True,통과,2718800518,1101116131918.0,20160726.0,DART 설립일,9.1,통과
124,31077,주식회사 한국디지털에셋,주식회사,조**,벤처투자유형,신규,2025-09-09,2028-09-08,서울,수도권,강남구,서울특별시 강남구,기타,그 외 기타 금융 지원 서비스업,디지털자산 수탁 및 관리업,ICT·AI·SW,핀테크,핵심,업종조건부+키워드:FINTECH/AI/SW,비상장,A(고유),투자유치 초기(추정),확실(VC 등 5천만원↑ 투자 요건),미확인,2(핵심·신규·투자/R&D확인),,,,,,,,,,,,,,,최종(확정),확정(상호+시군구),주식회사한국디지털에셋,0.0,12.0,618813,법인,등록,그 외 기타 분류 안된 전문  과학 및 기술 서비스업,2021-02-08,,12.0,5651320.0,0.0,1.0,523.0,4.6,True,통과,,,,NPS 적용일(하한),4.6,통과
125,18137,㈜에잇퍼센트,주식회사,이**,벤처투자유형,재확인,2024-12-21,2027-12-20,서울,수도권,영등포구,서울특별시 영등포구,정보처리S/W,응용 소프트웨어 개발 및 공급업, P2P금융 플랫폼,ICT·AI·SW,핀테크,핵심,업종직접,비상장,A(고유),투자유치 후 성장(추정),확실(VC 등 5천만원↑ 투자 요건),미확인,1(핵심·재확인),,2014.0,10.8,,,,,,,,,,,,최종(확정),확정(상호+시군구),주식회사 에잇퍼센트,0.0,63.0,220889,법인,등록,그 외 기타 분류 안된 전문  과학 및 기술 서비스업,2015-03-19,,63.0,27184380.0,1.0,1.0,479.0,10.5,True,통과,2208892058,1101115562601.0,20141113.0,DART 설립일,10.8,통과
126,13567,주식회사 빅웨이브에이아이,주식회사,이**,연구개발유형,재확인,2024-09-15,2027-09-14,대구,대경권,달서구,대구광역시 달서구,정보처리S/W,응용 소프트웨어 개발 및 공급업,빅데이터 및 딥러닝 활용 분석 서비스 및 시스템 개발,ICT·AI·SW,AI·데이터,핵심,업종직접,비상장,A(고유),R&D 중심(추정),미확인,확실(기업부설연구소·R&D비 요건),1(핵심·재확인),,,,,,,,,,,,,,,최종(확정),확정(상호+시군구),주식회사빅웨이브에이아이,0.0,14.0,851880,법인,등록,응용 소프트웨어 개발 및 공급업,2020-07-13,,14.0,4115280.0,0.0,0.0,327.0,5.1,True,통과,,,,NPS 적용일(하한),5.1,통과
127,10603,주식회사 화이트스캔,주식회사,안**,연구개발유형,재확인,2024-07-24,2027-07-23,서울,수도권,용산구,서울특별시 용산구,정보처리S/W,시스템 소프트웨어 개발 및 공급업,AI/빅데이터플랫폼,ICT·AI·SW,AI·데이터,핵심,업종직접,비상장,A(고유),R&D 중심(추정),미확인,확실(기업부설연구소·R&D비 요건),1(핵심·재확인),,,,,,,,,,,,,,,최종(확정),확정(상호+시군구),주식회사 화이트스캔,0.0,16.0,693860,법인,등록,응용 소프트웨어 개발 및 공급업,2017-07-01,,16.0,4241220.0,0.0,4.0,295.0,8.2,True,통과,,,,NPS 적용일(하한),8.2,통과
128,22,㈜퍼블릭에이아이,주식회사,김**,연구개발유형,재확인,2023-07-19,2026-07-18,서울,수도권,서초구,서울특별시 서초구,기타,기타 전문 서비스업,"AI 교육 콘텐츠, AI 솔루션",ICT·AI·SW,AI·데이터,핵심,업종조건부+키워드:AI,비상장,A(고유),R&D 중심(추정),미확인,확실(기업부설연구소·R&D비 요건),1(핵심·재확인),,,,,,,,,,,,,,,최종(확정),확정(상호+시군구),(주)퍼블릭에이아이,0.0,26.0,724810,법인,등록,그 외 기타 분류 안된 전문  과학 및 기술 서비스업,2019-05-01,,26.0,7608840.0,1.0,1.0,325.0,6.3,True,통과,,,,NPS 적용일(하한),6.3,통과
129,51,주식회사 인실리콕스,주식회사,정**,연구개발유형,신규,2023-05-31,2026-05-30,서울,수도권,강남구,서울특별시 강남구,정보처리S/W,컴퓨터 프로그래밍 서비스업,"전문, 과학 및 기술 서비스업, 교육 서비스업",ICT·AI·SW,IT서비스·SI,핵심,업종직접,비상장,A(고유),R&D 중심(추정),미확인,확실(기업부설연구소·R&D비 요건),2(핵심·신규·투자/R&D확인),,,,,,,,,,,,,,,최종(확정),확정(상호+시군구),주식회사 인실리콕스,0.0,24.0,261880,법인,등록,응용 소프트웨어 개발 및 공급업,2019-11-01,,24.0,7353040.0,0.0,0.0,340.0,5.8,True,통과,,,,NPS 적용일(하한),5.8,통과
130,26704,(주)알에스팀,주식회사,유**,연구개발유형,재확인,2025-06-15,2028-06-14,대전,충청권,중구,대전광역시 중구,정보처리S/W,컴퓨터시스템 통합 자문 및 구축 서비스업,"소프트웨어, 컨트롤보드",ICT·AI·SW,IT서비스·SI,핵심,업종직접,비상장,A(고유),R&D 중심(추정),미확인,확실(기업부설연구소·R&D비 요건),1(핵심·재확인),,,,,,,,,,,,,,,최종(확정),확정(상호+시군구),주식회사알에스팀(RSTeamCo. Ltd.),0.0,18.0,672860,법인,등록,응용 소프트웨어 개발 및 공급업,2017-12-01,,18.0,4856260.0,3.0,0.0,300.0,7.7,True,통과,,,,NPS 적용일(하한),7.7,통과
131,25701,주식회사 웹비즈크리에이티브,주식회사,송**,연구개발유형,재확인,2025-06-04,2028-06-03,서울,수도권,송파구,서울특별시 송파구,정보처리S/W,컴퓨터 프로그래밍 서비스업,웹/앱 소프트웨어 개발 및 디자인,ICT·AI·SW,IT서비스·SI,핵심,업종직접,비상장,A(고유),R&D 중심(추정),미확인,확실(기업부설연구소·R&D비 요건),1(핵심·재확인),,,,,,,,,,,,,,,최종(확정),확정(상호+시군구),주식회사웹비즈크리에이티브,0.0,11.0,484860,법인,등록,응용 소프트웨어 개발 및 공급업,2017-01-01,,11.0,2467300.0,0.0,0.0,249.0,8.7,True,통과,,,,NPS 적용일(하한),8.7,통과
132,1526,주식회사 소이정,주식회사,이**,연구개발유형,재확인,2024-09-03,2027-09-02,경기,수도권,수원시,경기도 수원시,정보처리S/W,컴퓨터시스템 통합 자문 및 구축 서비스업,소프트웨어 개발 및 공급,ICT·AI·SW,IT서비스·SI,핵심,업종직접,비상장,A(고유),R&D 중심(추정),미확인,확실(기업부설연구소·R&D비 요건),1(핵심·재확인),,,,,,,,,,,,,,,최종(확정),확정(상호+시군구),주식회사소이정,0.0,16.0,860870,법인,등록,응용 소프트웨어 개발 및 공급업,2017-06-01,,16.0,5330360.0,0.0,0.0,370.0,8.2,True,통과,,,,NPS 적용일(하한),8.2,통과
133,14551,오픈버스주식회사,주식회사,강**,연구개발유형,재확인,2024-12-03,2027-12-02,서울,수도권,노원구,서울특별시 노원구,정보처리S/W,응용 소프트웨어 개발 및 공급업,정보시스템 구축IoT,ICT·AI·SW,IoT·스마트시티,핵심,업종직접,비상장,A(고유),R&D 중심(추정),미확인,확실(기업부설연구소·R&D비 요건),1(핵심·재확인),,,,,,,,,,,,,,,최종(확정),확정(상호+시군구),오픈버스주식회사,0.0,15.0,220887,법인,등록,BIZ_NO미존재사업장,2014-02-01,,15.0,4320900.0,0.0,1.0,320.0,11.6,True,통과,,,,NPS 적용일(하한),11.6,통과
134,39222,주식회사 지오앤,주식회사,권**,연구개발유형,재확인,2026-04-19,2029-04-18,강원,강원권,횡성군,강원도 횡성군,정보처리S/W,자료 처리업,공간정보데이터,ICT·AI·SW,공간정보·GIS,핵심,업종직접,비상장,A(고유),R&D 중심(추정),미확인,확실(기업부설연구소·R&D비 요건),1(핵심·재확인),,,,,,,,,,,,,,,최종(확정),확정(상호+시군구),주식회사지오앤,0.0,58.0,474880,법인,등록,자료 처리업,2017-08-03,,58.0,18947080.0,1.0,2.0,363.0,8.1,True,통과,,,,NPS 적용일(하한),8.1,통과
135,9912,주식회사 대한측량기술,주식회사,배**,연구개발유형,재확인,2024-06-02,2027-06-01,경기,수도권,양주시,경기도 양주시,기타,"그 외 기타 분류 안된 전문, 과학 및 기술 서비스업",공간정보DB구축서비스,ICT·AI·SW,공간정보·GIS,핵심,업종조건부+키워드:SPACE,비상장,A(고유),R&D 중심(추정),미확인,확실(기업부설연구소·R&D비 요건),1(핵심·재확인),,,,,,,,,,,,,,,최종(확정),확정(상호+시군구),주식회사대한측량기술,0.0,19.0,395880,법인,등록,측량업,2020-07-01,,19.0,5416280.0,0.0,0.0,317.0,5.2,True,통과,,,,NPS 적용일(하한),5.2,통과
136,38399,주식회사 에드업,주식회사,강**,연구개발유형,재확인,2026-03-02,2029-03-01,광주,호남권,동구,광주광역시 동구,정보처리S/W,그 외 기타 정보 서비스업,온라인 및 모바일게임 서비스,ICT·AI·SW,데이터·정보서비스,핵심,업종직접,비상장,A(고유),R&D 중심(추정),미확인,확실(기업부설연구소·R&D비 요건),1(핵심·재확인),,,,,,,,,,,,,,,최종(확정),확정(상호+시군구),주식회사 에드업,0.0,20.0,571880,법인,등록,응용 소프트웨어 개발 및 공급업,2018-12-24,,20.0,4366520.0,2.0,1.0,243.0,6.7,True,통과,,,,NPS 적용일(하한),6.7,통과
138,9165,주식회사 셈틀컴퍼니,주식회사,이**,연구개발유형,신규,2024-06-04,2027-06-03,경기,수도권,의정부시,경기도 의정부시,정보처리S/W,시스템 소프트웨어 개발 및 공급업,주문형 소프트웨어 개발,ICT·AI·SW,시스템SW·인프라,핵심,업종직접,비상장,A(고유),R&D 중심(추정),미확인,확실(기업부설연구소·R&D비 요건),2(핵심·신규·투자/R&D확인),,,,,,,,,,,,,,,최종(확정),확정(상호+시군구),주식회사셈틀컴퍼니,0.0,15.0,280870,법인,등록,컴퓨터 시스템 통합 자문 및 구축 서비스업,2018-05-01,,15.0,3504080.0,0.0,0.0,260.0,7.3,True,통과,,,,NPS 적용일(하한),7.3,통과
139,5281,맑은샘파트너스(주),주식회사,구**,연구개발유형,재확인,2024-03-17,2027-03-16,경남,동남권,양산시,경상남도 양산시,정보처리S/W,시스템 소프트웨어 개발 및 공급업,한방산업시스템소프트웨어,ICT·AI·SW,시스템SW·인프라,핵심,업종직접,비상장,A(고유),R&D 중심(추정),미확인,확실(기업부설연구소·R&D비 요건),1(핵심·재확인),,,,,,,,,,,,,,,최종(확정),확정(상호+시군구),맑은샘파트너스주식회사,0.0,15.0,621861,법인,등록,BIZ_NO미존재사업장,2014-09-18,,15.0,5313880.0,1.0,2.0,394.0,11.0,True,통과,,,,NPS 적용일(하한),11.0,통과
140,21682,주식회사 비버웍스 (Beaver Works Icn.),주식회사,김**,연구개발유형,재확인,2025-03-16,2028-03-15,서울,수도권,강남구,서울특별시 강남구,정보처리S/W,시스템 소프트웨어 개발 및 공급업,소프트웨어 개발 및 공급,ICT·AI·SW,시스템SW·인프라,핵심,업종직접,비상장,A(고유),R&D 중심(추정),미확인,확실(기업부설연구소·R&D비 요건),1(핵심·재확인),,2017.0,8.4,,,,,,,,,,,,최종(확정),확정(상호+시군구),주식회사 비버웍스,0.0,138.0,471870,법인,등록,응용 소프트웨어 개발 및 공급업,2017-09-02,,138.0,48438480.0,4.0,7.0,390.0,8.0,True,통과,4718700751,1101116380995.0,20170425.0,DART 설립일,8.4,통과
141,7800,(주)엔지아이,주식회사,방**,혁신성장유형,신규,2024-04-29,2027-04-28,전북,호남권,전주시,전북특별자치도 전주시,정보처리S/W,컴퓨터시스템 통합 자문 및 구축 서비스업,"시스템 통합(SI, NI), 클라우드 전환, 시스템 개발(모바일 행정알리미, 데이터허브, 인공지능, 스마트시티 서비스 등), 기록물관리, 통합유지보수",ICT·AI·SW,AI·데이터,핵심,업종직접,비상장,A(고유),초기(추정),미확인,가능(기술성 평가 통과),3(핵심·신규·혁신성장),,,,,,,,,,,,,,,최종(확정),확정(상호+시군구),(주)엔지아이,0.0,17.0,496870,법인,등록,컴퓨터 및 주변장치  소프트웨어 도매업,2021-06-28,,17.0,4734400.0,2.0,2.0,309.0,4.2,True,통과,,,,NPS 적용일(하한),4.2,통과
142,1553,주식회사 데이터메티카,주식회사,c**,혁신성장유형,신규,2024-09-04,2027-09-03,경기,수도권,성남시,경기도 성남시,정보처리S/W,시스템 소프트웨어 개발 및 공급업,"인공지능 학습데이터 수집, 가공 및 분석",ICT·AI·SW,AI·데이터,핵심,업종직접,비상장,A(고유),초기(추정),미확인,가능(기술성 평가 통과),3(핵심·신규·혁신성장),,,,,,,,,,,,,,,최종(확정),확정(상호+시군구),주식회사데이터메티카,0.0,11.0,666870,법인,등록,응용 소프트웨어 개발 및 공급업,2021-09-01,,11.0,2963400.0,4.0,2.0,299.0,4.0,True,통과,,,,NPS 적용일(하한),4.0,통과
143,23859,(주)지아이랩,주식회사,김**,혁신성장유형,재확인,2025-05-18,2028-05-17,광주,호남권,북구,광주 북구,정보처리S/W,응용 소프트웨어 개발 및 공급업,"인공지능,소프트웨어,엣지컴퓨터,빅데이터,가상화,클라우드,사물인터넷솔루션 개발,공급/컴퓨터하드웨어 제조/공학 연구개발",ICT·AI·SW,AI·데이터,핵심,업종직접,비상장,A(고유),성장·안정(추정),미확인,가능(기술성 평가 통과),1(핵심·재확인),,,,,,,,,,,,,,,최종(확정),확정(상호+시군구),주식회사 지아이랩,0.0,14.0,595810,법인,등록,응용 소프트웨어 개발 및 공급업,2020-11-01,,14.0,3496760.0,4.0,0.0,278.0,4.8,True,통과,,,,NPS 적용일(하한),4.8,통과
144,1220,주식회사 와이티아이엔에스,주식회사,염**,혁신성장유형,신규,2023-09-20,2026-09-19,경기,수도권,성남시,경기도 성남시,정보처리S/W,컴퓨터 프로그래밍 서비스업,프로그램 및 정보기술 서비스,ICT·AI·SW,IT서비스·SI,핵심,업종직접,비상장,A(고유),초기(추정),미확인,가능(기술성 평가 통과),3(핵심·신규·혁신성장),,,,,,,,,,,,,,,최종(확정),확정(상호+시군구),주식회사와이티아이엔에스,0.0,30.0,251870,법인,등록,응용 소프트웨어 개발 및 공급업,2020-11-25,,30.0,9850420.0,0.0,1.0,365.0,4.8,True,통과,,,,NPS 적용일(하한),4.8,통과
145,31115,디케이소프트 주식회사,주식회사,이**,혁신성장유형,재확인,2025-10-18,2028-10-17,부산,동남권,기장군,부산광역시 기장군,정보처리S/W,컴퓨터 프로그래밍 서비스업,조선및해양플랜트설계SW 판매및 개발,ICT·AI·SW,IT서비스·SI,핵심,업종직접,비상장,A(고유),성장·안정(추정),미확인,가능(기술성 평가 통과),1(핵심·재확인),,,,,,,,,,,,,,,최종(확정),확정(상호+시군구),디케이소프트주식회사,0.0,17.0,660810,법인,등록,응용 소프트웨어 개발 및 공급업,2015-05-01,,17.0,5539780.0,0.0,0.0,362.0,10.3,True,통과,,,,NPS 적용일(하한),10.3,통과
146,16996,가온플랫폼 주식회사,주식회사,조**,혁신성장유형,재확인,2024-12-04,2027-12-03,대전,충청권,유성구,대전광역시 유성구,정보처리S/W,시스템 소프트웨어 개발 및 공급업,IoT 융합 지능형 영상분석 플랫폼,ICT·AI·SW,IoT·스마트시티,핵심,업종직접,비상장,A(고유),성장·안정(추정),미확인,가능(기술성 평가 통과),1(핵심·재확인),,2019.0,6.5,,,,,,,,,,,,최종(확정),확정(상호+시군구),가온플랫폼주식회사,0.0,45.0,428880,법인,등록,응용 소프트웨어 개발 및 공급업,2019-03-08,,45.0,15968160.0,2.0,0.0,394.0,6.5,True,통과,4288801258,1601110509111.0,20190308.0,DART 설립일,6.5,통과
147,17336,주식회사 에이엑스알,주식회사,이**,혁신성장유형,신규,2024-12-18,2027-12-17,서울,수도권,강남구,서울특별시 강남구,정보처리S/W,데이터베이스 및 온라인정보 제공업,기술서비스,ICT·AI·SW,데이터·정보서비스,핵심,업종직접,비상장,A(고유),초기(추정),미확인,가능(기술성 평가 통과),3(핵심·신규·혁신성장),,,,,,,,,,,,,,,최종(확정),확정(상호+시군구),주식회사에이엑스알(AXR),0.0,17.0,665880,법인,등록,전자상거래 소매업,2021-01-29,,17.0,5167460.0,2.0,0.0,338.0,4.6,True,통과,,,,NPS 적용일(하한),4.6,통과
148,35345,주식회사 스토리튠즈,주식회사,권**,혁신성장유형,재확인,2025-11-16,2028-11-15,서울,수도권,성동구,서울특별시 성동구,정보처리S/W,그 외 기타 정보 서비스업,웹소설 IP 컨텐츠,ICT·AI·SW,데이터·정보서비스,핵심,업종직접,비상장,A(고유),성장·안정(추정),미확인,가능(기술성 평가 통과),1(핵심·재확인),,,,,,,,,,,,,,,최종(확정),확정(상호+시군구),주식회사스토리튠즈,0.0,15.0,831860,법인,등록,일반 서적 출판업,2020-01-01,,15.0,3139660.0,1.0,0.0,233.0,5.7,True,통과,,,,NPS 적용일(하한),5.7,통과
149,13430,주식회사 뉴로나인,주식회사,이**,혁신성장유형,재확인,2024-10-06,2027-10-05,강원,강원권,춘천시,강원특별자치도 춘천시,정보처리S/W,그 외 기타 정보 서비스업,치매진단 치매개선훈련 프로그램,ICT·AI·SW,데이터·정보서비스,핵심,업종직접,비상장,A(고유),성장·안정(추정),미확인,가능(기술성 평가 통과),1(핵심·재확인),,,,,,,,,,,,,,,최종(확정),"추정(상호만 일치, 주소 불일치)",주식회사뉴로나인,0.0,12.0,186810,법인,등록,응용 소프트웨어 개발 및 공급업,2020-07-01,,12.0,3129880.0,0.0,0.0,290.0,5.2,True,통과,,,,NPS 적용일(하한),5.2,통과
150,4010,주식회사 아보엠디코리아,주식회사,전**,혁신성장유형,신규,2023-12-06,2026-12-05,서울,수도권,관악구,서울특별시 관악구,정보처리S/W,시스템 소프트웨어 개발 및 공급업,노코드플랫폼,ICT·AI·SW,시스템SW·인프라,핵심,업종직접,비상장,A(고유),초기(추정),미확인,가능(기술성 평가 통과),3(핵심·신규·혁신성장),,,,,,,,,,,,,,,최종(확정),확정(상호+시군구),주식회사아보엠디코리아(AvomdKorea Inc.),0.0,14.0,347810,법인,등록,응용 소프트웨어 개발 및 공급업,2021-06-01,,14.0,6259100.0,0.0,1.0,497.0,4.2,True,통과,,,,NPS 적용일(하한),4.2,통과
151,35053,주식회사 파블로항공,주식회사,"김**,이**,이**",벤처투자유형,재확인,2026-01-09,2029-01-08,인천,수도권,연수구,인천광역시 연수구,제조업,무인 항공기 및 무인 비행장치 제조업,드론 H/W 및 S/W,로봇·모빌리티·첨단제조,드론,핵심,업종직접,비상장,A(고유),투자유치 후 성장(추정),확실(VC 등 5천만원↑ 투자 요건),미확인,1(핵심·재확인),,2018.0,7.1,,,,,,,,,,,,최종(확정),확정(상호+시군구),(주)파블로항공,0.0,135.0,388810,법인,등록,항공기용 부품 제조업,2018-09-01,,135.0,49007400.0,3.0,3.0,403.0,7.0,True,통과,3888101209,1201110950833.0,20180802.0,DART 설립일,7.1,통과
251,31485,주식회사 아르고스다인,주식회사,정**,벤처투자유형,재확인,2025-10-24,2028-10-23,경기,수도권,용인시,경기도 용인시,제조업,무인 항공기 및 무인 비행장치 제조업,"드론 제조,판매/농업,임업용기계,가공공작기계,산업용로봇,충전기기 제조/무형재산권 임대/컴퓨터시스템통합 자문,구축/소프트웨어 개발,공급",로봇·모빌리티·첨단제조,드론,핵심,업종직접,비상장,A(고유),투자유치 후 성장(추정),확실(VC 등 5천만원↑ 투자 요건),미확인,1(핵심·재확인),,,,,,,,,,,,,,,최종(확정),확정(상호+시군구),주식회사아르고스다인,0.0,26.0,466860,법인,등록,항공기용 부품 제조업,2018-03-01,,26.0,7425420.0,0.0,1.0,317.0,7.5,True,통과,,,,NPS 적용일(하한),7.5,통과
252,24559,주식회사 아스트로엑스,주식회사,전**,벤처투자유형,재확인,2025-05-15,2028-05-14,인천,수도권,서구,인천광역시 서구,제조업,무인 항공기 및 무인 비행장치 제조업,"무인 항공기(멀티콥터, VTOL, PAV 등)",로봇·모빌리티·첨단제조,드론,핵심,업종직접,비상장,A(고유),투자유치 후 성장(추정),확실(VC 등 5천만원↑ 투자 요건),미확인,1(핵심·재확인),,,,,,,,,,,,,,,최종(확정),확정(상호+시군구),주식회사아스트로엑스,0.0,24.0,702880,법인,등록,유선 통신장비 제조업,2018-02-02,,24.0,7213240.0,5.0,2.0,334.0,7.6,True,통과,,,,NPS 적용일(하한),7.6,통과
253,19562,주식회사 나르마,주식회사,권**,벤처투자유형,재확인,2025-02-19,2028-02-18,대전,충청권,유성구,대전 유성구,제조업,무인 항공기 및 무인 비행장치 제조업,"무인항공기,무인비행장치,측정,시험,제어,정밀기기 제조,도소매/전자상거래/무인항공기,무인비행장치 연구개발/소프트웨어 개발,공급",로봇·모빌리티·첨단제조,드론,핵심,업종직접,비상장,A(고유),투자유치 후 성장(추정),확실(VC 등 5천만원↑ 투자 요건),미확인,1(핵심·재확인),,,,,,,,,,,,,,,최종(확정),확정(상호+시군구),주식회사나르마,0.0,20.0,872810,법인,등록,기타 인문 및 사회과학 연구개발업,2018-10-08,,20.0,6265780.0,0.0,0.0,348.0,6.9,True,통과,,,,NPS 적용일(하한),6.9,통과
254,14614,㈜에이디시스템,주식회사,김**,벤처투자유형,재확인,2024-09-30,2027-09-29,충남,충청권,천안시,충청남도 천안시,제조업,무인 항공기 및 무인 비행장치 제조업,무인비행체 및 드론,로봇·모빌리티·첨단제조,드론,핵심,업종직접,비상장,A(고유),투자유치 후 성장(추정),확실(VC 등 5천만원↑ 투자 요건),미확인,1(핵심·재확인),,,,,,,,,,,,,,,최종(확정),확정(상호+시군구),주식회사에이디시스템,0.0,21.0,787860,법인,등록,항공기용 부품 제조업,2019-06-03,,21.0,5371500.0,2.0,0.0,284.0,6.2,True,통과,,,,NPS 적용일(하한),6.2,통과
255,36849,(주)엠지아이티,주식회사,정**,벤처투자유형,재확인,2025-12-30,2028-12-29,경남,동남권,창원시,경남 창원시,제조업,무인 항공기 및 무인 비행장치 제조업,"무인항공기,부품,보조장치 제조/항공 방제,농업 지원,산림 방제/게임용구,인형,장난감 도소매/학술 연구용역",로봇·모빌리티·첨단제조,드론,핵심,업종직접,비상장,A(고유),투자유치 후 성장(추정),확실(VC 등 5천만원↑ 투자 요건),미확인,1(핵심·재확인),,,,,,,,,,,,,,,최종(확정),확정(상호+시군구),주식회사엠지아이티,0.0,16.0,703860,법인,등록,항공기용 부품 제조업,2016-05-10,,16.0,4715640.0,0.0,0.0,327.0,9.3,True,통과,,,,NPS 적용일(하한),9.3,통과
256,22967,(주)필드로,주식회사,송**,벤처투자유형,재확인,2025-04-13,2028-04-12,세종,충청권,조치원읍,세종 조치원읍,제조업,산업용 로봇 제조업,자율주행 배송로봇 ,로봇·모빌리티·첨단제조,로봇,핵심,업종직접,비상장,A(고유),투자유치 후 성장(추정),확실(VC 등 5천만원↑ 투자 요건),미확인,1(핵심·재확인),,,,,,,,,,,,,,,최종(확정),확정(상호+시군구),(주)필드로,0.0,13.0,802810,법인,등록,산업용 로봇 제조업,2020-11-30,,13.0,4614340.0,0.0,1.0,394.0,4.8,True,통과,,,,NPS 적용일(하한),4.8,통과
257,6893,(주)시스콘로보틱스,주식회사,"최**,김**",벤처투자유형,재확인,2024-04-11,2027-04-10,인천,수도권,서구,인천 서구,제조업,산업용 로봇 제조업,"자동화 설비, 산업용 로봇",로봇·모빌리티·첨단제조,로봇,핵심,업종직접,비상장,A(고유),투자유치 후 성장(추정),확실(VC 등 5천만원↑ 투자 요건),미확인,1(핵심·재확인),,2013.0,11.8,,,,,,,,,,,,최종(확정),"추정(상호만 일치, 주소 불일치)",(주) 시스콘로보틱스,0.0,88.0,215878,법인,등록,BIZ_NO미존재사업장,2013-11-01,,88.0,34523160.0,3.0,4.0,436.0,11.8,True,통과,2158786222,1101115261138.0,20131105.0,DART 설립일,11.8,통과
258,23009,수퍼빈 주식회사,주식회사,김**,벤처투자유형,재확인,2025-04-06,2028-04-05,전북,호남권,순창군,전북특별자치도 순창군,제조업,산업용 로봇 제조업,폐기물 빅데이터 기반 AI재활용 회수 로봇네프론),로봇·모빌리티·첨단제조,로봇,핵심,업종직접,비상장,A(고유),투자유치 후 성장(추정),확실(VC 등 5천만원↑ 투자 요건),미확인,1(핵심·재확인),,2015.0,10.2,,,,,,,,,,,,최종(확정),"추정(상호만 일치, 주소 불일치)",수퍼빈주식회사,0.0,199.0,395810,법인,등록,BIZ_NO미존재사업장,2015-07-07,,199.0,58588120.0,6.0,13.0,327.0,10.2,True,통과,3958100208,1101115770139.0,20150617.0,DART 설립일,10.2,통과
259,31484,(주)케이엠 티엘에스,주식회사,방**,벤처투자유형,재확인,2025-10-20,2028-10-19,충남,충청권,아산시,충청남도 아산시,제조업,산업용 로봇 제조업,산업용 로봇 및 위치센서,로봇·모빌리티·첨단제조,로봇,핵심,업종직접,비상장,A(고유),투자유치 후 성장(추정),확실(VC 등 5천만원↑ 투자 요건),미확인,1(핵심·재확인),,,,,,,,,,,,,,,최종(확정),확정(상호+시군구),(주)케이엠티엘에스,0.0,37.0,408880,법인,등록,반도체 제조용 기계 제조업,2020-03-05,,37.0,10860380.0,3.0,1.0,326.0,5.5,True,통과,,,,NPS 적용일(하한),5.5,통과
260,30967,(주)로보아이,주식회사,김**,벤처투자유형,재확인,2025-09-02,2028-09-01,대구,대경권,수성구,대구광역시 수성구,제조업,산업용 로봇 제조업,"산업용 다목적 자율작업 로봇(AMMR), 배관로봇, 비드제거로봇 등",로봇·모빌리티·첨단제조,로봇,핵심,업종직접,비상장,A(고유),투자유치 후 성장(추정),확실(VC 등 5천만원↑ 투자 요건),미확인,1(핵심·재확인),,,,,,,,,,,,,,,최종(확정),확정(상호+시군구),(주)로보아이,0.0,14.0,873880,법인,등록,산업용 로봇 제조업,2019-03-26,,14.0,3586460.0,3.0,1.0,285.0,6.4,True,통과,,,,NPS 적용일(하한),6.4,통과
262,22458,주식회사 나인랩스,주식회사,박**,벤처투자유형,재확인,2025-03-27,2028-03-26,경북,대경권,구미시,경상북도 구미시,제조업,그 외 기타 특수목적용 기계 제조업,카본3D프린터,로봇·모빌리티·첨단제조,로봇·자동화,핵심,업종조건부+키워드:ROBOT/AI,비상장,A(고유),투자유치 후 성장(추정),확실(VC 등 5천만원↑ 투자 요건),미확인,1(핵심·재확인),,,,,,,,,,,,,,,최종(확정),확정(상호+시군구),주식회사나인랩스,0.0,10.0,880860,법인,등록,컴퓨터 프린터 제조업,2019-09-01,,10.0,2899100.0,0.0,0.0,322.0,6.0,True,통과,,,,NPS 적용일(하한),6.0,통과
263,25875,주식회사 에이로봇,주식회사,엄**,벤처투자유형,재확인,2025-06-26,2028-06-25,경기,수도권,안산시,경기도 안산시,연구개발서비스,기타 공학 연구개발업,로봇콘텐츠 및 로봇연구개발,로봇·모빌리티·첨단제조,로봇·자동화,핵심,업종조건부+키워드:ROBOT,비상장,A(고유),투자유치 후 성장(추정),확실(VC 등 5천만원↑ 투자 요건),미확인,1(핵심·재확인),,,,,,,,,,,,,,,최종(확정),확정(상호+시군구),주식회사에이로봇,0.0,25.0,854880,법인,등록,기타 인문 및 사회과학 연구개발업,2018-05-01,,25.0,7802200.0,1.0,1.0,347.0,7.3,True,통과,,,,NPS 적용일(하한),7.3,통과
264,688,주식회사 세이프틱스,주식회사,신**,벤처투자유형,재확인,2023-05-03,2026-05-02,서울,수도권,강남구,서울특별시 강남구,연구개발서비스,기타 공학 연구개발업,협동로봇 안전평가 소프트웨어,로봇·모빌리티·첨단제조,로봇·자동화,핵심,업종조건부+키워드:ROBOT,비상장,A(고유),투자유치 후 성장(추정),확실(VC 등 5천만원↑ 투자 요건),미확인,1(핵심·재확인),,,,,,,,,,,,,,,최종(확정),확정(상호+시군구),주식회사세이프틱스,0.0,20.0,693870,법인,등록,기타 기술 시험  검사 및 분석업(기술지도사),2020-10-05,,20.0,8098400.0,0.0,0.0,450.0,4.9,True,통과,,,,NPS 적용일(하한),4.9,통과
265,24979,신스타프리젠츠 주식회사,주식회사,"신**,신**",벤처투자유형,재확인,2025-05-26,2028-05-25,서울,수도권,영등포구,서울특별시 영등포구,제조업,그 외 기타 일반목적용 기계 제조업,주방자동화 장비 및 시스템,로봇·모빌리티·첨단제조,로봇·자동화,핵심,업종조건부+키워드:ROBOT/AI,비상장,A(고유),투자유치 후 성장(추정),확실(VC 등 5천만원↑ 투자 요건),미확인,1(핵심·재확인),,,,,,,,,,,,,,,최종(확정),확정(상호+시군구),신스타프리젠츠주식회사(ShinStarrPresentsCorp.),0.0,21.0,780860,법인,등록,그 외 기타 일반 목적용 기계 제조업,2019-11-25,,21.0,8810820.0,0.0,0.0,466.0,5.8,True,통과,,,,NPS 적용일(하한),5.8,통과
266,30246,주식회사 모라이,주식회사,"정**,홍**",벤처투자유형,재확인,2025-09-13,2028-09-12,서울,수도권,강남구,서울특별시 강남구,연구개발서비스,기타 공학 연구개발업,자율주행 시뮬레이션 소프트웨어,로봇·모빌리티·첨단제조,로봇·자동화,핵심,업종조건부+키워드:ROBOT,비상장,A(고유),투자유치 후 성장(추정),확실(VC 등 5천만원↑ 투자 요건),미확인,1(핵심·재확인),,2018.0,7.4,,,,,,,,,,,,최종(확정),확정(상호+시군구),주식회사모라이,0.0,63.0,722880,법인,등록,기타 인문 및 사회과학 연구개발업,2018-08-01,,63.0,26680940.0,0.0,4.0,471.0,7.1,True,통과,7228800734,1601110480535.0,20180410.0,DART 설립일,7.4,통과
267,30814,페리지에어로스페이스 주식회사,주식회사,신**,벤처투자유형,재확인,2025-10-11,2028-10-10,대전,충청권,유성구,대전광역시 유성구,연구개발서비스,기타 공학 연구개발업,초소형우주발사체,로봇·모빌리티·첨단제조,모빌리티,핵심,업종조건부+키워드:MOBILITY,비상장,A(고유),투자유치 후 성장(추정),확실(VC 등 5천만원↑ 투자 요건),미확인,1(핵심·재확인),,2018.0,7.2,,,,,,,,,,,,최종(확정),확정(상호+시군구),페리지에어로스페이스 주식회사,1.0,40.0,178880,법인,등록,항공기용 부품 제조업,2018-07-01,,32.0,14711960.0,0.0,1.0,511.0,7.2,True,통과,1788801182,1601110488696.0,20180629.0,DART 설립일,7.2,통과
268,5575,(주) 휴에버그린팜,주식회사,"전**,전**",벤처투자유형,신규,2024-02-21,2027-02-20,인천,수도권,부평구,인천광역시 부평구,연구개발서비스,자연과학 및 공학 융합 연구개발업,"식물(특용, 희귀, 염생), 수경재배기(스마트팜), 발효가공품, 면역항체 등",로봇·모빌리티·첨단제조,스마트팜·애그테크,핵심,업종조건부+키워드:SMARTFARM,비상장,A(고유),투자유치 초기(추정),확실(VC 등 5천만원↑ 투자 요건),미확인,2(핵심·신규·투자/R&D확인),,,,,,,,,,,,,,,최종(확정),확정(상호+시군구),(주)휴에버그린팜,0.0,10.0,888810,법인,등록,농림수산학 및 수의학 연구개발업,2021-06-02,,10.0,1485240.0,0.0,0.0,165.0,4.2,True,통과,,,,NPS 적용일(하한),4.2,통과
269,23379,주식회사 퓨처이브이,주식회사,김**,벤처투자유형,재확인,2025-05-11,2028-05-10,제주,제주권,제주시,제주특별자치도 제주시,제조업,전기 승용차 및 기타 여객용 전기 자동차 제조업,전기 자동차 제조업(1톤미만),로봇·모빌리티·첨단제조,전기차,핵심,업종직접,비상장,A(고유),투자유치 후 성장(추정),확실(VC 등 5천만원↑ 투자 요건),미확인,1(핵심·재확인),,,,,,,,,,,,,,,최종(확정),확정(상호+시군구),주식회사퓨처이브이,0.0,11.0,519880,법인,등록,화물 자동차 및 특수 목적용 자동차 제조업,2021-04-01,,11.0,3700880.0,1.0,2.0,374.0,4.4,True,통과,,,,NPS 적용일(하한),4.4,통과
270,28811,나노일렉트로닉스 주식회사,주식회사,김**,벤처투자유형,재확인,2025-07-20,2028-07-19,대전,충청권,유성구,대전광역시 유성구,연구개발서비스,기타 공학 연구개발업,나노소재를 이용한 히팅필름,로봇·모빌리티·첨단제조,첨단소재,핵심,업종조건부+키워드:MATERIAL,비상장,A(고유),투자유치 후 성장(추정),확실(VC 등 5천만원↑ 투자 요건),미확인,1(핵심·재확인),,,,,,,,,,,,,,,최종(확정),확정(상호+시군구),나노일렉트로닉스주식회사,0.0,16.0,449870,법인,등록,전자상거래 소매업,2020-03-01,,16.0,6429320.0,0.0,1.0,446.0,5.5,True,통과,,,,NPS 적용일(하한),5.5,통과
271,15040,㈜에스플러스컴텍,주식회사,신**,벤처투자유형,재확인,2024-11-09,2027-11-08,서울,수도권,금천구,서울특별시 금천구,제조업,그 외 기타 플라스틱 제품 제조업,복합소재 기어 와이어 및 제품,로봇·모빌리티·첨단제조,첨단소재,핵심,업종조건부+키워드:MATERIAL,비상장,A(고유),투자유치 후 성장(추정),확실(VC 등 5천만원↑ 투자 요건),미확인,1(핵심·재확인),,,,,,,,,,,,,,,최종(확정),확정(상호+시군구),주식회사에스플러스컴텍(SPLUSCOMTECHCO. LTD),0.0,10.0,195870,법인,등록,신문용지 제조업,2017-03-01,,10.0,3264260.0,0.0,2.0,363.0,8.5,True,통과,,,,NPS 적용일(하한),8.5,통과
272,16751,주식회사 아이디케이랩,주식회사,"황**,최**",벤처투자유형,신규,2024-12-04,2027-12-03,대전,충청권,유성구,대전광역시 유성구,기타,"그 외 기타 분류 안된 전문, 과학 및 기술 서비스업",나노섬유 관련 제품 ,로봇·모빌리티·첨단제조,첨단소재,핵심,업종조건부+키워드:MATERIAL,비상장,A(고유),투자유치 초기(추정),확실(VC 등 5천만원↑ 투자 요건),미확인,2(핵심·신규·투자/R&D확인),,,,,,,,,,,,,,,최종(확정),확정(상호+시군구),주식회사 아이디케이랩,0.0,17.0,769810,법인,등록,기타 인문 및 사회과학 연구개발업,2019-11-21,,17.0,5255720.0,0.0,0.0,344.0,5.8,True,통과,,,,NPS 적용일(하한),5.8,통과
273,7454,내일테크놀로지 주식회사,주식회사,김**,벤처투자유형,재확인,2024-05-30,2027-05-29,대전,충청권,유성구,대전광역시 유성구,제조업,기타 기초 무기 화학물질 제조업,질화붕소나노튜브분말,로봇·모빌리티·첨단제조,첨단소재,핵심,업종조건부+키워드:MATERIAL,비상장,A(고유),투자유치 후 성장(추정),확실(VC 등 5천만원↑ 투자 요건),미확인,1(핵심·재확인),,,,,,,,,,,,,,,최종(확정),확정(상호+시군구),내일테크놀로지주식회사,0.0,18.0,493860,법인,등록,BIZ_NO미존재사업장,2015-09-09,,18.0,5630020.0,0.0,1.0,348.0,10.0,True,통과,,,,NPS 적용일(하한),10.0,통과
274,8925,㈜에이엔폴리,주식회사,노**,벤처투자유형,재확인,2024-06-27,2027-06-26,경북,대경권,포항시,경상북도 포항시,기타,"그 외 기타 분류 안된 전문, 과학 및 기술 서비스업","나노셀룰로오스, 나노키틴 등",로봇·모빌리티·첨단제조,첨단소재,핵심,업종조건부+키워드:MATERIAL,비상장,A(고유),투자유치 후 성장(추정),확실(VC 등 5천만원↑ 투자 요건),미확인,1(핵심·재확인),,,,,,,,,,,,,,,최종(확정),확정(상호+시군구),주식회사에이엔폴리,0.0,28.0,764810,법인,등록,기타 인문 및 사회과학 연구개발업,2017-02-01,,28.0,10282300.0,0.0,0.0,408.0,8.6,True,통과,,,,NPS 적용일(하한),8.6,통과
275,6324,주식회사 씨엠원,주식회사,장**,벤처투자유형,재확인,2024-04-25,2027-04-24,울산,동남권,울주군,울산광역시 울주군,제조업,그 외 기타 분류 안된 화학제품 제조업,전자재료 소재,로봇·모빌리티·첨단제조,첨단소재,핵심,업종조건부+키워드:MATERIAL,비상장,A(고유),투자유치 후 성장(추정),확실(VC 등 5천만원↑ 투자 요건),미확인,1(핵심·재확인),,2018.0,7.0,,,,,,,,,,,,최종(확정),확정(상호+시군구),(주)씨엠원,0.0,43.0,260880,법인,등록,배전반 및 전기 자동제어반 제조업,2018-11-01,,43.0,15584680.0,4.0,1.0,403.0,6.8,True,통과,2608801098,2301110299303.0,20180906.0,DART 설립일,7.0,통과
276,23470,주식회사 위즈윙,주식회사,곽**,연구개발유형,재확인,2025-03-26,2028-03-25,인천,수도권,연수구,인천광역시 연수구,제조업,무인 항공기 및 무인 비행장치 제조업,"교육용드론, 산업용드론",로봇·모빌리티·첨단제조,드론,핵심,업종직접,비상장,A(고유),R&D 중심(추정),미확인,확실(기업부설연구소·R&D비 요건),1(핵심·재확인),,,,,,,,,,,,,,,최종(확정),확정(상호+시군구),주식회사위즈윙,0.0,14.0,171870,법인,등록,그 외 기타 전기장비 제조업,2017-02-01,,14.0,4798460.0,0.0,0.0,381.0,8.6,True,통과,,,,NPS 적용일(하한),8.6,통과
277,26204,주식회사 다온아이앤씨,주식회사,양**,연구개발유형,재확인,2025-06-22,2028-06-21,경기,수도권,광명시,경기 광명시,제조업,무인 항공기 및 무인 비행장치 제조업,무인항공기(드론),로봇·모빌리티·첨단제조,드론,핵심,업종직접,비상장,A(고유),R&D 중심(추정),미확인,확실(기업부설연구소·R&D비 요건),1(핵심·재확인),,2015.0,9.7,,,,,,,,,,,,최종(확정),확정(상호+시군구),주식회사 다온아이앤씨,0.0,55.0,480810,법인,등록,전자상거래 소매업,2016-01-02,,55.0,20731700.0,0.0,3.0,419.0,9.7,True,통과,4808100296,1942110250845.0,20151221.0,DART 설립일,9.7,통과
278,13638,주식회사 무지개연구소,주식회사,김**,연구개발유형,재확인,2024-09-30,2027-09-29,대구,대경권,수성구,대구광역시 수성구,제조업,무인 항공기 및 무인 비행장치 제조업,자율무인이동체 미션컴퓨터 및 응용솔루션,로봇·모빌리티·첨단제조,드론,핵심,업종직접,비상장,A(고유),R&D 중심(추정),미확인,확실(기업부설연구소·R&D비 요건),1(핵심·재확인),,,,,,,,,,,,,,,최종(확정),확정(상호+시군구),주식회사무지개연구소,0.0,16.0,316880,법인,등록,산업용 로봇 제조업,2016-03-02,,16.0,4733540.0,0.0,0.0,329.0,9.5,True,통과,,,,NPS 적용일(하한),9.5,통과
279,33431,주식회사 주원테크놀러지,주식회사,이**,연구개발유형,재확인,2025-12-08,2028-12-07,경기,수도권,성남시,경기 성남시,제조업,산업용 로봇 제조업,"로봇,로봇부품,자동화장비,자동차부품 제조/로봇,로봇부품 도소매/소프트웨어,연구개발",로봇·모빌리티·첨단제조,로봇,핵심,업종직접,비상장,A(고유),R&D 중심(추정),미확인,확실(기업부설연구소·R&D비 요건),1(핵심·재확인),,,,,,,,,,,,,,,최종(확정),확정(상호+시군구),주식회사주원테크놀러지,0.0,11.0,728860,법인,등록,산업용 로봇 제조업,2015-04-01,,11.0,4815420.0,0.0,0.0,486.0,10.4,True,통과,,,,NPS 적용일(하한),10.4,통과
280,18714,주식회사 토르드라이브,주식회사,"계**,이**",연구개발유형,재확인,2025-01-26,2028-01-25,서울,수도권,영등포구,서울특별시 영등포구,연구개발서비스,전기ㆍ전자공학 연구개발업,자율주행 소프트웨어,로봇·모빌리티·첨단제조,로봇·모빌리티 R&D,핵심,업종조건부+키워드:ROBOT/MOBILITY,비상장,A(고유),R&D 중심(추정),미확인,확실(기업부설연구소·R&D비 요건),1(핵심·재확인),,,,,,,,,,,,,,,최종(확정),확정(상호+시군구),주식회사 토르드라이브,0.0,46.0,687870,법인,등록,컴퓨터 프로그래밍 서비스업,2017-03-02,,46.0,23305580.0,2.0,2.0,563.0,8.5,True,통과,,,,NPS 적용일(하한),8.5,통과
281,38301,주식회사 유일에프엠에스,주식회사,윤**,연구개발유형,재확인,2026-03-03,2029-03-02,대구,대경권,달서구,대구광역시 달서구,제조업,그 외 기타 일반목적용 기계 제조업,라인자동화장비로봇자동화시스템,로봇·모빌리티·첨단제조,로봇·자동화,핵심,업종조건부+키워드:ROBOT/AI,비상장,A(고유),R&D 중심(추정),미확인,확실(기업부설연구소·R&D비 요건),1(핵심·재확인),,,,,,,,,,,,,,,최종(확정),확정(상호+시군구),주식회사유일에프엠에스,0.0,11.0,389880,법인,등록,금속 절삭기계 제조업,2016-07-01,,11.0,3643260.0,0.0,1.0,368.0,9.2,True,통과,,,,NPS 적용일(하한),9.2,통과
282,26779,(주)이노드,주식회사,김**,연구개발유형,재확인,2025-06-02,2028-06-01,전남,호남권,나주시,전남 나주시,기타,기타 엔지니어링 서비스업,"정보 컨설팅,소프트웨어 개발/농업,임업용기계,드론,로봇,부품 제조/무역,전자상거래/창고",로봇·모빌리티·첨단제조,로봇·자동화,핵심,업종조건부+키워드:ROBOT,비상장,A(고유),R&D 중심(추정),미확인,확실(기업부설연구소·R&D비 요건),1(핵심·재확인),,,,,,,,,,,,,,,최종(확정),확정(상호+시군구),주식회사 이노드,0.0,15.0,145860,법인,등록,산업용 로봇 제조업,2018-05-21,,15.0,5390160.0,0.0,1.0,399.0,7.3,True,통과,,,,NPS 적용일(하한),7.3,통과
283,15266,주식회사 에이스이노테크,주식회사,정**,연구개발유형,재확인,2024-10-28,2027-10-27,경북,대경권,구미시,경상북도 구미시,제조업,그 외 기타 특수목적용 기계 제조업,자동화설비 축산설비 Cu Target 제품,로봇·모빌리티·첨단제조,로봇·자동화,핵심,업종조건부+키워드:ROBOT/AI,비상장,A(고유),R&D 중심(추정),미확인,확실(기업부설연구소·R&D비 요건),1(핵심·재확인),,,,,,,,,,,,,,,최종(확정),확정(상호+시군구),주식회사에이스이노테크,0.0,15.0,424860,법인,등록,산업용 로봇 제조업,2015-07-01,,15.0,5031180.0,0.0,0.0,373.0,10.2,True,통과,,,,NPS 적용일(하한),10.2,통과
284,34709,주식회사 스마티,주식회사,"박**,이**",연구개발유형,재확인,2025-12-28,2028-12-27,경기,수도권,성남시,경기도 성남시,연구개발서비스,기타 공학 연구개발업,무인항공기 관제소프트웨어 및 시스템 드론,로봇·모빌리티·첨단제조,로봇·자동화,핵심,업종조건부+키워드:ROBOT,비상장,A(고유),R&D 중심(추정),미확인,확실(기업부설연구소·R&D비 요건),1(핵심·재확인),,,,,,,,,,,,,,,최종(확정),확정(상호+시군구),(주)스마티,0.0,23.0,247880,법인,등록,응용 소프트웨어 개발 및 공급업,2018-01-01,,23.0,7749020.0,1.0,2.0,374.0,7.7,True,통과,,,,NPS 적용일(하한),7.7,통과
285,17828,㈜코아팀즈,주식회사,김**,연구개발유형,재확인,2024-12-02,2027-12-01,충남,충청권,계룡시,충청남도 계룡시,제조업,산업처리공정 제어장비 제조업,제어기 및 안정화장치 개발,로봇·모빌리티·첨단제조,산업자동화,핵심,업종직접,비상장,A(고유),R&D 중심(추정),미확인,확실(기업부설연구소·R&D비 요건),1(핵심·재확인),,,,,,,,,,,,,,,최종(확정),확정(상호+시군구),(주)코아팀즈,0.0,10.0,897870,법인,등록,배전반 및 전기 자동제어반 제조업,2018-08-05,,10.0,3584020.0,0.0,2.0,398.0,7.1,True,통과,,,,NPS 적용일(하한),7.1,통과
286,26011,주식회사 무하기술,주식회사,"오**,강**",연구개발유형,재확인,2025-05-24,2028-05-23,경기,수도권,하남시,경기 하남시,제조업,산업처리공정 제어장비 제조업,산업처리공정 제어설비 외,로봇·모빌리티·첨단제조,산업자동화,핵심,업종직접,비상장,A(고유),R&D 중심(추정),미확인,확실(기업부설연구소·R&D비 요건),1(핵심·재확인),,,,,,,,,,,,,,,최종(확정),확정(상호+시군구),주식회사 무하기술,0.0,10.0,119870,법인,등록,산업 처리공정 제어장비 제조업,2017-08-15,,10.0,3265260.0,1.0,0.0,363.0,8.0,True,통과,,,,NPS 적용일(하한),8.0,통과
287,7406,(주)카텍에이치,주식회사,정**,연구개발유형,재확인,2024-05-24,2027-05-23,경기,수도권,화성시,경기도 화성시,제조업,탄소섬유 제조업,"탄소섬유,리싸이클링",로봇·모빌리티·첨단제조,첨단소재,핵심,업종직접,비상장,A(고유),R&D 중심(추정),미확인,확실(기업부설연구소·R&D비 요건),1(핵심·재확인),,,,,,,,,,,,,,,최종(확정),확정(상호+시군구),(주)카텍에이치,0.0,17.0,591870,법인,등록,합성수지 및 기타 플라스틱 물질 제조업,2017-10-01,,17.0,6222980.0,0.0,0.0,407.0,7.9,True,통과,,,,NPS 적용일(하한),7.9,통과
288,26507,(주)루벤틱스에이디엠,주식회사,정**,연구개발유형,재확인,2025-04-27,2028-04-26,대전,충청권,유성구,대전광역시 유성구,제조업,그 외 기타 분류 안된 화학제품 제조업,광섬유 신소재 3D프린팅용 재료,로봇·모빌리티·첨단제조,첨단소재,핵심,업종조건부+키워드:MATERIAL,비상장,A(고유),R&D 중심(추정),미확인,확실(기업부설연구소·R&D비 요건),1(핵심·재확인),,,,,,,,,,,,,,,최종(확정),확정(상호+시군구),（주）루벤틱스에이디엠,0.0,24.0,314865,법인,등록,기타 절연선 및 케이블 제조업,2013-12-01,,24.0,9338560.0,1.0,0.0,432.0,11.7,True,통과,,,,NPS 적용일(하한),11.7,통과
289,30488,주식회사 넥스트에어로스페이스,주식회사,"김**,서**",연구개발유형,재확인,2025-09-24,2028-09-23,경기,수도권,군포시,경기도 군포시,제조업,"유인 항공기, 항공우주선 및 보조장치 제조업",경량항공기 및 시험장치,로봇·모빌리티·첨단제조,항공우주,핵심,업종직접,비상장,A(고유),R&D 중심(추정),미확인,확실(기업부설연구소·R&D비 요건),1(핵심·재확인),,2019.0,5.7,,,,,,,,,,,,최종(확정),확정(상호+시군구),주식회사 넥스트에어로스페이스,0.0,106.0,541860,법인,등록,물질 검사  측정 및 분석 기구 제조업,2019-12-01,,106.0,37285420.0,5.0,1.0,391.0,5.7,True,통과,5418601426,1358110380196.0,20191201.0,DART 설립일,5.7,통과
290,13311,㈜알에이치포커스,주식회사,"김**,김**",연구개발유형,재확인,2024-09-29,2027-09-28,충북,충청권,청주시,충청북도 청주시,제조업,항공기용 부품 제조업,항공기 부품 판매 및 정비,로봇·모빌리티·첨단제조,항공우주,핵심,업종직접,비상장,A(고유),R&D 중심(추정),미확인,확실(기업부설연구소·R&D비 요건),1(핵심·재확인),,2016.0,9.4,,,,,,,,,,,,최종(확정),확정(상호+시군구),(주)알에이치포커스,0.0,21.0,218860,법인,등록,항공기용 부품 제조업,2016-12-13,,21.0,8704440.0,0.0,2.0,461.0,8.7,True,통과,2188600319,1501110218459.0,20160418.0,DART 설립일,9.4,통과
291,17769,주식회사 자이브솔루션즈,주식회사,윤**,혁신성장유형,신규,2025-03-05,2028-03-04,경기,수도권,화성시,경기도 화성시,제조업,디지털 적층 성형기계 제조업,프린팅 서비스 ,로봇·모빌리티·첨단제조,3D프린팅,핵심,업종직접,비상장,A(고유),초기(추정),미확인,가능(기술성 평가 통과),3(핵심·신규·혁신성장),,,,,,,,,,,,,,,최종(확정),확정(상호+시군구),주식회사자이브솔루션즈,0.0,12.0,208860,법인,등록,디지털 적층 성형기계 제조업,2018-03-15,,12.0,4557800.0,0.0,0.0,422.0,7.5,True,통과,,,,NPS 적용일(하한),7.5,통과
292,28865,(주)프리뉴,주식회사,이**,혁신성장유형,재확인,2025-07-26,2028-07-25,경기,수도권,안산시,경기 안산시,제조업,무인 항공기 및 무인 비행장치 제조업,"드론 제조.도소매,임대/컴퓨터기기,소프트웨어 도소매,전자상거래,통신 판매/정보통신공사/소프트웨어 개발,공급",로봇·모빌리티·첨단제조,드론,핵심,업종직접,비상장,A(고유),성장·안정(추정),미확인,가능(기술성 평가 통과),1(핵심·재확인),,2017.0,8.2,,,,,,,,,,,,최종(확정),확정(상호+시군구),(주)프리뉴,0.0,120.0,464870,법인,등록,항공기용 부품 제조업,2017-06-08,,120.0,44082420.0,2.0,3.0,408.0,8.2,True,통과,4648700700,1101116419554.0,20170602.0,DART 설립일,8.2,통과
293,14019,주식회사 리하이,주식회사,추**,혁신성장유형,재확인,2024-10-06,2027-10-05,경북,대경권,경주시,경북 경주시,제조업,무인 항공기 및 무인 비행장치 제조업,"무인항공기(드론,스테이션),무선통신장비 제조/전자상거래",로봇·모빌리티·첨단제조,드론,핵심,업종직접,비상장,A(고유),성장·안정(추정),미확인,가능(기술성 평가 통과),1(핵심·재확인),,,,,,,,,,,,,,,최종(확정),확정(상호+시군구),주식회사 리하이,0.0,12.0,313813,법인,등록,레이더  항행용 무선 기기 및 측량 기구 제조업,2021-02-01,,12.0,3100380.0,1.0,0.0,287.0,4.6,True,통과,,,,NPS 적용일(하한),4.6,통과
294,24662,주식회사 디시스,주식회사,서**,혁신성장유형,재확인,2025-05-18,2028-05-17,대전,충청권,유성구,대전광역시 유성구,제조업,산업용 로봇 제조업,델타로봇,로봇·모빌리티·첨단제조,로봇,핵심,업종직접,비상장,A(고유),성장·안정(추정),미확인,가능(기술성 평가 통과),1(핵심·재확인),,,,,,,,,,,,,,,최종(확정),확정(상호+시군구),주식회사디시스,0.0,10.0,178870,법인,등록,산업 처리공정 제어장비 제조업,2020-09-07,,10.0,4568120.0,0.0,0.0,508.0,5.0,True,통과,,,,NPS 적용일(하한),5.0,통과
295,21522,코가로보틱스 주식회사,주식회사,"박**,서**",혁신성장유형,재확인,2025-04-06,2028-04-05,서울,수도권,성동구,서울특별시 성동구,제조업,산업용 로봇 제조업,로봇자율주행 시스템,로봇·모빌리티·첨단제조,로봇,핵심,업종직접,비상장,A(고유),성장·안정(추정),미확인,가능(기술성 평가 통과),1(핵심·재확인),,2017.0,8.0,,,,,,,,,,,,최종(확정),확정(상호+시군구),코가로보틱스 주식회사,0.0,61.0,361860,법인,등록,응용 소프트웨어 개발 및 공급업,2019-08-01,,61.0,21713780.0,2.0,1.0,396.0,6.1,True,통과,3618600855,1101116496669.0,20170824.0,DART 설립일,8.0,통과
296,16754,(주)로브로스,주식회사,노**,혁신성장유형,재확인,2024-12-22,2027-12-21,서울,수도권,성동구,서울특별시 성동구,제조업,산업용 로봇 제조업,산업용로봇,로봇·모빌리티·첨단제조,로봇,핵심,업종직접,비상장,A(고유),성장·안정(추정),미확인,가능(기술성 평가 통과),1(핵심·재확인),,,,,,,,,,,,,,,최종(확정),확정(상호+시군구),(주)로브로스,0.0,33.0,655860,법인,등록,산업용 로봇 제조업,2020-09-09,,33.0,8955520.0,1.0,4.0,302.0,5.0,True,통과,,,,NPS 적용일(하한),5.0,통과
297,25309,주식회사 유성에프에이(Yoo Sung FA),주식회사,김**,혁신성장유형,재확인,2025-05-04,2028-05-03,대구,대경권,달서구,대구광역시 달서구,제조업,그 외 기타 특수목적용 기계 제조업,SMT자동화장비,로봇·모빌리티·첨단제조,로봇·자동화,핵심,업종조건부+키워드:ROBOT/AI,비상장,A(고유),성장·안정(추정),미확인,가능(기술성 평가 통과),1(핵심·재확인),,,,,,,,,,,,,,,최종(확정),확정(상호+시군구),주식회사유성에프에이(YooSungFA),0.0,14.0,241880,법인,등록,그 외 기타 특수 목적용 기계 제조업,2021-01-11,,14.0,5431720.0,1.0,0.0,431.0,4.6,True,통과,,,,NPS 적용일(하한),4.6,통과
298,2523,주식회사 협화산업,주식회사,권**,혁신성장유형,재확인,2023-09-06,2026-09-05,경기,수도권,안산시,경기도 안산시,제조업,자동차용 신품 동력전달장치 제조업,전기자동차카트리지,로봇·모빌리티·첨단제조,미래차 부품,핵심,업종조건부+키워드:MOBILITY/ROBOT/AI,비상장,A(고유),성장·안정(추정),미확인,가능(기술성 평가 통과),1(핵심·재확인),,2019.0,5.9,,,,,,,,,,,,최종(확정),확정(상호+시군구),주식회사 협화산업,0.0,39.0,796810,법인,등록,배전반 및 전기 자동제어반 제조업,2019-11-01,,39.0,12850920.0,0.0,4.0,366.0,5.8,True,통과,7968101680,1355110350880.0,20191023.0,DART 설립일,5.9,통과
299,34716,농업회사법인 플랜티팜 주식회사,주식회사,강**,혁신성장유형,재확인,2025-12-28,2028-12-27,경기,수도권,평택시,경기 평택시,"농,어,임,광업","채소, 화훼 및 과실작물 시설 재배업","농산물 재배, 스마트팜 개발 및 시공 등",로봇·모빌리티·첨단제조,스마트팜·애그테크,핵심,업종조건부+키워드:SMARTFARM/AI/SW/ROBOT/IOT,비상장,A(고유),성장·안정(추정),미확인,가능(기술성 평가 통과),1(핵심·재확인),,2020.0,5.2,,,,,,,,,,,,최종(확정),확정(상호+시군구),농업회사법인 플랜티팜 주식회사,0.0,79.0,821860,법인,등록,채소류  서류 및 향신작물류 도매업,2020-06-08,,79.0,23065100.0,5.0,1.0,324.0,5.2,True,통과,8218601720,1313110236038.0,20200608.0,DART 설립일,5.2,통과
300,19403,주식회사 티에프씨,주식회사,박**,혁신성장유형,재확인,2025-02-05,2028-02-04,충북,충청권,음성군,충청북도 음성군,제조업,그 외 기타 분류 안된 화학제품 제조업,정밀화학류,로봇·모빌리티·첨단제조,첨단소재,핵심,업종조건부+키워드:MATERIAL,비상장,A(고유),성장·안정(추정),미확인,가능(기술성 평가 통과),1(핵심·재확인),,,,,,,,,,,,,,,최종(확정),확정(상호+시군구),주식회사티에프씨,0.0,11.0,303817,법인,등록,폴리스티렌 발포 성형제품 제조업,2015-07-01,,11.0,3096680.0,0.0,0.0,313.0,10.2,True,통과,,,,NPS 적용일(하한),10.2,통과
401,17929,주식회사 생활한방연구소,주식회사,김**,벤처투자유형,재확인,2024-12-24,2027-12-23,서울,수도권,강남구,서울 강남구,제조업,건강보조용 액화식품 제조업,"건강보조식품,식품유통전문판매,의약품 연구개발업,경영컨설팅업,광고 대행업",바이오·헬스케어,건강기능식품,핵심,업종직접|핵심승격(주생산품),비상장,A(고유),투자유치 후 성장(추정),확실(VC 등 5천만원↑ 투자 요건),미확인,1(핵심·재확인),,,,,,,,,,,,,,,최종(확정),확정(상호+시군구),주식회사생활한방연구소,0.0,11.0,437860,법인,등록,건강 보조식품 소매업,2019-10-08,,11.0,3042380.0,0.0,0.0,307.0,5.9,True,통과,,,,NPS 적용일(하한),5.9,통과
402,27230,주식회사 이노백,주식회사,한**,벤처투자유형,재확인,2025-07-09,2028-07-08,강원,강원권,춘천시,강원도 춘천시,연구개발서비스,농림수산학 및 수의학 연구개발업,동물백신이노백신),바이오·헬스케어,그린바이오,핵심,업종직접,비상장,A(고유),투자유치 후 성장(추정),확실(VC 등 5천만원↑ 투자 요건),미확인,1(핵심·재확인),,,,,,,,,,,,,,,최종(확정),확정(상호+시군구),주식회사이노백,0.0,16.0,239870,법인,등록,기타 인문 및 사회과학 연구개발업,2016-07-18,,16.0,4527200.0,0.0,0.0,314.0,9.1,True,통과,,,,NPS 적용일(하한),9.1,통과
403,6984,주식회사 굳티셀,주식회사,이**,벤처투자유형,재확인,2024-05-18,2027-05-17,서울,수도권,마포구,서울특별시 마포구,연구개발서비스,의학 및 약학 연구개발업,면역세포치료제 개발,바이오·헬스케어,신약·바이오R&D,핵심,업종직접,비상장,A(고유),투자유치 후 성장(추정),확실(VC 등 5천만원↑ 투자 요건),미확인,1(핵심·재확인),,,,,,,,,,,,,,,최종(확정),확정(상호+시군구),주식회사굳티셀,0.0,16.0,688860,법인,등록,기타 인문 및 사회과학 연구개발업,2016-09-19,,16.0,6220540.0,0.0,1.0,432.0,8.9,True,통과,,,,NPS 적용일(하한),8.9,통과
404,26188,제닉스큐어 주식회사,주식회사,문**,벤처투자유형,재확인,2025-07-07,2028-07-06,전북,호남권,전주시,전북특별자치도 전주시,연구개발서비스,의학 및 약학 연구개발업,신약개발,바이오·헬스케어,신약·바이오R&D,핵심,업종직접,비상장,A(고유),투자유치 후 성장(추정),확실(VC 등 5천만원↑ 투자 요건),미확인,1(핵심·재확인),,,,,,,,,,,,,,,최종(확정),"추정(상호만 일치, 주소 불일치)", 제닉스큐어(주),0.0,18.0,405880,법인,등록,의학 및 약학 연구개발업,2019-11-01,,18.0,7383080.0,0.0,0.0,456.0,5.8,True,통과,,,,NPS 적용일(하한),5.8,통과
405,32099,주식회사 스템온,주식회사,김**,벤처투자유형,재확인,2025-10-16,2028-10-15,경기,수도권,성남시,경기도 성남시,연구개발서비스,의학 및 약학 연구개발업,리프로좀,바이오·헬스케어,신약·바이오R&D,핵심,업종직접,비상장,A(고유),투자유치 후 성장(추정),확실(VC 등 5천만원↑ 투자 요건),미확인,1(핵심·재확인),,,,,,,,,,,,,,,최종(확정),확정(상호+시군구),주식회사스템온,0.0,17.0,421810,법인,등록,절삭 가공 및 유사 처리업,2018-04-01,,17.0,5521440.0,2.0,1.0,361.0,7.4,True,통과,,,,NPS 적용일(하한),7.4,통과
406,10658,주식회사 레이메드,주식회사,김**,벤처투자유형,재확인,2024-06-02,2027-06-01,충북,충청권,청주시,충청북도 청주시,연구개발서비스,의학 및 약학 연구개발업,"암치료기술연구, 정부연구과제수행",바이오·헬스케어,신약·바이오R&D,핵심,업종직접,비상장,A(고유),투자유치 후 성장(추정),확실(VC 등 5천만원↑ 투자 요건),미확인,1(핵심·재확인),,,,,,,,,,,,,,,최종(확정),확정(상호+시군구),주식회사 레이메드,0.0,14.0,818860,법인,등록,기타 인문 및 사회과학 연구개발업,2020-05-01,,14.0,4690200.0,1.0,0.0,372.0,5.3,True,통과,,,,NPS 적용일(하한),5.3,통과
407,19613,㈜제이디바이오사이언스,주식회사,안**,벤처투자유형,재확인,2025-02-12,2028-02-11,광주,호남권,북구,광주광역시 북구,연구개발서비스,의학 및 약학 연구개발업,비알코올성지방간 치료제 개발,바이오·헬스케어,신약·바이오R&D,핵심,업종직접,비상장,A(고유),투자유치 후 성장(추정),확실(VC 등 5천만원↑ 투자 요건),미확인,1(핵심·재확인),,,,,,,,,,,,,,,최종(확정),확정(상호+시군구),(주)제이디바이오사이언스,0.0,20.0,168810,법인,등록,기타 인문 및 사회과학 연구개발업,2017-09-01,,20.0,7481140.0,0.0,0.0,416.0,8.0,True,통과,,,,NPS 적용일(하한),8.0,통과
408,35940,"주식회사 인세리브로 (inCerebro,Inc.)",주식회사,조**,벤처투자유형,재확인,2025-11-30,2028-11-29,서울,수도권,성동구,서울 성동구,연구개발서비스,의학 및 약학 연구개발업,SaaS 서비스,바이오·헬스케어,신약·바이오R&D,핵심,업종직접,비상장,A(고유),투자유치 후 성장(추정),확실(VC 등 5천만원↑ 투자 요건),미확인,1(핵심·재확인),,,,,,,,,,,,,,,최종(확정),확정(상호+시군구),주식회사 인세리브로,0.0,18.0,725870,법인,등록,의학 및 약학 연구개발업,2019-11-26,,18.0,6801720.0,1.0,0.0,420.0,5.8,True,통과,,,,NPS 적용일(하한),5.8,통과
409,12083,주식회사 제이인츠바이오,주식회사,조**,벤처투자유형,재확인,2024-08-25,2027-08-24,서울,수도권,성동구,서울 성동구,연구개발서비스,의학 및 약학 연구개발업,항암신약 및 희귀의약품,바이오·헬스케어,신약·바이오R&D,핵심,업종직접,비상장,A(고유),투자유치 후 성장(추정),확실(VC 등 5천만원↑ 투자 요건),미확인,1(핵심·재확인),,,,,,,,,,,,,,,최종(확정),확정(상호+시군구),주식회사제이인츠바이오,0.0,31.0,324870,법인,등록,기타 인문 및 사회과학 연구개발업,2020-05-01,,31.0,13477020.0,0.0,3.0,483.0,5.3,True,통과,,,,NPS 적용일(하한),5.3,통과
410,18040,프로지니어㈜,주식회사,"김**,이**",벤처투자유형,재확인,2025-01-14,2028-01-13,서울,수도권,구로구,서울특별시 구로구,연구개발서비스,의학 및 약학 연구개발업,단백질생산,바이오·헬스케어,신약·바이오R&D,핵심,업종직접,비상장,A(고유),투자유치 후 성장(추정),확실(VC 등 5천만원↑ 투자 요건),미확인,1(핵심·재확인),,,,,,,,,,,,,,,최종(확정),확정(상호+시군구),프로지니어(주),0.0,10.0,160860,법인,등록,기타 인문 및 사회과학 연구개발업,2019-09-02,,10.0,4429920.0,0.0,0.0,492.0,6.0,True,통과,,,,NPS 적용일(하한),6.0,통과
411,15636,주식회사 핀테라퓨틱스,주식회사,조**,벤처투자유형,재확인,2024-11-27,2027-11-26,경기,수도권,성남시,경기도 성남시,연구개발서비스,의학 및 약학 연구개발업,"의학,약학 연구개발,경영 컨설팅/기타 금융",바이오·헬스케어,신약·바이오R&D,핵심,업종직접,비상장,A(고유),투자유치 후 성장(추정),확실(VC 등 5천만원↑ 투자 요건),미확인,1(핵심·재확인),,2018.0,7.5,,,,,,,,,,,,최종(확정),확정(상호+시군구),주식회사 핀테라퓨틱스,0.0,39.0,392870,법인,등록,기타 인문 및 사회과학 연구개발업,2018-03-02,,39.0,15057920.0,0.0,1.0,429.0,7.5,True,통과,3928700875,1101116662046.0,20180223.0,DART 설립일,7.5,통과
412,23077,㈜씨비에이치,주식회사,윤**,벤처투자유형,재확인,2025-03-29,2028-03-28,전북,호남권,전주시,전북특별자치도 전주시,제조업,그 외 기타 의료용 기기 제조업,"스마트 척추 이완 Chair ,카본소재 의료기기, 카본테이블",바이오·헬스케어,의료기기,핵심,업종직접,비상장,A(고유),투자유치 후 성장(추정),확실(VC 등 5천만원↑ 투자 요건),미확인,1(핵심·재확인),,,,,,,,,,,,,,,최종(확정),확정(상호+시군구),(주)씨비에이치,0.0,14.0,480810,법인,등록,전자 응용 절삭기계 제조업,2016-03-08,,14.0,5174280.0,0.0,0.0,411.0,9.5,True,통과,,,,NPS 적용일(하한),9.5,통과
413,34001,주식회사 아이클로,주식회사,김**,벤처투자유형,재확인,2025-12-29,2028-12-28,제주,제주권,제주시,제주 제주시,제조업,그 외 기타 의료용 기기 제조업,전동칫솔.AI 원격검진 솔루션 앱/SaaS,바이오·헬스케어,의료기기,핵심,업종직접,비상장,A(고유),투자유치 후 성장(추정),확실(VC 등 5천만원↑ 투자 요건),미확인,1(핵심·재확인),,,,,,,,,,,,,,,최종(확정),확정(상호+시군구),주식회사아이클로,0.0,11.0,423880,법인,등록,그 외 기타 의료용 기기 제조업,2021-02-01,,11.0,1974680.0,0.0,1.0,199.0,4.6,True,통과,,,,NPS 적용일(하한),4.6,통과
414,25891,주식회사 로즈랩,주식회사,이**,벤처투자유형,재확인,2025-06-29,2028-06-28,서울,수도권,강남구,서울특별시 강남구,제조업,그 외 기타 의료용 기기 제조업,"의료기기, 화장품",바이오·헬스케어,의료기기,핵심,업종직접,비상장,A(고유),투자유치 후 성장(추정),확실(VC 등 5천만원↑ 투자 요건),미확인,1(핵심·재확인),,2016.0,9.3,,,,,,,,,,,,최종(확정),확정(상호+시군구),(주)로즈랩,0.0,23.0,622870,법인,등록,접착제 및 젤라틴 제조업,2016-07-01,,23.0,7110900.0,0.0,1.0,344.0,9.2,True,통과,6228700437,1101116051041.0,20160503.0,DART 설립일,9.3,통과
415,28225,(주)에이슨,주식회사,박**,벤처투자유형,재확인,2025-08-17,2028-08-16,서울,수도권,서대문구,서울 서대문구,연구개발서비스,자연과학 및 공학 융합 연구개발업,"의료기기 연구개발업,전자상거래 소매업,기타 통신 판매업,기타 전문 서비스업",바이오·헬스케어,의료기기,핵심,업종조건부+키워드:MEDDEV,비상장,A(고유),투자유치 후 성장(추정),확실(VC 등 5천만원↑ 투자 요건),미확인,1(핵심·재확인),,,,,,,,,,,,,,,최종(확정),확정(상호+시군구),주식회사에이슨,0.0,18.0,762880,법인,등록,기타 인문 및 사회과학 연구개발업,2021-05-01,,18.0,6823620.0,0.0,0.0,421.0,4.3,True,통과,,,,NPS 적용일(하한),4.3,통과
416,10374,주식회사 아이넥스코퍼레이션,주식회사,이**,벤처투자유형,재확인,2024-07-28,2027-07-27,서울,수도권,강남구,서울특별시 강남구,제조업,그 외 기타 의료용 기기 제조업,의료기기 소프트웨어,바이오·헬스케어,의료기기,핵심,업종직접,비상장,A(고유),투자유치 후 성장(추정),확실(VC 등 5천만원↑ 투자 요건),미확인,1(핵심·재확인),,2019.0,5.8,,,,,,,,,,,,최종(확정),확정(상호+시군구),주식회사 아이넥스코퍼레이션,0.0,22.0,714880,법인,등록,그 외 기타 의료용 기기 제조업,2020-11-02,,22.0,9429860.0,1.0,2.0,476.0,4.8,True,통과,7148801431,1101117286746.0,20191108.0,DART 설립일,5.8,통과
417,6591,주식회사 옴니씨앤에스,주식회사,김**,벤처투자유형,재확인,2024-03-17,2027-03-16,서울,수도권,구로구,서울특별시 구로구,제조업,그 외 기타 의료용 기기 제조업,OMNIFIT솔루션,바이오·헬스케어,의료기기,핵심,업종직접,비상장,A(고유),투자유치 후 성장(추정),확실(VC 등 5천만원↑ 투자 요건),미확인,1(핵심·재확인),,2014.0,11.5,,,,,,,,,,,,최종(확정),확정(상호+시군구),주식회사옴니씨앤에스,0.0,46.0,113868,법인,등록,BIZ_NO미존재사업장,2014-03-18,,46.0,18885220.0,1.0,0.0,456.0,11.5,True,통과,1138682660,1101115366524.0,20140318.0,DART 설립일,11.5,통과
418,21467,주식회사 마이크로트,주식회사,한**,벤처투자유형,재확인,2025-03-19,2028-03-18,서울,수도권,강남구,서울특별시 강남구,기타,기타 전문 서비스업,녹내장임플란트,바이오·헬스케어,의료기기,핵심,업종조건부+키워드:MEDDEV,비상장,A(고유),투자유치 후 성장(추정),확실(VC 등 5천만원↑ 투자 요건),미확인,1(핵심·재확인),,,,,,,,,,,,,,,최종(확정),확정(상호+시군구),주식회사마이크로트,0.0,31.0,740810,법인,등록,기타 전문 서비스업,2020-02-03,,31.0,11780920.0,2.0,1.0,422.0,5.6,True,통과,,,,NPS 적용일(하한),5.6,통과
419,14680,㈜메디씽큐,주식회사,임**,벤처투자유형,재확인,2024-10-28,2027-10-27,경기,수도권,성남시,경기도 성남시,제조업,그 외 기타 의료용 기기 제조업,의료용 무선 스마트글라스 솔루션,바이오·헬스케어,의료기기,핵심,업종직접,비상장,A(고유),투자유치 후 성장(추정),확실(VC 등 5천만원↑ 투자 요건),미확인,1(핵심·재확인),,2018.0,6.8,,,,,,,,,,,,최종(확정),확정(상호+시군구),(주)메디씽큐,0.0,34.0,258880,법인,등록,시계 및 시계 부품 제조업,2018-12-01,,34.0,13841080.0,1.0,0.0,452.0,6.7,True,통과,2588801061,1355110334537.0,20181115.0,DART 설립일,6.8,통과
420,5873,(주)원소프트다임,주식회사,이**,벤처투자유형,재확인,2024-04-05,2027-04-04,경북,대경권,포항시,경상북도 포항시,제조업,전기식 진단 및 요법 기기 제조업,건강관리플랫폼,바이오·헬스케어,의료기기,핵심,업종직접,비상장,A(고유),투자유치 후 성장(추정),확실(VC 등 5천만원↑ 투자 요건),미확인,1(핵심·재확인),,,,,,,,,,,,,,,최종(확정),확정(상호+시군구),（주）원소프트다임,0.0,10.0,506819,법인,등록,응용 소프트웨어 개발 및 공급업,2015-03-02,,10.0,3580540.0,0.0,0.0,398.0,10.5,True,통과,,,,NPS 적용일(하한),10.5,통과
421,29314,주식회사 래디센,주식회사,"나**,신**",벤처투자유형,재확인,2025-08-26,2028-08-25,경기,수도권,안양시,경기도 안양시,제조업,방사선 장치 제조업,의료용 X-Ray장비 및 부품개발,바이오·헬스케어,의료기기(영상),핵심,업종직접,비상장,A(고유),투자유치 후 성장(추정),확실(VC 등 5천만원↑ 투자 요건),미확인,1(핵심·재확인),,,,,,,,,,,,,,,최종(확정),확정(상호+시군구),주식회사래디센(RadisenCo.Ltd.),0.0,21.0,792880,법인,등록,전기식 진단 및 요법 기기 제조업,2016-08-01,,21.0,8809120.0,0.0,1.0,466.0,9.1,True,통과,,,,NPS 적용일(하한),9.1,통과
422,31093,주식회사 리플라,주식회사,서**,벤처투자유형,재확인,2025-08-13,2028-08-12,경북,대경권,경산시,경상북도 경산시,제조업,기초 의약 물질 제조업,플라스틱 순도 향상 균 소화조 (연구),바이오·헬스케어,의약품,핵심,업종직접,비상장,A(고유),투자유치 후 성장(추정),확실(VC 등 5천만원↑ 투자 요건),미확인,1(핵심·재확인),,,,,,,,,,,,,,,최종(확정),확정(상호+시군구),주식회사 리플라,0.0,29.0,587810,법인,등록,물리  화학 및 생물학 연구개발업,2019-11-25,,29.0,10783640.0,0.0,1.0,413.0,5.8,True,통과,,,,NPS 적용일(하한),5.8,통과
423,28214,주식회사 네오켄바이오,주식회사,함**,벤처투자유형,재확인,2025-08-10,2028-08-09,서울,수도권,동대문구,서울특별시 동대문구,제조업,기초 의약 물질 제조업,"CBD 원료의약품, MW 추출 기술",바이오·헬스케어,의약품,핵심,업종직접,비상장,A(고유),투자유치 후 성장(추정),확실(VC 등 5천만원↑ 투자 요건),미확인,1(핵심·재확인),,2021.0,4.2,,,,,,,,,,,,최종(확정),확정(상호+시군구),주식회사네오켄바이오,0.0,16.0,199810,법인,등록,의약용 화합물 및 항생물질 제조업,2021-06-07,,16.0,4948040.0,4.0,0.0,344.0,4.2,True,통과,1998102331,1101117911723.0,20210607.0,DART 설립일,4.2,통과
424,29461,"주식회사 코넥스트(CONNEXT Co.,Ltd.)",주식회사,이**,벤처투자유형,재확인,2025-08-31,2028-08-30,대구,대경권,동구,대구광역시 동구,제조업,기초 의약 물질 제조업,"TDzyme조직분해효소, 재조합 TLR5 agonist (재조합 면역조절물질), 재조합 Collagenage (재조합 조직분해효소)",바이오·헬스케어,의약품,핵심,업종직접,비상장,A(고유),투자유치 후 성장(추정),확실(VC 등 5천만원↑ 투자 요건),미확인,1(핵심·재확인),,2017.0,7.8,,,,,,,,,,,,최종(확정),확정(상호+시군구),주식회사코넥스트(CONNEXTCo. Ltd.),0.0,18.0,563880,법인,등록,생물학적 제제 제조업,2018-01-01,,18.0,6345760.0,0.0,0.0,392.0,7.7,True,통과,5638800794,1747110047626.0,20171025.0,DART 설립일,7.8,통과
425,5033,제이투에이치바이오텍㈜,주식회사,김**,벤처투자유형,재확인,2024-03-03,2027-03-02,경기,수도권,수원시,경기도 수원시,제조업,기초 의약 물질 제조업,신약 물질 개발,바이오·헬스케어,의약품,핵심,업종직접,비상장,A(고유),투자유치 후 성장(추정),확실(VC 등 5천만원↑ 투자 요건),미확인,1(핵심·재확인),,2014.0,10.9,,,,,,,,,,,,최종(확정),확정(상호+시군구),제이투에이치바이오텍（주）,0.0,32.0,143812,법인,등록,천연 및 혼합 조제 조미료 제조업,2014-10-20,,32.0,13473460.0,0.0,1.0,468.0,10.9,True,통과,1438127251,1348110312330.0,20141001.0,DART 설립일,10.9,통과
426,7191,주식회사 아이원바이오,주식회사,"김**,정**",연구개발유형,재확인,2024-05-23,2027-05-22,경기,수도권,성남시,경기도 성남시,기타,"그 외 기타 분류 안된 전문, 과학 및 기술 서비스업","코로나진단시약,구강암진단키트.유전자검사,3D구강스캐너",바이오·헬스케어,바이오,핵심,업종조건부+키워드:BIO,비상장,A(고유),R&D 중심(추정),미확인,확실(기업부설연구소·R&D비 요건),1(핵심·재확인),,2017.0,7.7,,,,,,,,,,,,최종(확정),확정(상호+시군구),주식회사아이원바이오,0.0,11.0,681860,법인,등록,기타 인문 및 사회과학 연구개발업,2018-02-01,,11.0,4142840.0,0.0,0.0,418.0,7.6,True,통과,6818600934,1341110484323.0,20171226.0,DART 설립일,7.7,통과
427,6500,주식회사 클리셀,주식회사,"전**,이**",연구개발유형,재확인,2024-05-02,2027-05-01,경기,수도권,성남시,경기도 성남시,연구개발서비스,자연과학 및 공학 융합 연구개발업,쓰리디바이오프린터 및 인공피부,바이오·헬스케어,바이오,핵심,업종조건부+키워드:BIO,비상장,A(고유),R&D 중심(추정),미확인,확실(기업부설연구소·R&D비 요건),1(핵심·재확인),,,,,,,,,,,,,,,최종(확정),확정(상호+시군구),주식회사클리셀,0.0,15.0,612860,법인,등록,기타 인문 및 사회과학 연구개발업,2017-04-01,,15.0,5345200.0,0.0,0.0,396.0,8.4,True,통과,,,,NPS 적용일(하한),8.4,통과
428,10951,㈜디자인셀,주식회사,박**,연구개발유형,재확인,2024-07-10,2027-07-09,충북,충청권,청주시,충청북도 청주시,연구개발서비스,"물리, 화학 및 생물학 연구개발업",줄기세포신소재연구외,바이오·헬스케어,바이오 R&D,핵심,업종조건부+키워드:BIO/MEDDEV,비상장,A(고유),R&D 중심(추정),미확인,확실(기업부설연구소·R&D비 요건),1(핵심·재확인),,,,,,,,,,,,,,,최종(확정),확정(상호+시군구),주식회사 디자인셀,0.0,14.0,851810,법인,등록,기타 인문 및 사회과학 연구개발업,2017-01-01,,14.0,4376900.0,1.0,0.0,347.0,8.7,True,통과,,,,NPS 적용일(하한),8.7,통과
429,23392,주식회사 해우기술,주식회사,천**,연구개발유형,재확인,2025-05-03,2028-05-02,부산,동남권,강서구,부산광역시 강서구,제조업,그 외 기타 특수목적용 기계 제조업,치과용 엑스레이 디텍터 및 제너레이터,바이오·헬스케어,바이오·의료 장비,핵심,업종조건부+키워드:BIO/MEDDEV,비상장,A(고유),R&D 중심(추정),미확인,확실(기업부설연구소·R&D비 요건),1(핵심·재확인),,,,,,,,,,,,,,,최종(확정),확정(상호+시군구),해우기술,0.0,14.0,690860,법인,등록,산업 처리공정 제어장비 제조업,2017-09-01,,14.0,3567980.0,0.0,0.0,283.0,8.0,True,통과,,,,NPS 적용일(하한),8.0,통과
430,36043,주식회사 셀트릭스,주식회사,김**,연구개발유형,재확인,2025-12-07,2028-12-06,경기,수도권,성남시,경기도 성남시,제조업,그 외 기타 분류 안된 화학제품 제조업,연구용시약,바이오·헬스케어,바이오소재,핵심,업종조건부+키워드:BIO,비상장,A(고유),R&D 중심(추정),미확인,확실(기업부설연구소·R&D비 요건),1(핵심·재확인),,2019.0,6.0,,,,,,,,,,,,최종(확정),확정(상호+시군구),주식회사셀트릭스,0.0,37.0,462860,법인,등록,그 외 기타 분류 안된 화학제품 제조업,2020-04-01,,37.0,13362340.0,0.0,0.0,401.0,5.4,True,통과,4628601405,1311110565548.0,20190828.0,DART 설립일,6.0,통과
431,11092,주식회사 키프로젠,주식회사,함**,연구개발유형,신규,2024-07-09,2027-07-08,대전,충청권,대덕구,대전광역시 대덕구,제조업,그 외 기타 분류 안된 화학제품 제조업,"단백질정제용레진, 수탁발현정제서비스, 화장품원료",바이오·헬스케어,바이오소재,핵심,업종조건부+키워드:BIO,비상장,A(고유),R&D 중심(추정),미확인,확실(기업부설연구소·R&D비 요건),2(핵심·신규·투자/R&D확인),,,,,,,,,,,,,,,최종(확정),확정(상호+시군구),주식회사키프로젠,0.0,10.0,764860,법인,등록,의료용품 및 기타 의약 관련제품 제조업,2020-07-01,,10.0,3743780.0,0.0,0.0,416.0,5.2,True,통과,,,,NPS 적용일(하한),5.2,통과
432,21645,주식회사 미소진,주식회사,전**,연구개발유형,재확인,2025-02-23,2028-02-22,대전,충청권,유성구,대전 유성구,제조업,그 외 기타 분류 안된 화학제품 제조업,"유전자분석시약 제조,도소매/과학기자재 도소매/부동산 임대/학술연구 용역,유전자 분석",바이오·헬스케어,바이오소재,핵심,업종조건부+키워드:BIO,비상장,A(고유),R&D 중심(추정),미확인,확실(기업부설연구소·R&D비 요건),1(핵심·재확인),,,,,,,,,,,,,,,최종(확정),확정(상호+시군구),주식회사미소진,0.0,16.0,134873,법인,등록,물질 검사  측정 및 분석 기구 제조업,2017-05-15,,16.0,7071740.0,0.0,0.0,491.0,8.3,True,통과,,,,NPS 적용일(하한),8.3,통과
433,35017,주식회사 더바이로셀,주식회사,변**,연구개발유형,재확인,2025-11-05,2028-11-04,경기,수도권,안양시,경기도 안양시,제조업,그 외 기타 분류 안된 화학제품 제조업,세포배양배지,바이오·헬스케어,바이오소재,핵심,업종조건부+키워드:BIO,비상장,A(고유),R&D 중심(추정),미확인,확실(기업부설연구소·R&D비 요건),1(핵심·재확인),,,,,,,,,,,,,,,최종(확정),확정(상호+시군구),주식회사더바이로셀,0.0,10.0,836860,법인,등록,기타 인문 및 사회과학 연구개발업,2019-05-02,,10.0,2296340.0,0.0,0.0,255.0,6.3,True,통과,,,,NPS 적용일(하한),6.3,통과
434,16863,주식회사 노벨티노빌리티,주식회사,박**,연구개발유형,재확인,2024-12-18,2027-12-17,경기,수도권,성남시,경기도 성남시,연구개발서비스,의학 및 약학 연구개발업,항체치료제,바이오·헬스케어,신약·바이오R&D,핵심,업종직접,비상장,A(고유),R&D 중심(추정),미확인,확실(기업부설연구소·R&D비 요건),1(핵심·재확인),,2017.0,8.0,,,,,,,,,,,,최종(확정),확정(상호+시군구),주식회사노벨티노빌리티,0.0,35.0,555810,법인,등록,기타 인문 및 사회과학 연구개발업,2018-03-01,,35.0,15104940.0,0.0,14.0,480.0,7.5,True,통과,5558100697,1358110324061.0,20170828.0,DART 설립일,8.0,통과
435,29791,(주)리메드브레인스팀,주식회사,이**,연구개발유형,재확인,2025-09-07,2028-09-06,경기,수도권,성남시,경기 성남시,제조업,그 외 기타 의료용 기기 제조업,"Brain Stim, Brain Energy, Mensa:mon ",바이오·헬스케어,의료기기,핵심,업종직접,비상장,A(고유),R&D 중심(추정),미확인,확실(기업부설연구소·R&D비 요건),1(핵심·재확인),,,,,,,,,,,,,,,최종(확정),확정(상호+시군구),(주)리메드브레인스팀,0.0,18.0,620880,법인,등록,기타 전기 변환장치 제조업,2020-11-10,,18.0,5996520.0,1.0,0.0,370.0,4.8,True,통과,,,,NPS 적용일(하한),4.8,통과
436,32891,시스루테크 주식회사,주식회사,홍**,연구개발유형,재확인,2025-10-29,2028-10-28,서울,수도권,강남구,서울 강남구,제조업,치과용 기기 제조업,시스루얼라이너투명교정장치),바이오·헬스케어,의료기기(치과),핵심,업종직접,비상장,A(고유),R&D 중심(추정),미확인,확실(기업부설연구소·R&D비 요건),1(핵심·재확인),,,,,,,,,,,,,,,최종(확정),확정(상호+시군구),시스루테크주식회사,0.0,34.0,204865,법인,등록,BIZ_NO미존재사업장,2014-09-01,,34.0,9062060.0,1.0,2.0,296.0,11.0,True,통과,,,,NPS 적용일(하한),11.0,통과
437,5248,주식회사 크럭셀,주식회사,유**,연구개발유형,재확인,2024-03-15,2027-03-14,대전,충청권,유성구,대전광역시 유성구,제조업,치과용 기기 제조업,치과용 영상획득장치,바이오·헬스케어,의료기기(치과),핵심,업종직접,비상장,A(고유),R&D 중심(추정),미확인,확실(기업부설연구소·R&D비 요건),1(핵심·재확인),,,,,,,,,,,,,,,최종(확정),확정(상호+시군구),주식회사 크럭셀,0.0,13.0,495810,법인,등록,유선 통신장비 제조업,2016-07-25,,13.0,3660860.0,0.0,0.0,313.0,9.1,True,통과,,,,NPS 적용일(하한),9.1,통과
438,24618,상트네어바이오사이언스(주),주식회사,양**,연구개발유형,재확인,2025-05-11,2028-05-10,경기,수도권,성남시,경기도 성남시,제조업,그 외 기타 의료용품 및 의약 관련제품 제조업,"의약품 개발,생산,판매,수출입",바이오·헬스케어,의료용품,핵심,업종직접|핵심승격(주생산품),비상장,A(고유),R&D 중심(추정),미확인,확실(기업부설연구소·R&D비 요건),1(핵심·재확인),,,,,,,,,,,,,,,최종(확정),확정(상호+시군구),상트네어바이오사이언스주식회사,0.0,23.0,578810,법인,등록,의학 및 약학 연구개발업,2021-06-01,,23.0,9988040.0,0.0,0.0,483.0,4.2,True,통과,,,,NPS 적용일(하한),4.2,통과
439,22066,(주)팍스젠바이오,주식회사,박**,연구개발유형,재확인,2025-03-03,2028-03-02,경기,수도권,안양시,경기도 안양시,제조업,그 외 기타 의료용품 및 의약 관련제품 제조업,체외진단시약,바이오·헬스케어,의료용품,핵심,업종직접|핵심승격(주생산품),비상장,A(고유),R&D 중심(추정),미확인,확실(기업부설연구소·R&D비 요건),1(핵심·재확인),,2015.0,10.3,,,,,,,,,,,,최종(확정),확정(상호+시군구),주식회사팍스젠바이오,0.0,13.0,253870,법인,등록,의료용품 및 기타 의약 관련제품 제조업,2015-05-08,,13.0,3344500.0,0.0,0.0,286.0,10.3,True,통과,2538700041,1358110269217.0,20150501.0,DART 설립일,10.3,통과
440,38702,주식회사  제론셀베인(Zerone Cellvane Inc.),주식회사,김**,연구개발유형,재확인,2026-02-20,2029-02-19,충남,충청권,천안시,충청남도 천안시,제조업,합성의약품 및 기타 완제 의약품 제조업,"원료의약품(PDRN, PN)",바이오·헬스케어,의약품,핵심,업종직접,비상장,A(고유),R&D 중심(추정),미확인,확실(기업부설연구소·R&D비 요건),1(핵심·재확인),,,,,,,,,,,,,,,최종(확정),확정(상호+시군구),주식회사 제론셀베인(Zerone Cellvane Inc.),0.0,47.0,783860,법인,등록,생물학적 제제 제조업,2015-04-01,,47.0,17437680.0,0.0,1.0,412.0,10.4,True,통과,,,,NPS 적용일(하한),10.4,통과
441,28391,주식회사 아이앤팜,주식회사,"이**,임**",혁신성장유형,재확인,2025-06-26,2028-06-25,충남,충청권,논산시,충남 논산시,제조업,동물용 의약품 제조업,"동물용의약품,보조사료 제조,도소매",바이오·헬스케어,동물의약품,핵심,업종직접,비상장,A(고유),성장·안정(추정),미확인,가능(기술성 평가 통과),1(핵심·재확인),,,,,,,,,,,,,,,최종(확정),확정(상호+시군구),주식회사아이앤팜,0.0,16.0,314865,법인,등록,사료 도매업,2013-10-25,,16.0,4970200.0,1.0,1.0,345.0,11.8,True,통과,,,,NPS 적용일(하한),11.8,통과
442,14506,주식회사 심플플래닛,주식회사,정**,혁신성장유형,재확인,2024-10-27,2027-10-26,부산,동남권,해운대구,부산광역시 해운대구,연구개발서비스,기타 자연과학 연구개발업,세포배양육,바이오·헬스케어,바이오 R&D,핵심,업종조건부+키워드:BIO/MEDDEV,비상장,A(고유),성장·안정(추정),미확인,가능(기술성 평가 통과),1(핵심·재확인),,,,,,,,,,,,,,,최종(확정),확정(상호+시군구),주식회사 심플플래닛,0.0,32.0,805880,법인,등록,기타 자연과학 연구개발업,2021-05-03,,32.0,12332060.0,2.0,3.0,428.0,4.3,True,통과,,,,NPS 적용일(하한),4.3,통과
443,17003,㈜이엔지케이,주식회사,곽**,혁신성장유형,재확인,2024-10-02,2027-10-01,경기,수도권,화성시,경기도 화성시,제조업,치과용 기기 제조업,의료기기 수술기구류,바이오·헬스케어,의료기기(치과),핵심,업종직접,비상장,A(고유),성장·안정(추정),미확인,가능(기술성 평가 통과),1(핵심·재확인),,,,,,,,,,,,,,,최종(확정),확정(상호+시군구),(주)이엔지케이(ENG-K.Co.Ltd),0.0,30.0,397870,법인,등록,그 외 기타 전자 부품 제조업,2016-11-03,,30.0,9823740.0,0.0,3.0,364.0,8.8,True,통과,,,,NPS 적용일(하한),8.8,통과
444,6889,주식회사 메디덴,주식회사,김**,혁신성장유형,재확인,2024-05-10,2027-05-09,광주,호남권,북구,광주광역시 북구,제조업,치과용 기기 제조업,치과용 의료기기,바이오·헬스케어,의료기기(치과),핵심,업종직접,비상장,A(고유),성장·안정(추정),미확인,가능(기술성 평가 통과),1(핵심·재확인),,,,,,,,,,,,,,,최종(확정),확정(상호+시군구),주식회사메디덴,0.0,15.0,251870,법인,등록,주형 및 금형 제조업,2017-03-01,,15.0,2935560.0,0.0,0.0,217.0,8.5,True,통과,,,,NPS 적용일(하한),8.5,통과
445,36869,주식회사 프라임덴탈,주식회사,"이**,김**,김**",혁신성장유형,재확인,2026-03-19,2029-03-18,대구,대경권,동구,대구 동구,제조업,치과용 기기 제조업,PD 골드 KOCO 집진기,바이오·헬스케어,의료기기(치과),핵심,업종직접,비상장,A(고유),성장·안정(추정),미확인,가능(기술성 평가 통과),1(핵심·재확인),,2013.0,11.7,,,,,,,,,,,,최종(확정),확정(상호+시군구),주식회사프라임덴탈,0.0,23.0,504861,법인,등록,그 외 기타 생활용품 도매업,2014-01-01,,23.0,6059420.0,0.0,0.0,293.0,11.7,True,통과,5048610509,1701110505232.0,20131201.0,DART 설립일,11.7,통과
446,18379,주식회사 와이유,주식회사,조**,혁신성장유형,재확인,2025-01-05,2028-01-04,울산,동남권,중구,울산광역시 중구,제조업,그 외 기타 의료용품 및 의약 관련제품 제조업,의료기기필러 관절주사제 창상피복재),바이오·헬스케어,의료용품,핵심,업종직접|핵심승격(주생산품),비상장,A(고유),성장·안정(추정),미확인,가능(기술성 평가 통과),1(핵심·재확인),,2020.0,5.0,,,,,,,,,,,,최종(확정),"추정(상호만 일치, 주소 불일치)",주식회사와이유,0.0,31.0,509870,법인,등록,기타 전문 서비스업,2020-11-01,,31.0,12853880.0,0.0,1.0,461.0,4.8,True,통과,5098701716,2301110338010.0,20200911.0,DART 설립일,5.0,통과
447,25443,넥서스파마 주식회사,주식회사,"성**,현**",혁신성장유형,재확인,2025-05-21,2028-05-20,서울,수도권,강서구,서울특별시 강서구,제조업,합성의약품 및 기타 완제 의약품 제조업,의약품 화장품 의료기기,바이오·헬스케어,의약품,핵심,업종직접,비상장,A(고유),성장·안정(추정),미확인,가능(기술성 평가 통과),1(핵심·재확인),,2016.0,8.9,,,,,,,,,,,,최종(확정),확정(상호+시군구),넥서스파마 주식회사,0.0,59.0,199870,법인,등록,화장품 및 화장용품 도매업,2016-11-01,,59.0,21166800.0,2.0,2.0,399.0,8.8,True,통과,1998700524,1101116207719.0,20161019.0,DART 설립일,8.9,통과
448,24148,나눔제약 주식회사,주식회사,노**,혁신성장유형,신규,2025-06-10,2028-06-09,경북,대경권,영천시,경상북도 영천시,제조업,한의약품 제조업,"한의약품 의약품용한약재, 건강기능식품, 일반가공식품",바이오·헬스케어,의약품,핵심,업종직접|핵심승격(주생산품),비상장,A(고유),초기(추정),미확인,가능(기술성 평가 통과),3(핵심·신규·혁신성장),,,,,,,,,,,,,,,최종(확정),확정(상호+시군구),나눔제약주식회사,0.0,28.0,505817,법인,등록,한의약품 제조업,2014-10-07,,28.0,8017260.0,0.0,0.0,318.0,10.9,True,통과,,,,NPS 적용일(하한),10.9,통과
449,12460,주식회사 제이에이치인터네셔널(JH International),주식회사,박**,혁신성장유형,재확인,2024-07-07,2027-07-06,부산,동남권,해운대구,부산광역시 해운대구,제조업,화장품 제조업,"화장품, 미용기기, 의료기기, 건강기능식품",바이오·헬스케어,화장품·뷰티(바이오·테크),핵심,업종조건부+키워드:BIO/AI/MEDDEV,비상장,A(고유),성장·안정(추정),미확인,가능(기술성 평가 통과),1(핵심·재확인),,,,,,,,,,,,,,,최종(확정),확정(상호+시군구),주식회사제이에이치인터네셔널,0.0,18.0,739810,법인,등록,화장품 및 화장용품 도매업,2020-10-01,,18.0,5201560.0,1.0,0.0,321.0,4.9,True,통과,,,,NPS 적용일(하한),4.9,통과
450,5883,㈜에이치앤비바이오,주식회사,이**,혁신성장유형,재확인,2024-04-09,2027-04-08,경기,수도권,광주시,경기도 광주시,제조업,화장품 제조업,바이오셀룰로오스 마스크팩,바이오·헬스케어,화장품·뷰티(바이오·테크),핵심,업종조건부+키워드:BIO/AI/MEDDEV,비상장,A(고유),성장·안정(추정),미확인,가능(기술성 평가 통과),1(핵심·재확인),,,,,,,,,,,,,,,최종(확정),확정(상호+시군구),주식회사에이치앤비바이오(HNBBIOCO.LTD),0.0,10.0,387870,법인,등록,치약  비누 및 기타 세제 제조업,2018-07-10,,10.0,2392800.0,0.0,1.0,266.0,7.1,True,통과,,,,NPS 적용일(하한),7.1,통과
528,33916,(주)티아이에스씨,주식회사,김**,연구개발유형,재확인,2025-11-18,2028-11-17,경기,수도권,성남시,경기 성남시,제조업,기타 무선 통신장비 제조업,"통신장비설계,제조",반도체·ICT HW,통신장비,핵심,업종직접,비상장,A(고유),R&D 중심(추정),미확인,확실(기업부설연구소·R&D비 요건),1(핵심·재확인),,,,,,,,,,,,,,,예비,확정(상호+시군구),(주)티아이에스씨,0.0,17.0,621870,법인,등록,유선 통신장비 제조업,2015-11-03,,17.0,5644840.0,4.0,0.0,369.0,9.8,True,통과,,,,NPS 적용일(하한),9.8,통과
551,8757,엘씨스퀘어(주),주식회사,이**,벤처투자유형,재확인,2024-06-21,2027-06-20,경기,수도권,화성시,경기도 화성시,제조업,발광 다이오드 제조업,마이크로 LED 인터포저,반도체·ICT HW,LED·광반도체,핵심,업종직접,비상장,A(고유),투자유치 후 성장(추정),확실(VC 등 5천만원↑ 투자 요건),미확인,1(핵심·재확인),,,,,,,,,,,,,,,최종(확정),확정(상호+시군구),엘씨스퀘어(주),0.0,19.0,470810,법인,등록,기타 반도체 소자 제조업,2019-04-01,,19.0,7911740.0,1.0,2.0,463.0,6.4,True,통과,,,,NPS 적용일(하한),6.4,통과
552,36710,주식회사 아임시스템,주식회사,김**,벤처투자유형,재확인,2026-02-10,2029-02-09,대전,충청권,유성구,대전 유성구,제조업,"전자기 측정, 시험 및 분석기구 제조업",자기장 제어 시스템 등,반도체·ICT HW,계측·분석기기,핵심,업종직접,비상장,A(고유),투자유치 후 성장(추정),확실(VC 등 5천만원↑ 투자 요건),미확인,1(핵심·재확인),,,,,,,,,,,,,,,최종(확정),확정(상호+시군구),주식회사 아임시스템,0.0,13.0,294810,법인,등록,자연과학 및 공학 융합 연구개발업,2020-11-04,,13.0,3420880.0,1.0,1.0,292.0,4.8,True,통과,,,,NPS 적용일(하한),4.8,통과
553,12376,(주)에너시스,주식회사,송**,벤처투자유형,재확인,2024-07-30,2027-07-29,경기,수도권,화성시,경기 화성시,제조업,"전자기 측정, 시험 및 분석기구 제조업",전력차단기 통합 자동시험장비,반도체·ICT HW,계측·분석기기,핵심,업종직접,비상장,A(고유),투자유치 후 성장(추정),확실(VC 등 5천만원↑ 투자 요건),미확인,1(핵심·재확인),,,,,,,,,,,,,,,최종(확정),확정(상호+시군구),(주)에너시스,0.0,11.0,810880,법인,등록,내연기관 제조업,2017-03-25,,11.0,2947940.0,1.0,0.0,298.0,8.4,True,통과,,,,NPS 적용일(하한),8.4,통과
554,31627,주식회사 다빈시스템스,주식회사,정**,벤처투자유형,재확인,2025-11-01,2028-10-31,경기,수도권,성남시,경기도 성남시,제조업,"전자기 측정, 시험 및 분석기구 제조업",안티드론시스템 및 계측장비,반도체·ICT HW,계측·분석기기,핵심,업종직접,비상장,A(고유),투자유치 후 성장(추정),확실(VC 등 5천만원↑ 투자 요건),미확인,1(핵심·재확인),,,,,,,,,,,,,,,최종(확정),확정(상호+시군구),주식회사다빈시스템스,0.0,12.0,210817,법인,등록,응용 소프트웨어 개발 및 공급업,2018-04-01,,12.0,4909380.0,0.0,0.0,455.0,7.4,True,통과,,,,NPS 적용일(하한),7.4,통과
555,7001,주식회사 맥파이테크,주식회사,신**,벤처투자유형,재확인,2024-04-11,2027-04-10,서울,수도권,마포구,서울특별시 마포구,제조업,"기타 측정, 시험, 항해, 제어 및 정밀기기 제조업",양방향 레이저거리측정기,반도체·ICT HW,계측·정밀기기,핵심,업종직접,비상장,A(고유),투자유치 후 성장(추정),확실(VC 등 5천만원↑ 투자 요건),미확인,1(핵심·재확인),,,,,,,,,,,,,,,최종(확정),확정(상호+시군구),주식회사 맥파이테크,0.0,19.0,688810,법인,등록,물질 검사  측정 및 분석 기구 제조업,2018-06-01,,19.0,4962080.0,1.0,0.0,290.0,7.2,True,통과,,,,NPS 적용일(하한),7.2,통과
556,37073,주식회사 엘에스켐,주식회사,"김**,김**",벤처투자유형,재확인,2026-02-19,2029-02-18,충북,충청권,괴산군,충청북도 괴산군,제조업,석유화학계 기초 화학물질 제조업,반도체 리간드 및 석유화학 촉매. 화장품 기능성 첨가제,반도체·ICT HW,반도체·디스플레이 소재,핵심,업종조건부+키워드:SEMI,비상장,A(고유),투자유치 후 성장(추정),확실(VC 등 5천만원↑ 투자 요건),미확인,1(핵심·재확인),,,,,,,,,,,,,,,최종(확정),확정(상호+시군구),주식회사 엘에스켐,0.0,27.0,317814,법인,등록,접착제 및 젤라틴 제조업,2015-04-01,,27.0,12114440.0,0.0,0.0,499.0,10.4,True,통과,,,,NPS 적용일(하한),10.4,통과
557,29078,엘스페스 주식회사,주식회사,박**,벤처투자유형,재확인,2025-08-03,2028-08-02,대전,충청권,유성구,대전광역시 유성구,제조업,기타 반도체소자 제조업,실리콘 캐패시터(Silicon Capacitor),반도체·ICT HW,반도체소자,핵심,업종직접,비상장,A(고유),투자유치 후 성장(추정),확실(VC 등 5천만원↑ 투자 요건),미확인,1(핵심·재확인),,2020.0,5.0,,,,,,,,,,,,최종(확정),확정(상호+시군구),엘스페스주식회사,0.0,23.0,339870,법인,등록,기타 반도체 소자 제조업,2020-08-01,,23.0,7974520.0,2.0,0.0,385.0,5.1,True,통과,3398701868,1601110563456.0,20200901.0,DART 설립일,5.0,통과
558,9009,주식회사 케이씨파츠텍,주식회사,남**,벤처투자유형,재확인,2024-05-08,2027-05-07,충남,충청권,천안시,충청남도 천안시,제조업,기타 반도체소자 제조업,반도체 에칭공정 소모성 부품,반도체·ICT HW,반도체소자,핵심,업종직접,비상장,A(고유),투자유치 후 성장(추정),확실(VC 등 5천만원↑ 투자 요건),미확인,1(핵심·재확인),,2017.0,8.0,,,,,,,,,,,,최종(확정),확정(상호+시군구),주식회사 케이씨파츠텍,0.0,198.0,582810,법인,등록,그 외 기타 전자 부품 제조업,2018-02-01,,198.0,72237920.0,3.0,6.0,405.0,7.6,True,통과,5828100928,1615110219919.0,20170918.0,DART 설립일,8.0,통과
559,10224,주식회사 노피온,주식회사,이**,벤처투자유형,재확인,2024-06-18,2027-06-17,경기,수도권,수원시,경기도 수원시,제조업,기타 반도체소자 제조업,반도체 신소재,반도체·ICT HW,반도체소자,핵심,업종직접,비상장,A(고유),투자유치 후 성장(추정),확실(VC 등 5천만원↑ 투자 요건),미확인,1(핵심·재확인),,,,,,,,,,,,,,,최종(확정),확정(상호+시군구),주식회사노피온,0.0,20.0,684880,법인,등록,경영 컨설팅업,2016-01-29,,20.0,7146460.0,2.0,0.0,397.0,9.6,True,통과,,,,NPS 적용일(하한),9.6,통과
560,37918,주식회사 아이큐랩,주식회사,김**,벤처투자유형,재확인,2026-02-01,2029-01-31,부산,동남권,기장군,부산광역시 기장군,제조업,기타 반도체소자 제조업,반도체 소자,반도체·ICT HW,반도체소자,핵심,업종직접,비상장,A(고유),투자유치 후 성장(추정),확실(VC 등 5천만원↑ 투자 요건),미확인,1(핵심·재확인),,2018.0,7.3,,,,,,,,,,,,최종(확정),"추정(상호만 일치, 주소 불일치)",주식회사아이큐랩,0.0,70.0,264860,법인,등록,기타 반도체 소자 제조업,2018-07-02,,70.0,29348500.0,1.0,0.0,466.0,7.2,True,통과,2648601096,1358110342790.0,20180525.0,DART 설립일,7.3,통과
561,8601,"주식회사 더블유지에스(WGS Co.,Ltd.)",주식회사,유**,벤처투자유형,재확인,2024-06-23,2027-06-22,경기,수도권,수원시,경기도 수원시,제조업,반도체 제조용 기계 제조업,반도체 공정진단 부품,반도체·ICT HW,반도체장비,핵심,업종직접,비상장,A(고유),투자유치 후 성장(추정),확실(VC 등 5천만원↑ 투자 요건),미확인,1(핵심·재확인),,,,,,,,,,,,,,,최종(확정),확정(상호+시군구),주식회사 더블유지에스,0.0,12.0,497870,법인,등록,반도체 제조용 기계 제조업,2020-09-30,,12.0,5430940.0,0.0,0.0,503.0,4.9,True,통과,,,,NPS 적용일(하한),4.9,통과
562,31351,주식회사 차고엔지니어링,주식회사,김**,벤처투자유형,재확인,2025-10-26,2028-10-25,충북,충청권,청주시,충청북도 청주시,제조업,반도체 제조용 기계 제조업,Chiller 제조,반도체·ICT HW,반도체장비,핵심,업종직접,비상장,A(고유),투자유치 후 성장(추정),확실(VC 등 5천만원↑ 투자 요건),미확인,1(핵심·재확인),,,,,,,,,,,,,,,최종(확정),확정(상호+시군구),(주)차고엔지니어링,0.0,27.0,319860,법인,등록,반도체 제조용 기계 제조업,2019-11-11,,27.0,9502620.0,0.0,0.0,391.0,5.8,True,통과,,,,NPS 적용일(하한),5.8,통과
563,33483,주식회사 넥서스비,주식회사,최**,벤처투자유형,재확인,2025-10-21,2028-10-20,전북,호남권,전주시,전북특별자치도 전주시,제조업,반도체 제조용 기계 제조업,반도체 및 디스플레이용 진공증착장비 ALD,반도체·ICT HW,반도체장비,핵심,업종직접,비상장,A(고유),투자유치 후 성장(추정),확실(VC 등 5천만원↑ 투자 요건),미확인,1(핵심·재확인),,2015.0,9.7,,,,,,,,,,,,최종(확정),확정(상호+시군구),주식회사넥서스비,0.0,50.0,598860,법인,등록,전기용 기계ㆍ장비 및 관련 기자재 도매업,2016-02-26,,50.0,18958520.0,6.0,2.0,421.0,9.5,True,통과,5988600307,1311110431624.0,20151221.0,DART 설립일,9.7,통과
564,29253,(주)에이치엠이스퀘어,주식회사,강**,벤처투자유형,재확인,2025-08-27,2028-08-26,대전,충청권,유성구,대전 유성구,제조업,전자감지장치 제조업,전자 감지장치 제조업,반도체·ICT HW,센서,핵심,업종직접,비상장,A(고유),투자유치 후 성장(추정),확실(VC 등 5천만원↑ 투자 요건),미확인,1(핵심·재확인),,,,,,,,,,,,,,,최종(확정),확정(상호+시군구),(주)에이치엠이스퀘어,0.0,23.0,544870,법인,등록,기타 엔지니어링 서비스업,2020-03-25,,23.0,7813280.0,1.0,1.0,377.0,5.4,True,통과,,,,NPS 적용일(하한),5.4,통과
565,11890,㈜화인파워엑스,주식회사,민**,벤처투자유형,재확인,2024-07-11,2027-07-10,경기,수도권,용인시,경기도 용인시,제조업,전자감지장치 제조업,"전력변환장치, 센서시스템, 제어시스템",반도체·ICT HW,센서,핵심,업종직접,비상장,A(고유),투자유치 후 성장(추정),확실(VC 등 5천만원↑ 투자 요건),미확인,1(핵심·재확인),,,,,,,,,,,,,,,최종(확정),확정(상호+시군구),(주)화인파워엑스,1.0,40.0,225860,법인,등록,기타 인문 및 사회과학 연구개발업,2018-12-01,,27.0,9803380.0,0.0,0.0,403.0,6.7,True,통과,,,,NPS 적용일(하한),6.7,통과
566,29418,주식회사 제이씨에프테크놀러지,주식회사,김**,벤처투자유형,재확인,2025-08-30,2028-08-29,서울,수도권,금천구,서울특별시 금천구,제조업,전자감지장치 제조업,IoT/헬스케어 생체신호감지 센서,반도체·ICT HW,센서,핵심,업종직접,비상장,A(고유),투자유치 후 성장(추정),확실(VC 등 5천만원↑ 투자 요건),미확인,1(핵심·재확인),,,,,,,,,,,,,,,최종(확정),확정(상호+시군구),주식회사제이씨에프테크놀러지,0.0,20.0,246870,법인,등록,응용 소프트웨어 개발 및 공급업,2016-01-01,,20.0,7611960.0,0.0,2.0,423.0,9.7,True,통과,,,,NPS 적용일(하한),9.7,통과
567,14553,㈜퓨리오사에이아이,주식회사,B**,벤처투자유형,재확인,2024-09-07,2027-09-06,서울,수도권,강남구,서울특별시 강남구,제조업,비메모리용 및 기타 전자집적회로 제조업,지능형반도체 NPU,반도체·ICT HW,시스템반도체,핵심,업종직접,비상장,A(고유),투자유치 후 성장(추정),확실(VC 등 5천만원↑ 투자 요건),미확인,1(핵심·재확인),,2017.0,8.4,,,,,,,,,,,,최종(확정),확정(상호+시군구),주식회사퓨리오사에이아이,0.0,148.0,860870,법인,등록,응용 소프트웨어 개발 및 공급업,2017-05-15,,148.0,78741740.0,9.0,2.0,591.0,8.3,True,통과,8608700780,1358110313494.0,20170404.0,DART 설립일,8.4,통과
568,38170,주식회사 우리지에이,주식회사,정**,벤처투자유형,신규,2026-02-25,2029-02-24,충남,충청권,아산시,충청남도 아산시,제조업,그 외 기타 금속가공업,반도체 기계 부품 및 2차전지 관련 부품 제조,반도체·ICT HW,전자·반도체,핵심,업종조건부+키워드:SEMI,비상장,A(고유),투자유치 초기(추정),확실(VC 등 5천만원↑ 투자 요건),미확인,2(핵심·신규·투자/R&D확인),,,,,,,,,,,,,,,최종(확정),확정(상호+시군구),주식회사 우리지에이,0.0,13.0,409880,법인,등록,산업용 섬유 세척  염색  정리 및 가공 기계 제조업,2021-03-01,,13.0,3757600.0,0.0,1.0,321.0,4.5,True,통과,,,,NPS 적용일(하한),4.5,통과
569,34315,㈜데포랩,주식회사,김**,벤처투자유형,재확인,2025-12-02,2028-12-01,경기,수도권,광명시,경기도 광명시,연구개발서비스,전기ㆍ전자공학 연구개발업,OLED 박막 제작용 증착 장비,반도체·ICT HW,전자·반도체 R&D,핵심,업종조건부+키워드:SEMI,비상장,A(고유),투자유치 후 성장(추정),확실(VC 등 5천만원↑ 투자 요건),미확인,1(핵심·재확인),,,,,,,,,,,,,,,최종(확정),확정(상호+시군구),(주)데포랩,0.0,10.0,724810,법인,등록,전기ㆍ전자공학 연구개발업,2020-01-01,,10.0,3238520.0,0.0,0.0,360.0,5.7,True,통과,,,,NPS 적용일(하한),5.7,통과
570,24431,엠투에스 주식회사,주식회사,박**,벤처투자유형,재확인,2025-09-24,2028-09-23,경기,수도권,용인시,경기도 용인시,제조업,그 외 기타 전기장비 제조업,반도체장비,반도체·ICT HW,전자·센서,핵심,업종조건부+키워드:SEMI/IOT,비상장,A(고유),투자유치 후 성장(추정),확실(VC 등 5천만원↑ 투자 요건),미확인,1(핵심·재확인),,2015.0,10.7,,,,,,,,,,,,최종(확정),확정(상호+시군구),엠투에스주식회사,0.0,28.0,142818,법인,등록,물질 검사  측정 및 분석 기구 제조업,2015-01-01,,28.0,10987800.0,1.0,0.0,436.0,10.7,True,통과,1428181927,1345110250346.0,20150102.0,DART 설립일,10.7,통과
571,4801,주식회사 더굿시스템,주식회사,조**,벤처투자유형,재확인,2024-01-10,2027-01-09,경기,수도권,안산시,경기 안산시,제조업,그 외 기타 전자부품 제조업,전자부품용 방열소재 외,반도체·ICT HW,전자부품,핵심,업종직접,비상장,A(고유),투자유치 후 성장(추정),확실(VC 등 5천만원↑ 투자 요건),미확인,1(핵심·재확인),,,,,,,,,,,,,,,최종(확정),확정(상호+시군구),주식회사더굿시스템(TheGoodsystem),0.0,10.0,834880,법인,등록,기타 반도체 소자 제조업,2016-08-01,,10.0,3980400.0,0.0,0.0,442.0,9.1,True,통과,,,,NPS 적용일(하한),9.1,통과
572,5660,주식회사 티허브,주식회사,김**,벤처투자유형,재확인,2024-03-28,2027-03-27,부산,동남권,동래구,부산광역시 동래구,제조업,그 외 기타 전자부품 제조업,"IoT HUB, 스마트플러그 등",반도체·ICT HW,전자부품,핵심,업종직접,비상장,A(고유),투자유치 후 성장(추정),확실(VC 등 5천만원↑ 투자 요건),미확인,1(핵심·재확인),,,,,,,,,,,,,,,최종(확정),확정(상호+시군구),(주)티허브,0.0,25.0,872870,법인,등록,컴퓨터 제조업,2018-02-13,,25.0,6963740.0,0.0,2.0,309.0,7.5,True,통과,,,,NPS 적용일(하한),7.5,통과
573,36698,주식회사 엑스티,주식회사,정**,벤처투자유형,신규,2026-01-07,2029-01-06,충남,충청권,아산시,충청남도 아산시,제조업,그 외 기타 전자부품 제조업,"이미용기기, 반도체 설비, 전자/전기기기",반도체·ICT HW,전자부품,핵심,업종직접,비상장,A(고유),투자유치 초기(추정),확실(VC 등 5천만원↑ 투자 요건),미확인,2(핵심·신규·투자/R&D확인),,,,,,,,,,,,,,,최종(확정),확정(상호+시군구),주식회사엑스티,0.0,94.0,374880,법인,등록,경성 인쇄회로기판 제조업,2019-11-01,,94.0,24744580.0,2.0,6.0,292.0,5.8,True,통과,,,,NPS 적용일(하한),5.8,통과
574,26267,주식회사 스페이스앤빈,주식회사,민**,벤처투자유형,재확인,2025-06-08,2028-06-07,서울,수도권,노원구,서울 노원구,제조업,기타 주변기기 제조업,"정보통신장비,그 외 기타 봉제의복 제조업,우주 비행체용 부품 제조,의료용 기기 제조업,그 외 기타 기계 및 장비 도매업,소프트웨어 개발 및 공급업,국책과제",반도체·ICT HW,컴퓨팅HW,핵심,업종직접,비상장,A(고유),투자유치 후 성장(추정),확실(VC 등 5천만원↑ 투자 요건),미확인,1(핵심·재확인),,,,,,,,,,,,,,,최종(확정),확정(상호+시군구),주식회사스페이스앤빈,0.0,12.0,439870,법인,등록,기타 주변 기기 제조업,2021-06-16,,12.0,4050240.0,0.0,0.0,375.0,4.2,True,통과,,,,NPS 적용일(하한),4.2,통과
575,28624,주식회사 아이오티플렉스,주식회사,박**,벤처투자유형,재확인,2025-08-17,2028-08-16,부산,동남권,해운대구,부산광역시 해운대구,제조업,기타 무선 통신장비 제조업,무선통신 단말기를 통한 위치정보 송수신 및 관제관리 서비스 제공,반도체·ICT HW,통신장비,핵심,업종직접,비상장,A(고유),투자유치 후 성장(추정),확실(VC 등 5천만원↑ 투자 요건),미확인,1(핵심·재확인),,,,,,,,,,,,,,,최종(확정),확정(상호+시군구),주식회사아이오티플렉스(IOT),0.0,15.0,256810,법인,등록,유선 통신장비 제조업,2015-09-02,,15.0,3816220.0,0.0,2.0,283.0,10.0,True,통과,,,,NPS 적용일(하한),10.0,통과
576,5594,㈜아우라프리시젼,주식회사,서**,연구개발유형,재확인,2024-02-15,2027-02-14,경기,수도권,용인시,경기도 용인시,제조업,"기타 측정, 시험, 항해, 제어 및 정밀기기 제조업",정밀자동화기기,반도체·ICT HW,계측·정밀기기,핵심,업종직접,비상장,A(고유),R&D 중심(추정),미확인,확실(기업부설연구소·R&D비 요건),1(핵심·재확인),,,,,,,,,,,,,,,최종(확정),확정(상호+시군구),주식회사아우라프리시젼,0.0,12.0,552870,법인,등록,산업용 로봇 제조업,2018-04-01,,12.0,3930460.0,0.0,0.0,364.0,7.4,True,통과,,,,NPS 적용일(하한),7.4,통과
577,29243,(주)에이알티플러스,주식회사,강**,연구개발유형,재확인,2025-08-22,2028-08-21,경기,수도권,이천시,경기 이천시,제조업,"기타 측정, 시험, 항해, 제어 및 정밀기기 제조업",물질검사측정 및 분석기구,반도체·ICT HW,계측·정밀기기,핵심,업종직접,비상장,A(고유),R&D 중심(추정),미확인,확실(기업부설연구소·R&D비 요건),1(핵심·재확인),,2016.0,9.4,,,,,,,,,,,,최종(확정),확정(상호+시군구),(주)에이알티플러스,0.0,30.0,577810,법인,등록,기타 반도체 소자 제조업,2016-03-25,,30.0,12900560.0,2.0,0.0,478.0,9.4,True,통과,5778100440,1344110069773.0,20160324.0,DART 설립일,9.4,통과
578,30630,주식회사 플렉스로직,주식회사,박**,연구개발유형,재확인,2025-10-02,2028-10-01,충북,충청권,청주시,충청북도 청주시,제조업,"기타 측정, 시험, 항해, 제어 및 정밀기기 제조업","시험계측기 장비, 로봇 자동화 설비,비전검사장비, 자동화장비",반도체·ICT HW,계측·정밀기기,핵심,업종직접,비상장,A(고유),R&D 중심(추정),미확인,확실(기업부설연구소·R&D비 요건),1(핵심·재확인),,,,,,,,,,,,,,,최종(확정),확정(상호+시군구),주식회사플렉스로직,0.0,24.0,681880,법인,등록,물질 검사  측정 및 분석 기구 제조업,2017-01-01,,24.0,8949800.0,1.0,0.0,414.0,8.7,True,통과,,,,NPS 적용일(하한),8.7,통과
579,24666,(주)모듈싸이,주식회사,정**,연구개발유형,재확인,2025-06-08,2028-06-07,대전,충청권,유성구,대전광역시 유성구,제조업,광학렌즈 및 광학요소 제조업,"전자현미경, 광전자융합현미경 외",반도체·ICT HW,광학,핵심,업종직접,비상장,A(고유),R&D 중심(추정),미확인,확실(기업부설연구소·R&D비 요건),1(핵심·재확인),,,,,,,,,,,,,,,최종(확정),확정(상호+시군구),(주)모듈싸이,0.0,12.0,257870,법인,등록,기타 인문 및 사회과학 연구개발업,2017-09-11,,12.0,3948220.0,1.0,0.0,366.0,8.0,True,통과,,,,NPS 적용일(하한),8.0,통과
580,22680,㈜이투비비,주식회사,이**,연구개발유형,재확인,2025-03-16,2028-03-15,서울,수도권,금천구,서울특별시 금천구,제조업,"레이더, 항행용 무선기기 및 측량기구 제조업",GPS 시뮬레이터,반도체·ICT HW,레이더·항법,핵심,업종직접,비상장,A(고유),R&D 중심(추정),미확인,확실(기업부설연구소·R&D비 요건),1(핵심·재확인),,,,,,,,,,,,,,,최종(확정),확정(상호+시군구),(주)이투비비,0.0,10.0,525880,법인,등록,그 외 기타 전자 부품 제조업,2019-09-01,,10.0,3620040.0,0.0,0.0,402.0,6.0,True,통과,,,,NPS 적용일(하한),6.0,통과
581,2443,(주)에스비이엔지,주식회사,임**,연구개발유형,신규,2023-10-04,2026-10-03,경기,수도권,화성시,경기도 화성시,제조업,반도체 제조용 기계 제조업,반도체용 부품,반도체·ICT HW,반도체장비,핵심,업종직접,비상장,A(고유),R&D 중심(추정),미확인,확실(기업부설연구소·R&D비 요건),2(핵심·신규·투자/R&D확인),,2021.0,4.4,,,,,,,,,,,,최종(확정),확정(상호+시군구),(주)에스비이엔지,0.0,12.0,530860,법인,등록,기타 반도체 소자 제조업,2021-07-01,,12.0,3619140.0,0.0,0.0,335.0,4.2,True,통과,5308602202,1348110616295.0,20210422.0,DART 설립일,4.4,통과
582,6365,주식회사 제이디에스,주식회사,이**,연구개발유형,재확인,2024-04-24,2027-04-23,충남,충청권,아산시,충청남도 아산시,제조업,반도체 제조용 기계 제조업,반도체 제조용기계 설계 및 제조,반도체·ICT HW,반도체장비,핵심,업종직접,비상장,A(고유),R&D 중심(추정),미확인,확실(기업부설연구소·R&D비 요건),1(핵심·재확인),,,,,,,,,,,,,,,최종(확정),확정(상호+시군구),주식회사제이디에스,0.0,10.0,558810,법인,등록,주형 및 금형 제조업,2017-10-26,,10.0,2650740.0,0.0,0.0,295.0,7.8,True,통과,,,,NPS 적용일(하한),7.8,통과
583,7279,주식회사 크레셈,주식회사,오**,연구개발유형,재확인,2024-04-17,2027-04-16,인천,수도권,연수구,인천광역시 연수구,제조업,반도체 제조용 기계 제조업,반도체 공정 검사장비,반도체·ICT HW,반도체장비,핵심,업종직접,비상장,A(고유),R&D 중심(추정),미확인,확실(기업부설연구소·R&D비 요건),1(핵심·재확인),,2014.0,11.2,,,,,,,,,,,,최종(확정),확정(상호+시군구),주식회사크레셈,0.0,74.0,123864,법인,등록,BIZ_NO미존재사업장,2014-06-03,,74.0,28494760.0,3.0,4.0,428.0,11.2,True,통과,1238643820,1341110385448.0,20140602.0,DART 설립일,11.2,통과
584,25142,주식회사 메이커스테크놀로지,주식회사,조**,연구개발유형,재확인,2025-06-10,2028-06-09,서울,수도권,금천구,서울특별시 금천구,제조업,컴퓨터 제조업,"컴퓨터, 3D프린터 외",반도체·ICT HW,컴퓨팅HW,핵심,업종직접,비상장,A(고유),R&D 중심(추정),미확인,확실(기업부설연구소·R&D비 요건),1(핵심·재확인),,,,,,,,,,,,,,,최종(확정),확정(상호+시군구),주식회사 메이커스테크놀로지,0.0,11.0,119868,법인,등록,BIZ_NO미존재사업장,2014-02-03,,11.0,2910140.0,0.0,0.0,294.0,11.6,True,통과,,,,NPS 적용일(하한),11.6,통과
586,24047,주식회사 에이아이텔레콤,주식회사,"송**,김**",연구개발유형,재확인,2025-05-26,2028-05-25,서울,수도권,구로구,서울특별시 구로구,제조업,기타 무선 통신장비 제조업,"LTE 라우터, 5G 라우터",반도체·ICT HW,통신장비,핵심,업종직접,비상장,A(고유),R&D 중심(추정),미확인,확실(기업부설연구소·R&D비 요건),1(핵심·재확인),,,,,,,,,,,,,,,최종(확정),확정(상호+시군구),주식회사 에이아이텔레콤,0.0,15.0,270810,법인,등록,기타 무선 통신장비 제조업,2021-06-01,,15.0,6731600.0,2.0,0.0,499.0,4.2,True,통과,,,,NPS 적용일(하한),4.2,통과
587,12930,주식회사 제니스코리아,주식회사,이**,연구개발유형,재확인,2024-08-12,2027-08-11,경기,수도권,성남시,경기도 성남시,제조업,유선 통신장비 제조업,"전기차/전기차충전기용 PLC통신모뎀, 완속충전기",반도체·ICT HW,통신장비,핵심,업종직접,비상장,A(고유),R&D 중심(추정),미확인,확실(기업부설연구소·R&D비 요건),1(핵심·재확인),,2018.0,7.4,,,,,,,,,,,,최종(확정),확정(상호+시군구),주식회사제니스코리아,0.0,27.0,777880,법인,등록,응용 소프트웨어 개발 및 공급업,2018-06-11,,27.0,12130500.0,0.0,0.0,499.0,7.2,True,통과,7778800961,1311110515379.0,20180406.0,DART 설립일,7.4,통과
588,26678,(주)에스에이텍,주식회사,손**,연구개발유형,재확인,2025-06-29,2028-06-28,서울,수도권,금천구,서울특별시 금천구,제조업,유선 통신장비 제조업,재난경보방송장치,반도체·ICT HW,통신장비,핵심,업종직접,비상장,A(고유),R&D 중심(추정),미확인,확실(기업부설연구소·R&D비 요건),1(핵심·재확인),,,,,,,,,,,,,,,최종(확정),확정(상호+시도),(주)에스에이텍,1.0,41.0,197860,법인,등록,유선 통신장비 제조업,2017-05-24,,31.0,11137380.0,0.0,1.0,399.0,8.3,True,통과,,,,NPS 적용일(하한),8.3,통과
589,19465,㈜알엔텍,주식회사,"박**,한**",연구개발유형,재확인,2025-02-03,2028-02-02,경기,수도권,수원시,경기도 수원시,제조업,기타 무선 통신장비 제조업,"통신기부품, RF필터",반도체·ICT HW,통신장비,핵심,업종직접,비상장,A(고유),R&D 중심(추정),미확인,확실(기업부설연구소·R&D비 요건),1(핵심·재확인),,,,,,,,,,,,,,,최종(확정),확정(상호+시군구),(주)알엔텍,0.0,11.0,809810,법인,등록,유선 통신장비 제조업,2017-02-06,,11.0,3390620.0,0.0,0.0,342.0,8.6,True,통과,,,,NPS 적용일(하한),8.6,통과
590,15474,주식회사 디노밴,주식회사,김**,연구개발유형,재확인,2024-11-24,2027-11-23,서울,수도권,구로구,서울특별시 구로구,제조업,유선 통신장비 제조업,통신장비 개발 및 제조,반도체·ICT HW,통신장비,핵심,업종직접,비상장,A(고유),R&D 중심(추정),미확인,확실(기업부설연구소·R&D비 요건),1(핵심·재확인),,,,,,,,,,,,,,,최종(확정),확정(상호+시군구),주식회사 디노밴,0.0,11.0,321810,법인,등록,유선 통신장비 제조업,2021-07-01,,11.0,3946640.0,1.0,1.0,399.0,4.2,True,통과,,,,NPS 적용일(하한),4.2,통과
591,30098,주식회사 동윤에스엠티전자,주식회사,이**,혁신성장유형,재확인,2025-08-27,2028-08-26,경기,수도권,부천시,경기도 부천시,제조업,전자부품 실장기판 제조업,전자부품 제조업,반도체·ICT HW,PCB,핵심,업종직접,비상장,A(고유),성장·안정(추정),미확인,가능(기술성 평가 통과),1(핵심·재확인),,,,,,,,,,,,,,,최종(확정),확정(상호+시군구),(주)동윤에스엠티전자,0.0,11.0,130868,법인,등록,BIZ_NO미존재사업장,2014-01-09,,11.0,2255080.0,0.0,0.0,228.0,11.6,True,통과,,,,NPS 적용일(하한),11.6,통과
592,2118,(주)하이텍이엔지,주식회사,이**,혁신성장유형,신규,2023-10-05,2026-10-04,충남,충청권,공주시,충남 공주시,제조업,"물질 검사, 측정 및 분석기구 제조업","환경측정장비, 채수기 등",반도체·ICT HW,계측·분석기기,핵심,업종직접,비상장,A(고유),초기(추정),미확인,가능(기술성 평가 통과),3(핵심·신규·혁신성장),,,,,,,,,,,,,,,최종(확정),확정(상호+시군구),(주)하이텍이엔지,0.0,12.0,571880,법인,등록,산업 처리공정 제어장비 제조업,2017-10-01,,12.0,3050780.0,0.0,0.0,282.0,7.9,True,통과,,,,NPS 적용일(하한),7.9,통과
593,24680,주식회사에스아이디텍션,주식회사,장**,혁신성장유형,재확인,2025-06-04,2028-06-03,대전,충청권,유성구,대전광역시 유성구,제조업,"기타 측정, 시험, 항해, 제어 및 정밀기기 제조업",환경방사선감시기,반도체·ICT HW,계측·정밀기기,핵심,업종직접,비상장,A(고유),성장·안정(추정),미확인,가능(기술성 평가 통과),1(핵심·재확인),,2015.0,10.4,,,,,,,,,,,,최종(확정),확정(상호+시군구),(주)에스아이디텍션,0.0,20.0,469870,법인,등록,수동식 식품 가공 기기 및 금속 주방용기 제조업,2015-04-01,,20.0,9129700.0,0.0,0.0,507.0,10.4,True,통과,4698700059,1601110395619.0,20150401.0,DART 설립일,10.4,통과
594,9327,솔리스이엔씨㈜,주식회사,유**,혁신성장유형,재확인,2024-05-08,2027-05-07,충남,충청권,천안시,충청남도 천안시,제조업,그 외 기타 특수목적용 기계 제조업,반도체 물류장비,반도체·ICT HW,반도체·디스플레이 장비,핵심,업종조건부+키워드:SEMI,비상장,A(고유),성장·안정(추정),미확인,가능(기술성 평가 통과),1(핵심·재확인),,2018.0,7.2,,,,,,,,,,,,최종(확정),확정(상호+시군구),솔리스이엔씨주식회사,0.0,19.0,179810,법인,등록,주형 및 금형 제조업,2018-07-01,,19.0,6795200.0,0.0,1.0,397.0,7.2,True,통과,1798101167,1615110234826.0,20180702.0,DART 설립일,7.2,통과
595,31425,(주)에이알케이,주식회사,최**,혁신성장유형,재확인,2025-10-24,2028-10-23,경기,수도권,평택시,경기도 평택시,제조업,반도체 제조용 기계 제조업,N2 STB자동화물류배관진공배관,반도체·ICT HW,반도체장비,핵심,업종직접,비상장,A(고유),성장·안정(추정),미확인,가능(기술성 평가 통과),1(핵심·재확인),,,,,,,,,,,,,,,최종(확정),확정(상호+시군구),（주）에이알케이,0.0,24.0,142818,법인,등록,기타 반도체 소자 제조업,2015-01-20,,24.0,8743600.0,0.0,1.0,405.0,10.6,True,통과,,,,NPS 적용일(하한),10.6,통과
596,12003,주식회사 티엔에스솔루션,주식회사,이**,혁신성장유형,재확인,2024-07-04,2027-07-03,충남,충청권,천안시,충남 천안시,제조업,반도체 제조용 기계 제조업,"반도체제조용기계,평판디스플레이제조용기계 ,산업처리공정제어장비,광학기기 제조/응용소프트웨어 개발,공급",반도체·ICT HW,반도체장비,핵심,업종직접,비상장,A(고유),성장·안정(추정),미확인,가능(기술성 평가 통과),1(핵심·재확인),,,,,,,,,,,,,,,최종(확정),확정(상호+시군구),주식회사티엔에스솔루션,0.0,22.0,316880,법인,등록,사진기  영사기 및 관련 장비 제조업,2019-11-01,,22.0,7056720.0,0.0,0.0,356.0,5.8,True,통과,,,,NPS 적용일(하한),5.8,통과
597,7900,인세미텍 주식회사,주식회사,이**,혁신성장유형,재확인,2024-04-24,2027-04-23,충남,충청권,천안시,충청남도 천안시,제조업,반도체 제조용 기계 제조업,반도체장비 및 정밀공작기계,반도체·ICT HW,반도체장비,핵심,업종직접,비상장,A(고유),성장·안정(추정),미확인,가능(기술성 평가 통과),1(핵심·재확인),,,,,,,,,,,,,,,최종(확정),확정(상호+시군구),인세미텍주식회사,0.0,20.0,312865,법인,등록,BIZ_NO미존재사업장,2014-01-01,,20.0,6867020.0,0.0,1.0,382.0,11.7,True,통과,,,,NPS 적용일(하한),11.7,통과
598,2621,주식회사 에이엔티시스템,주식회사,김**,혁신성장유형,신규,2024-04-18,2027-04-17,충남,충청권,아산시,충청남도 아산시,제조업,반도체 제조용 기계 제조업,"반도체제조기기 전기,전자부품",반도체·ICT HW,반도체장비,핵심,업종직접,비상장,A(고유),초기(추정),미확인,가능(기술성 평가 통과),3(핵심·신규·혁신성장),,,,,,,,,,,,,,,최종(확정),확정(상호+시군구),주식회사에이엔티시스템,0.0,15.0,525860,법인,등록,주형 및 금형 제조업,2019-06-02,,15.0,4382620.0,0.0,0.0,325.0,6.2,True,통과,,,,NPS 적용일(하한),6.2,통과
599,24943,(주)신진테크,주식회사,"정**,황**",혁신성장유형,재확인,2025-06-11,2028-06-10,경남,동남권,김해시,경남 김해시,제조업,그 외 기타 달리 분류되지 않은 제품 제조업,"반도체피팅류,엘보티밸브금속 가공,플라스틱적층,도포,표면처리제품 제조/부동산 임대,개발,공급",반도체·ICT HW,전자·반도체,핵심,업종조건부+키워드:SEMI,비상장,A(고유),성장·안정(추정),미확인,가능(기술성 평가 통과),1(핵심·재확인),,,,,,,,,,,,,,,최종(확정),확정(상호+시군구),주식회사 신진테크,0.0,18.0,632860,법인,등록,기타 반도체 소자 제조업,2018-11-01,,18.0,4974240.0,1.0,2.0,307.0,6.8,True,통과,,,,NPS 적용일(하한),6.8,통과
600,23597,주식회사 일신앤아이에스,주식회사,인**,혁신성장유형,재확인,2025-04-18,2028-04-17,인천,수도권,남동구,인천광역시 남동구,제조업,유선 통신장비 제조업,"영상감시장치,보안용카메라외",반도체·ICT HW,통신장비,핵심,업종직접,비상장,A(고유),성장·안정(추정),미확인,가능(기술성 평가 통과),1(핵심·재확인),,,,,,,,,,,,,,,최종(확정),확정(상호+시군구),주식회사일신앤아이에스,0.0,14.0,509860,법인,등록,BIZ_NO미존재사업장,2015-07-01,,14.0,4884780.0,0.0,0.0,388.0,10.2,True,통과,,,,NPS 적용일(하한),10.2,통과
601,8158,주식회사 에이젠코어,주식회사,"구**,이**",벤처투자유형,재확인,2024-05-20,2027-05-19,부산,동남권,기장군,부산광역시 기장군,제조업,기타 조명장치 제조업,"삼중수소, 자발광체(GTLS)튜브",에너지·Climate Tech,LED조명·에너지효율,핵심,업종직접|핵심승격(주생산품),비상장,A(고유),투자유치 후 성장(추정),확실(VC 등 5천만원↑ 투자 요건),미확인,1(핵심·재확인),,2017.0,8.4,,,,,,,,,,,,최종(확정),확정(상호+시군구),주식회사 에이젠코어,0.0,42.0,817870,법인,등록,일반용 전기 조명장치 제조업,2017-04-03,,42.0,14412560.0,1.0,1.0,381.0,8.4,True,통과,8178700597,1801111087873.0,20170403.0,DART 설립일,8.4,통과
625,2392,(주)엔다이브,주식회사,이**,혁신성장유형,신규,2023-09-06,2026-09-05,경북,대경권,포항시,경상북도 포항시,제조업,에너지 저장장치 제조업,"ESS 재재조, 전기변환장치",에너지·Climate Tech,ESS,핵심,업종직접,비상장,A(고유),초기(추정),미확인,가능(기술성 평가 통과),3(핵심·신규·혁신성장),,2018.0,7.3,,,,,,,,,,,,최종(확정),확정(상호+시군구),주식회사 엔다이브,0.0,14.0,599810,법인,등록,미장  타일 및 방수 공사업,2018-06-28,,14.0,4854520.0,0.0,0.0,385.0,7.2,True,통과,5998101094,1717110139773.0,20180521.0,DART 설립일,7.3,통과
701,37703,주식회사 패리티,주식회사,김**,벤처투자유형,재확인,2026-03-15,2029-03-14,경기,수도권,안양시,경기도 안양시,제조업,에너지 저장장치 제조업,액체수소 파워팩 수소액화시스템,에너지·Climate Tech,ESS,핵심,업종직접,비상장,A(고유),투자유치 후 성장(추정),확실(VC 등 5천만원↑ 투자 요건),미확인,1(핵심·재확인),,,,,,,,,,,,,,,최종(확정),확정(상호+시군구),주식회사패리티,0.0,22.0,161870,법인,등록,에너지 저장장치 제조업,2019-11-22,,22.0,8587620.0,2.0,0.0,434.0,5.8,True,통과,,,,NPS 적용일(하한),5.8,통과
702,31324,그린웨일글로벌 주식회사,주식회사,Y**,벤처투자유형,재확인,2025-10-22,2028-10-21,서울,수도권,강남구,서울특별시 강남구,제조업,그 외 기타 플라스틱 제품 제조업,"친환경플라스틱제품,합성고무,플라스틱물질 제조/친환경플라스틱 도매/전자상거래",에너지·Climate Tech,기후·환경,핵심,업종조건부+키워드:CLIMATE,비상장,A(고유),투자유치 후 성장(추정),확실(VC 등 5천만원↑ 투자 요건),미확인,1(핵심·재확인),,,,,,,,,,,,,,,최종(확정),확정(상호+시군구),그린웨일글로벌주식회사,0.0,12.0,861880,법인,등록,그 외 기타 생활용품 도매업,2019-03-18,,12.0,4840880.0,1.0,0.0,448.0,6.5,True,통과,,,,NPS 적용일(하한),6.5,통과
703,15433,테라릭스 주식회사,주식회사,김**,벤처투자유형,재확인,2024-09-25,2027-09-24,전북,호남권,부안군,전북 부안군,제조업,전동기 및 발전기 제조업,"연료전지파워팩,연료전지,제어장비,연료전지기반무인항공기 제조/신재생에너지 투자금융/시스템소프트웨어 개발 ,공급",에너지·Climate Tech,발전·신재생,핵심,업종조건부+키워드:ENERGY,비상장,A(고유),투자유치 후 성장(추정),확실(VC 등 5천만원↑ 투자 요건),미확인,1(핵심·재확인),,,,,,,,,,,,,,,최종(확정),확정(상호+시군구),테라릭스 주식회사 (TerraLIX CO. LTD.),0.0,16.0,482870,법인,등록,그 외 기타 전기장비 제조업,2019-08-06,,16.0,6702760.0,0.0,0.0,465.0,6.1,True,통과,,,,NPS 적용일(하한),6.1,통과
704,33217,주식회사 바인딩,주식회사,박**,벤처투자유형,재확인,2025-12-14,2028-12-13,대전,충청권,유성구,대전 유성구,제조업,전동기 및 발전기 제조업,"태양광 발전장치,전기전자제어부품, 반도체장비부품,소프트웨어 개발 및 공급업,연구개발용역",에너지·Climate Tech,발전·신재생,핵심,업종조건부+키워드:ENERGY,비상장,A(고유),투자유치 후 성장(추정),확실(VC 등 5천만원↑ 투자 요건),미확인,1(핵심·재확인),,,,,,,,,,,,,,,최종(확정),확정(상호+시군구),주식회사바인딩,0.0,16.0,883870,법인,등록,전동기 및 발전기 제조업,2020-02-14,,16.0,5064180.0,0.0,0.0,352.0,5.5,True,통과,,,,NPS 적용일(하한),5.5,통과
705,19053,주식회사 비에스지머티리얼즈,주식회사,정**,벤처투자유형,재확인,2025-01-05,2028-01-04,경기,수도권,부천시,경기도 부천시,제조업,그 외 기타 달리 분류되지 않은 제품 제조업,2차 전지 음극재,에너지·Climate Tech,에너지,핵심,업종조건부+키워드:ENERGY,비상장,A(고유),투자유치 후 성장(추정),확실(VC 등 5천만원↑ 투자 요건),미확인,1(핵심·재확인),,,,,,,,,,,,,,,최종(확정),확정(상호+시군구),주식회사비에스지머티리얼즈,0.0,21.0,355880,법인,등록,합성수지 및 기타 플라스틱 물질 제조업,2021-08-10,,21.0,7458540.0,1.0,0.0,395.0,4.1,True,통과,,,,NPS 적용일(하한),4.1,통과
706,28562,주식회사 에이치이엠티,주식회사,이**,벤처투자유형,재확인,2025-08-11,2028-08-10,경기,수도권,수원시,경기도 수원시,제조업,그 외 기타 달리 분류되지 않은 제품 제조업,수소연료전지용 막전극접합체(MEA),에너지·Climate Tech,에너지,핵심,업종조건부+키워드:ENERGY,비상장,A(고유),투자유치 후 성장(추정),확실(VC 등 5천만원↑ 투자 요건),미확인,1(핵심·재확인),,,,,,,,,,,,,,,최종(확정),확정(상호+시도),주식회사 에이치이엠티,0.0,17.0,419860,법인,등록,전동기 및 발전기 제조업,2020-03-02,,17.0,5723120.0,2.0,2.0,374.0,5.5,True,통과,,,,NPS 적용일(하한),5.5,통과
707,6586,주식회사 엔원테크,주식회사,최**,벤처투자유형,재확인,2024-05-06,2027-05-05,경기,수도권,화성시,경기 화성시,제조업,구조용 금속 판제품 및 공작물 제조업,"2차전지 동박설비부문, 플랜트부문, 배관부문",에너지·Climate Tech,에너지,핵심,업종조건부+키워드:ENERGY,비상장,A(고유),투자유치 후 성장(추정),확실(VC 등 5천만원↑ 투자 요건),미확인,1(핵심·재확인),,2020.0,5.5,,,,,,,,,,,,최종(확정),확정(상호+시군구),주식회사엔원테크,0.0,23.0,817810,법인,등록,기타 구조용 금속제품 제조업,2020-07-01,,23.0,8616000.0,0.0,2.0,416.0,5.2,True,통과,8178101731,1650110071349.0,20200302.0,DART 설립일,5.5,통과
708,33412,주식회사 하이젠에너지,주식회사,정**,벤처투자유형,재확인,2025-10-29,2028-10-28,경기,수도권,하남시,경기도 하남시,연구개발서비스,기타 공학 연구개발업,"가스 분리막 (수소, 산소)",에너지·Climate Tech,에너지,핵심,업종조건부+키워드:ENERGY,비상장,A(고유),투자유치 후 성장(추정),확실(VC 등 5천만원↑ 투자 요건),미확인,1(핵심·재확인),,2019.0,5.7,,,,,,,,,,,,최종(확정),확정(상호+시군구),주식회사하이젠에너지,0.0,10.0,614870,법인,등록,기타 기초 무기화학 물질 제조업,2020-01-01,,10.0,3446120.0,0.0,0.0,383.0,5.7,True,통과,6148701395,1801111256741.0,20191213.0,DART 설립일,5.7,통과
709,2849,주식회사 지엠텍,주식회사,양**,벤처투자유형,신규,2023-09-13,2026-09-12,경북,대경권,김천시,경상북도 김천시,제조업,기타 기초 무기 화학물질 제조업,"복합황산염, 탄산리튬",에너지·Climate Tech,에너지 소재,핵심,업종조건부+키워드:ENERGY,비상장,A(고유),투자유치 초기(추정),확실(VC 등 5천만원↑ 투자 요건),미확인,2(핵심·신규·투자/R&D확인),,2021.0,4.5,,,,,,,,,,,,최종(확정),확정(상호+시군구),주식회사 지엠텍,0.0,21.0,581860,법인,등록,염료  조제 무기 안료  유연제 및 기타 착색제 제조업,2021-03-01,,21.0,7252040.0,0.0,0.0,384.0,4.5,True,통과,5818602364,1713110048469.0,20210302.0,DART 설립일,4.5,통과
710,21838,주식회사 알디솔루션,주식회사,손**,벤처투자유형,재확인,2025-02-16,2028-02-15,전북,호남권,완주군,전라북도 완주군,제조업,"기타 비철금속 제련, 정련 및 합금 제조업","Co-Ni 합금, 탄산리튬 등 이차전지 소재",에너지·Climate Tech,에너지 소재,핵심,업종조건부+키워드:ENERGY,비상장,A(고유),투자유치 후 성장(추정),확실(VC 등 5천만원↑ 투자 요건),미확인,1(핵심·재확인),,,,,,,,,,,,,,,최종(확정),확정(상호+시군구),주식회사 알디솔루션,0.0,12.0,567870,법인,등록,축전지 제조업,2020-03-16,,12.0,4174700.0,0.0,1.0,387.0,5.5,True,통과,,,,NPS 적용일(하한),5.5,통과
711,21023,㈜바이오프랜즈,주식회사,조**,벤처투자유형,재확인,2025-03-23,2028-03-22,대전,충청권,유성구,대전광역시 유성구,제조업,석유화학계 기초 화학물질 제조업,"DME, 수소, 청정연료",에너지·Climate Tech,에너지 소재,핵심,업종조건부+키워드:ENERGY,비상장,A(고유),투자유치 후 성장(추정),확실(VC 등 5천만원↑ 투자 요건),미확인,1(핵심·재확인),,2016.0,8.8,,,,,,,,,,,,최종(확정),확정(상호+시군구),(주)바이오프랜즈,0.0,47.0,192860,법인,등록,기타 인문 및 사회과학 연구개발업,2017-02-01,,47.0,14051980.0,0.0,2.0,332.0,8.6,True,통과,1928600453,1601110439219.0,20161101.0,DART 설립일,8.8,통과
712,38780,주식회사 제아이엔지,주식회사,박**,벤처투자유형,재확인,2026-03-15,2029-03-14,경기,수도권,화성시,경기 화성시,제조업,그 외 기타 일반목적용 기계 제조업,수소 충전기및 제어판넬,에너지·Climate Tech,에너지 장비,핵심,업종조건부+키워드:ENERGY,비상장,A(고유),투자유치 후 성장(추정),확실(VC 등 5천만원↑ 투자 요건),미확인,1(핵심·재확인),,,,,,,,,,,,,,,최종(확정),확정(상호+시군구),주식회사제아이엔지,0.0,18.0,108880,법인,등록,시설물 유지관리 공사업,2018-04-23,,18.0,6333820.0,0.0,0.0,391.0,7.4,True,통과,,,,NPS 적용일(하한),7.4,통과
713,14399,주식회사 베리워즈,주식회사,김**,벤처투자유형,재확인,2024-10-15,2027-10-14,경북,대경권,포항시,경북 포항시,연구개발서비스,기타 자연과학 연구개발업,"기후변화,에너지최적화,신재생에너지 컨설팅,학술연구용역/전기이륜차배터리 교환충전시스템 제조/태양광 발전/전기이륜차기반 플랫폼/환경관련 컨설팅,학술연구",에너지·Climate Tech,에너지·기후 R&D,핵심,업종조건부+키워드:ENERGY/CLIMATE,비상장,A(고유),투자유치 후 성장(추정),확실(VC 등 5천만원↑ 투자 요건),미확인,1(핵심·재확인),,,,,,,,,,,,,,,최종(확정),확정(상호+시군구),주식회사베리워즈,0.0,37.0,104870,법인,등록,경영 컨설팅업,2017-01-09,,37.0,13395220.0,1.0,3.0,402.0,8.6,True,통과,,,,NPS 적용일(하한),8.6,통과
714,32139,(주)유앤에스에너지,주식회사,김**,벤처투자유형,재확인,2025-11-05,2028-11-04,충남,충청권,천안시,충청남도 천안시,제조업,기타 이차전지 제조업,"리튬이온이차전지, 리튬이온이차전지용 설비 및 소재",에너지·Climate Tech,이차전지,핵심,업종직접,비상장,A(고유),투자유치 후 성장(추정),확실(VC 등 5천만원↑ 투자 요건),미확인,1(핵심·재확인),,,,,,,,,,,,,,,최종(확정),확정(상호+시군구),주식회사 유앤에스에너지,0.0,14.0,147870,법인,등록,축전지 제조업,2018-09-11,,14.0,5233560.0,1.0,0.0,415.0,7.0,True,통과,,,,NPS 적용일(하한),7.0,통과
715,9672,주식회사 코스모스랩,주식회사,이**,벤처투자유형,재확인,2024-06-09,2027-06-08,대전,충청권,유성구,대전광역시 유성구,제조업,기타 이차전지 제조업,"축전지 제조,에너지 저장장치 제조,충전기 제조,전자상거래 소매업",에너지·Climate Tech,이차전지,핵심,업종직접,비상장,A(고유),투자유치 후 성장(추정),확실(VC 등 5천만원↑ 투자 요건),미확인,1(핵심·재확인),,,,,,,,,,,,,,,최종(확정),확정(상호+시군구),주식회사코스모스랩(COSMOSLABCo. Ltd.),0.0,26.0,188810,법인,등록,축전지 제조업,2021-05-01,,26.0,7551660.0,2.0,1.0,323.0,4.3,True,통과,,,,NPS 적용일(하한),4.3,통과
716,6564,주식회사 니바코퍼레이션,주식회사,백**,벤처투자유형,재확인,2024-03-30,2027-03-29,대전,충청권,유성구,대전광역시 유성구,제조업,기타 이차전지 제조업,"리튬메탈소재, 코인셀부품",에너지·Climate Tech,이차전지,핵심,업종직접,비상장,A(고유),투자유치 후 성장(추정),확실(VC 등 5천만원↑ 투자 요건),미확인,1(핵심·재확인),,,,,,,,,,,,,,,최종(확정),확정(상호+시군구),주식회사니바코퍼레이션(NEBACorp.),0.0,21.0,581810,법인,등록,축전지 제조업,2019-12-05,,21.0,5823600.0,0.0,1.0,308.0,5.7,True,통과,,,,NPS 적용일(하한),5.7,통과
717,34876,주식회사 씨티엔에스,주식회사,권**,벤처투자유형,재확인,2025-11-13,2028-11-12,경남,동남권,창원시,경상남도 창원시,제조업,기타 이차전지 제조업,"전동킥보드, 배터리모듈",에너지·Climate Tech,이차전지,핵심,업종직접,비상장,A(고유),투자유치 후 성장(추정),확실(VC 등 5천만원↑ 투자 요건),미확인,1(핵심·재확인),,2017.0,8.2,,,,,,,,,,,,최종(확정),확정(상호+시군구),주식회사 씨티엔에스,0.0,47.0,307815,법인,등록,기타 엔지니어링 서비스업,2017-06-28,,47.0,16612100.0,1.0,2.0,393.0,8.2,True,통과,3078150055,1955110208376.0,20170621.0,DART 설립일,8.2,통과
718,5812,주식회사 디에스이브이,주식회사,임**,벤처투자유형,신규,2024-03-13,2027-03-12,경남,동남권,김해시,경남 김해시,제조업,기타 이차전지 제조업,2차전지 배터리팩,에너지·Climate Tech,이차전지,핵심,업종직접,비상장,A(고유),투자유치 초기(추정),확실(VC 등 5천만원↑ 투자 요건),미확인,2(핵심·신규·투자/R&D확인),,2020.0,5.3,,,,,,,,,,,,최종(확정),확정(상호+시군구),주식회사 디에스이브이,0.0,36.0,755860,법인,등록,승용차 및 기타 여객용 자동차 제조업,2020-05-20,,36.0,13115520.0,0.0,0.0,405.0,5.3,True,통과,7558601836,1345110457059.0,20200515.0,DART 설립일,5.3,통과
719,32867,"(주)에스엠랩 SM LAB Co.,Ltd.",주식회사,조**,벤처투자유형,재확인,2025-11-28,2028-11-27,울산,동남권,울주군,울산광역시 울주군,제조업,기타 이차전지 제조업,이차전지 양극소재,에너지·Climate Tech,이차전지,핵심,업종직접,비상장,A(고유),투자유치 후 성장(추정),확실(VC 등 5천만원↑ 투자 요건),미확인,1(핵심·재확인),,,,,,,,,,,,,,,최종(확정),확정(상호+시군구),(주)에스엠랩 SM LAB Co. Ltd.,0.0,88.0,778810,법인,등록,축전지 제조업,2018-12-10,,88.0,32866900.0,0.0,2.0,415.0,6.7,True,통과,,,,NPS 적용일(하한),6.7,통과
720,31502,주식회사 와이에스피,주식회사,고**,벤처투자유형,재확인,2025-09-23,2028-09-22,경남,동남권,함안군,경상남도 함안군,기타,태양력 발전업,"태양광발전 공사, 태양광 접속함 생산",에너지·Climate Tech,재생에너지 발전,핵심,업종직접,비상장,A(고유),투자유치 후 성장(추정),확실(VC 등 5천만원↑ 투자 요건),미확인,1(핵심·재확인),,,,,,,,,,,,,,,최종(확정),확정(상호+시군구),(주)와이에스피,2.0,82.0,147860,법인,등록,그 외 기타 건축자재 도매업,2016-08-10,,17.0,4602720.0,2.0,2.0,301.0,9.1,True,통과,,,,NPS 적용일(하한),9.1,통과
721,15537,주식회사 플레코,주식회사,권**,벤처투자유형,신규,2024-10-15,2027-10-14,경기,수도권,광명시,경기도 광명시,제조업,기타 전기 변환장치 제조업,"전력변환장치 연구 및 개발, 전자식모의훈련기기, 전력변환장치 및 관련제품 제조 및 도소매, 전력시험기제조업",에너지·Climate Tech,전력변환·충전,핵심,업종조건부+키워드:ENERGY/MOBILITY,비상장,A(고유),투자유치 초기(추정),확실(VC 등 5천만원↑ 투자 요건),미확인,2(핵심·신규·투자/R&D확인),,,,,,,,,,,,,,,최종(확정),확정(상호+시군구),주식회사플레코,0.0,12.0,664810,법인,등록,기타 인문 및 사회과학 연구개발업,2020-05-01,,12.0,4390720.0,1.0,0.0,407.0,5.3,True,통과,,,,NPS 적용일(하한),5.3,통과
723,24513,㈜스타스테크,주식회사,양**,벤처투자유형,재확인,2025-05-15,2028-05-14,서울,수도권,구로구,서울특별시 구로구,제조업,그 외 기타 분류 안된 화학제품 제조업,친환경제설제,에너지·Climate Tech,친환경 소재,핵심,업종조건부+키워드:CLIMATE,비상장,A(고유),투자유치 후 성장(추정),확실(VC 등 5천만원↑ 투자 요건),미확인,1(핵심·재확인),,2017.0,7.8,,,,,,,,,,,,최종(확정),확정(상호+시군구),주식회사스타스테크(STARstechCo. Ltd),0.0,43.0,853870,법인,등록,그 외 기타 상품 전문 도매업,2018-04-02,,43.0,15065220.0,1.0,1.0,389.0,7.4,True,통과,8538700953,1101116583945.0,20171130.0,DART 설립일,7.8,통과
724,13685,주식회사 카본밸류,주식회사,고**,벤처투자유형,재확인,2024-10-13,2027-10-12,부산,동남권,해운대구,부산광역시 해운대구,기타,환경 관련 엔지니어링 서비스업,이산화탄소 저감 장치 제조 및 엔지니어링,에너지·Climate Tech,환경·기후 솔루션,핵심,업종조건부+키워드:CLIMATE/ENERGY/AI/SW,비상장,A(고유),투자유치 후 성장(추정),확실(VC 등 5천만원↑ 투자 요건),미확인,1(핵심·재확인),,,,,,,,,,,,,,,최종(확정),확정(상호+시군구),(주)카본밸류,0.0,12.0,638880,법인,등록,환경 관련 엔지니어링 서비스업,2021-09-01,,12.0,5084340.0,0.0,0.0,471.0,4.0,True,통과,,,,NPS 적용일(하한),4.0,통과
725,36101,주식회사 파란에너지,주식회사,김**,벤처투자유형,재확인,2026-01-10,2029-01-09,경기,수도권,성남시,경기 성남시,기타,환경 관련 엔지니어링 서비스업,"에너지절감 컨설팅.,정보,빌딩에너지 관리,운영/응용소프트웨어 개발,공급",에너지·Climate Tech,환경·기후 솔루션,핵심,업종조건부+키워드:CLIMATE/ENERGY/AI/SW,비상장,A(고유),투자유치 후 성장(추정),확실(VC 등 5천만원↑ 투자 요건),미확인,1(핵심·재확인),,,,,,,,,,,,,,,최종(확정),확정(상호+시군구),주식회사 파란에너지,0.0,10.0,525860,법인,등록,기타 엔지니어링 서비스업,2018-01-01,,10.0,3926760.0,0.0,0.0,436.0,7.7,True,통과,,,,NPS 적용일(하한),7.7,통과
726,31681,이온어스(주),주식회사,허**,연구개발유형,재확인,2025-11-03,2028-11-02,경기,수도권,수원시,경기 수원시,제조업,에너지 저장장치 제조업,이동형 에너지 저장장치,에너지·Climate Tech,ESS,핵심,업종직접,비상장,A(고유),R&D 중심(추정),미확인,확실(기업부설연구소·R&D비 요건),1(핵심·재확인),,,,,,,,,,,,,,,최종(확정),확정(상호+시군구),이온어스(주),0.0,15.0,774810,법인,등록,에너지 저장장치 제조업,2020-03-01,,15.0,5214360.0,0.0,0.0,386.0,5.5,True,통과,,,,NPS 적용일(하한),5.5,통과
727,32958,주식회사 비에이에너지,주식회사,강**,연구개발유형,재확인,2025-11-28,2028-11-27,광주,호남권,북구,광주광역시 북구,제조업,에너지 저장장치 제조업,배터리 안전관리시스템,에너지·Climate Tech,ESS,핵심,업종직접,비상장,A(고유),R&D 중심(추정),미확인,확실(기업부설연구소·R&D비 요건),1(핵심·재확인),,2014.0,11.2,,,,,,,,,,,,최종(확정),확정(상호+시군구),(주)비에이에너지,0.0,34.0,409864,법인,등록,기타 건축용 나무제품 제조업,2014-11-01,,34.0,9950720.0,0.0,1.0,325.0,10.8,True,통과,4098647133,2001110401342.0,20140701.0,DART 설립일,11.2,통과
728,21663,주식회사 에스지에너지,주식회사,이**,연구개발유형,재확인,2025-04-03,2028-04-02,대전,충청권,대덕구,대전 대덕구,제조업,전동기 및 발전기 제조업,태양광모듈 태양광기자재,에너지·Climate Tech,발전·신재생,핵심,업종조건부+키워드:ENERGY,비상장,A(고유),R&D 중심(추정),미확인,확실(기업부설연구소·R&D비 요건),1(핵심·재확인),,2019.0,6.4,,,,,,,,,,,,최종(확정),확정(상호+시군구),(주)에스지에너지,0.0,40.0,228860,법인,등록,포장용 플라스틱 성형용기 제조업,2019-04-08,,40.0,11996100.0,2.0,1.0,333.0,6.4,True,통과,2288601367,1601110512643.0,20190408.0,DART 설립일,6.4,통과
729,14972,주식회사 지엔이피에스,주식회사,"이**,정**",연구개발유형,재확인,2024-11-12,2027-11-11,전남,호남권,장성군,전라남도 장성군,제조업,전동기 및 발전기 제조업,CTTS ESS PCS,에너지·Climate Tech,발전·신재생,핵심,업종조건부+키워드:ENERGY,비상장,A(고유),R&D 중심(추정),미확인,확실(기업부설연구소·R&D비 요건),1(핵심·재확인),,,,,,,,,,,,,,,최종(확정),확정(상호+시군구),(주)지엔이피에스,0.0,15.0,493880,법인,등록,전동기 및 발전기 제조업,2015-07-15,,15.0,5187280.0,1.0,0.0,384.0,10.1,True,통과,,,,NPS 적용일(하한),10.1,통과
730,23692,(주)에프씨아이,주식회사,이**,연구개발유형,재확인,2025-05-07,2028-05-06,대전,충청권,유성구,대전 유성구,제조업,전동기 및 발전기 제조업,"연료전지 제조/건물용기계,장치 설치/산업용기계,장비 도소매/부동산 임대/학술 용역",에너지·Climate Tech,발전·신재생,핵심,업종조건부+키워드:ENERGY,비상장,A(고유),R&D 중심(추정),미확인,확실(기업부설연구소·R&D비 요건),1(핵심·재확인),,2018.0,7.4,,,,,,,,,,,,최종(확정),확정(상호+시군구),(주)에프씨아이,0.0,31.0,744860,법인,등록,축전지 제조업,2018-04-02,,31.0,14009560.0,2.0,1.0,502.0,7.4,True,통과,7448600894,1601110480684.0,20180327.0,DART 설립일,7.4,통과
731,24229,엔진테크윈㈜,주식회사,나**,연구개발유형,재확인,2025-05-28,2028-05-27,경기,수도권,화성시,경기도 화성시,제조업,전동기 및 발전기 제조업,바이오가스발전기및부속품,에너지·Climate Tech,발전·신재생,핵심,업종조건부+키워드:ENERGY,비상장,A(고유),R&D 중심(추정),미확인,확실(기업부설연구소·R&D비 요건),1(핵심·재확인),,,,,,,,,,,,,,,최종(확정),확정(상호+시군구),엔진테크윈(주),0.0,10.0,299880,법인,등록,기타 일반 기계 및 장비 수리업,2016-10-06,,10.0,3346980.0,1.0,0.0,372.0,8.9,True,통과,,,,NPS 적용일(하한),8.9,통과
732,26825,주식회사 유로컨설팅,주식회사,기**,연구개발유형,재확인,2025-05-19,2028-05-18,서울,수도권,강서구,서울특별시 강서구,기타,기타 엔지니어링 서비스업,설계 및 감리 컨설팅 연구개발업 신재생에너지 연구,에너지·Climate Tech,에너지,핵심,업종조건부+키워드:ENERGY,비상장,A(고유),R&D 중심(추정),미확인,확실(기업부설연구소·R&D비 요건),1(핵심·재확인),,,,,,,,,,,,,,,최종(확정),확정(상호+시군구),주식회사유로컨설팅,0.0,15.0,876880,법인,등록,건물 및 토목 엔지니어링 서비스업(기술사),2019-01-01,,15.0,3546320.0,2.0,2.0,263.0,6.7,True,통과,,,,NPS 적용일(하한),6.7,통과
733,26363,주식회사 스탠더드시험연구소,주식회사,"박**,박**",연구개발유형,재확인,2025-07-01,2028-06-30,대전,충청권,유성구,대전광역시 유성구,연구개발서비스,기타 공학 연구개발업,원자력 기계성능시험화재 연구개발,에너지·Climate Tech,에너지,핵심,업종조건부+키워드:ENERGY,비상장,A(고유),R&D 중심(추정),미확인,확실(기업부설연구소·R&D비 요건),1(핵심·재확인),,,,,,,,,,,,,,,최종(확정),확정(상호+시군구),(주)스탠더드시험연구소,0.0,36.0,314865,법인,등록,BIZ_NO미존재사업장,2014-03-01,,36.0,10942600.0,2.0,2.0,338.0,11.5,True,통과,,,,NPS 적용일(하한),11.5,통과
734,17090,아크로랩스 주식회사 ,주식회사,김**,연구개발유형,재확인,2024-11-17,2027-11-16,경기,수도권,성남시,경기도 성남시,제조업,그 외 기타 전기장비 제조업,"친환경에너지저장시스템,연료전지시스템, 수전해시스템",에너지·Climate Tech,에너지·전력기기,핵심,업종조건부+키워드:ENERGY,비상장,A(고유),R&D 중심(추정),미확인,확실(기업부설연구소·R&D비 요건),1(핵심·재확인),,,,,,,,,,,,,,,최종(확정),확정(상호+시군구),아크로랩스주식회사(AcroLabsInc.),0.0,18.0,707880,법인,등록,그 외 기타 전기장비 제조업,2017-01-17,,18.0,6072660.0,0.0,0.0,375.0,8.6,True,통과,,,,NPS 적용일(하한),8.6,통과
735,34225,주식회사 티앨씨,주식회사,김**,연구개발유형,재확인,2025-12-28,2028-12-27,서울,수도권,금천구,서울특별시 금천구,제조업,기타 이차전지 제조업,"워터필터, 에어필터 등",에너지·Climate Tech,이차전지,핵심,업종직접,비상장,A(고유),R&D 중심(추정),미확인,확실(기업부설연구소·R&D비 요건),1(핵심·재확인),,,,,,,,,,,,,,,최종(확정),확정(상호+시도),주식회사 티앨씨,1.0,12.0,538860,법인,등록,산업용 냉장 및 냉동장비 제조업,2015-07-01,,6.0,1329360.0,0.0,0.0,246.0,10.2,True,통과,,,,NPS 적용일(하한),10.2,통과
736,36453,주식회사 이솔루션,주식회사,권**,연구개발유형,재확인,2026-02-09,2029-02-08,대전,충청권,유성구,대전 유성구,제조업,운송장비용 이차전지 제조업,"축전지,이차전지,ESS 에너지 저장시스템 제조",에너지·Climate Tech,이차전지,핵심,업종직접,비상장,A(고유),R&D 중심(추정),미확인,확실(기업부설연구소·R&D비 요건),1(핵심·재확인),,2015.0,10.2,,,,,,,,,,,,최종(확정),확정(상호+시군구),주식회사 이솔루션,0.0,36.0,624880,법인,등록,축전지 제조업,2015-10-19,,36.0,10248160.0,0.0,0.0,316.0,9.9,True,통과,6248800139,1101115768580.0,20150701.0,DART 설립일,10.2,통과
737,30143,베스트에너지(주),주식회사,안**,연구개발유형,재확인,2025-09-28,2028-09-27,부산,동남권,강서구,부산광역시 강서구,제조업,기타 이차전지 제조업,2차전지 리드탭 필름 등,에너지·Climate Tech,이차전지,핵심,업종직접,비상장,A(고유),R&D 중심(추정),미확인,확실(기업부설연구소·R&D비 요건),1(핵심·재확인),,,,,,,,,,,,,,,최종(확정),확정(상호+시군구),베스트에너지(주),0.0,15.0,609861,법인,등록,합성수지 및 기타 플라스틱 물질 제조업,2014-11-10,,15.0,3971380.0,1.0,0.0,294.0,10.8,True,통과,,,,NPS 적용일(하한),10.8,통과
738,16993,(주)제이알배터리시스템,주식회사,하**,연구개발유형,재확인,2024-11-03,2027-11-02,경기,수도권,군포시,경기도 군포시,제조업,기타 이차전지 제조업,"모바일 배터리팩, ESS",에너지·Climate Tech,이차전지,핵심,업종직접,비상장,A(고유),R&D 중심(추정),미확인,확실(기업부설연구소·R&D비 요건),1(핵심·재확인),,,,,,,,,,,,,,,최종(확정),확정(상호+시군구),(주)제이알배터리시스템,0.0,19.0,336860,법인,등록,전동기 및 발전기 제조업,2017-05-17,,19.0,6119760.0,1.0,2.0,358.0,8.3,True,통과,,,,NPS 적용일(하한),8.3,통과
739,9911,주식회사 케이퓨얼셀,주식회사,"나**,조**",연구개발유형,신규,2024-07-10,2027-07-09,경기,수도권,용인시,경기 용인시,제조업,그 외 자동차용 신품 부품 제조업,"자동차부품,연료전지시스템및관련부품,연료전지파워팩,시스템소프트웨어개발및공급, 연료전지연구개발",에너지·Climate Tech,전력·전동화 부품,핵심,업종조건부+키워드:ENERGY,비상장,A(고유),R&D 중심(추정),미확인,확실(기업부설연구소·R&D비 요건),2(핵심·신규·투자/R&D확인),,,,,,,,,,,,,,,최종(확정),확정(상호+시군구),주식회사케이퓨얼셀,0.0,38.0,111880,법인,등록,그 외 자동차용 신품 부품 제조업,2021-02-22,,38.0,16553300.0,0.0,0.0,484.0,4.5,True,통과,,,,NPS 적용일(하한),4.5,통과
740,21105,주식회사 현대폴리텍,주식회사,김**,연구개발유형,재확인,2025-03-23,2028-03-22,경남,동남권,김해시,경상남도 김해시,제조업,합성수지 및 기타 플라스틱 물질 제조업,"선박구성품, 탄소섬유외, 유리섬유외, 섬유가공기계",에너지·Climate Tech,친환경 소재,핵심,업종조건부+키워드:CLIMATE,비상장,A(고유),R&D 중심(추정),미확인,확실(기업부설연구소·R&D비 요건),1(핵심·재확인),,,,,,,,,,,,,,,최종(확정),확정(상호+시군구),주식회사현대폴리텍,0.0,11.0,646860,법인,등록,선박 구성 부분품 제조업,2018-01-01,,11.0,3211400.0,0.0,0.0,324.0,7.7,True,통과,,,,NPS 적용일(하한),7.7,통과
741,12818,주식회사 하이코스,주식회사,신**,혁신성장유형,신규,2024-09-25,2027-09-24,경기,수도권,화성시,경기 화성시,제조업,에너지 저장장치 제조업,"바이오,환경,에너지사업,가스기기 부품 제조업,가스용품,안전장비,소방자재기기",에너지·Climate Tech,ESS,핵심,업종직접,비상장,A(고유),초기(추정),미확인,가능(기술성 평가 통과),3(핵심·신규·혁신성장),,,,,,,,,,,,,,,최종(확정),확정(상호+시군구),주식회사 하이코스,0.0,25.0,366860,법인,등록,에너지 저장장치 제조업,2021-06-01,,25.0,7969200.0,2.0,0.0,354.0,4.2,True,통과,,,,NPS 적용일(하한),4.2,통과
742,27128,(주)이솔산업,주식회사,"오**,최**",혁신성장유형,재확인,2025-06-25,2028-06-24,인천,수도권,부평구,인천광역시 부평구,제조업,그 외 기타 플라스틱 제품 제조업,PLA 친환경 생분해 시트 제조 및 식품용기 판매,에너지·Climate Tech,기후·환경,핵심,업종조건부+키워드:CLIMATE,비상장,A(고유),성장·안정(추정),미확인,가능(기술성 평가 통과),1(핵심·재확인),,2014.0,11.4,,,,,,,,,,,,최종(확정),확정(상호+시군구),주식회사이솔산업,0.0,45.0,122863,법인,등록,유선 통신장비 제조업,2014-06-12,,45.0,14178340.0,0.0,2.0,350.0,11.2,True,통과,1228638829,1201110703141.0,20140404.0,DART 설립일,11.4,통과
744,33415,주식회사 해전쏠라,주식회사,이**,혁신성장유형,재확인,2025-12-08,2028-12-07,경북,대경권,김천시,경상북도 김천시,제조업,전동기 및 발전기 제조업,태양광발전장치,에너지·Climate Tech,발전·신재생,핵심,업종조건부+키워드:ENERGY,비상장,A(고유),성장·안정(추정),미확인,가능(기술성 평가 통과),1(핵심·재확인),,2013.0,11.8,,,,,,,,,,,,최종(확정),확정(상호+시군구),주식회사 해전쏠라,0.0,15.0,606865,법인,등록,미장  타일 및 방수 공사업,2013-11-06,,15.0,4096120.0,0.0,2.0,303.0,11.8,True,통과,6068650544,1801110884725.0,20131106.0,DART 설립일,11.8,통과
745,11554,주식회사 중심티엔씨,주식회사,박**,혁신성장유형,재확인,2024-08-23,2027-08-22,부산,동남권,남구,부산광역시 남구,제조업,기타 구조용 금속제품 제조업,"조립식 구조물,금속판제품 제조/건축 엔지니어링/신재생에너지공사,무대기계공사,금속구조물창호공사",에너지·Climate Tech,에너지,핵심,업종조건부+키워드:ENERGY,비상장,A(고유),성장·안정(추정),미확인,가능(기술성 평가 통과),1(핵심·재확인),,,,,,,,,,,,,,,최종(확정),확정(상호+시도),주식회사 중심티엔씨,0.0,14.0,783870,법인,등록,보링  그라우팅 및 관정 공사업,2016-06-01,,14.0,4363420.0,1.0,1.0,346.0,9.2,True,통과,,,,NPS 적용일(하한),9.2,통과
746,6396,㈜클린일렉스,주식회사,허**,혁신성장유형,재확인,2024-04-29,2027-04-28,경기,수도권,군포시,경기도 군포시,제조업,그 외 기타 전기장비 제조업,전기차충전기,에너지·Climate Tech,에너지·전력기기,핵심,업종조건부+키워드:ENERGY,비상장,A(고유),성장·안정(추정),미확인,가능(기술성 평가 통과),1(핵심·재확인),,2014.0,10.8,,,,,,,,,,,,최종(확정),확정(상호+시군구),(주)클린일렉스,0.0,54.0,123864,법인,등록,BIZ_NO미존재사업장,2014-11-07,,54.0,18977200.0,3.0,2.0,390.0,10.8,True,통과,1238646166,1341110395885.0,20141101.0,DART 설립일,10.8,통과
747,27903,주식회사 하영테크,주식회사,옥**,혁신성장유형,재확인,2025-06-27,2028-06-26,경기,수도권,안성시,경기 안성시,제조업,배전반 및 전기 자동제어반 제조업,"배전반 및 전기 자동제어반 제조업,산업 처리공정 제어장비 제조업,태양광 발전업,건물용 기계ㆍ장비 설치 공사업,내부 전기배선 공사업,전기용품 및 조명장치",에너지·Climate Tech,전력·스마트그리드,핵심,업종조건부+키워드:ENERGY,비상장,A(고유),성장·안정(추정),미확인,가능(기술성 평가 통과),1(핵심·재확인),,,,,,,,,,,,,,,최종(확정),확정(상호+시군구),주식회사하영테크,0.0,28.0,497810,법인,등록,배전반 및 전기 자동제어반 제조업,2016-12-21,,28.0,10608860.0,0.0,2.0,421.0,8.7,True,통과,,,,NPS 적용일(하한),8.7,통과
748,10211,㈜지오에코텍,주식회사,김**,혁신성장유형,재확인,2024-06-10,2027-06-09,강원,강원권,횡성군,강원특별자치도 횡성군,제조업,그 외 기타 분류 안된 화학제품 제조업,친환경 제설제,에너지·Climate Tech,친환경 소재,핵심,업종조건부+키워드:CLIMATE,비상장,A(고유),성장·안정(추정),미확인,가능(기술성 평가 통과),1(핵심·재확인),,,,,,,,,,,,,,,최종(확정),확정(상호+시군구),（주）지오에코텍,0.0,10.0,264813,법인,등록,그 외 기타 분류 안된 섬유제품 제조업,2014-11-01,,10.0,3257840.0,0.0,0.0,362.0,10.8,True,통과,,,,NPS 적용일(하한),10.8,통과
749,24311,(주)자카본,주식회사,최**,혁신성장유형,재확인,2025-05-18,2028-05-17,강원,강원권,철원군,강원 철원군,제조업,그 외 기타 분류 안된 화학제품 제조업,"활성탄,그 외 기타 생활용품 도매업,첨가제, 안트라사이트.정수용여과제, 수처리제,무역, 플랜드사업, 환경기계",에너지·Climate Tech,친환경 소재,핵심,업종조건부+키워드:CLIMATE,비상장,A(고유),성장·안정(추정),미확인,가능(기술성 평가 통과),1(핵심·재확인),,,,,,,,,,,,,,,최종(확정),확정(상호+시군구),주식회사 자카본,0.0,22.0,383870,법인,등록,그 외 기타 분류 안된 화학제품 제조업,2020-05-02,,22.0,5144140.0,1.0,0.0,260.0,5.3,True,통과,,,,NPS 적용일(하한),5.3,통과
750,33850,하이스트 주식회사,주식회사,임**,혁신성장유형,재확인,2025-11-01,2028-10-31,전북,호남권,김제시,전라북도 김제시,제조업,기체 여과기 제조업,수처리 설비,에너지·Climate Tech,환경 장비,핵심,업종조건부+키워드:CLIMATE/ENERGY,비상장,A(고유),성장·안정(추정),미확인,가능(기술성 평가 통과),1(핵심·재확인),,,,,,,,,,,,,,,최종(확정),확정(상호+시군구),하이스트 주식회사,0.0,17.0,418815,법인,등록,기타 엔지니어링 서비스업,2015-02-01,,17.0,4748260.0,0.0,0.0,310.0,10.6,True,통과,,,,NPS 적용일(하한),10.6,통과
842,17106,주식회사 하이스코어게임즈,주식회사,김**,벤처투자유형,재확인,2024-12-29,2027-12-28,경기,수도권,성남시,경기도 성남시,정보처리S/W,모바일 게임 소프트웨어 개발 및 공급업,모바일게임,콘텐츠·미디어,게임,핵심,업종직접,비상장,A(고유),투자유치 후 성장(추정),확실(VC 등 5천만원↑ 투자 요건),미확인,1(핵심·재확인),,,,,,,,,,,,,,,최종(확정),확정(상호+시군구),주식회사 하이스코어게임즈,0.0,21.0,128872,법인,등록,모바일 게임 소프트웨어 개발 및 공급업,2021-03-10,,21.0,5767920.0,1.0,0.0,305.0,4.5,True,통과,,,,NPS 적용일(하한),4.5,통과
843,13135,주식회사 에이펀인터렉티브,주식회사,권**,벤처투자유형,재확인,2024-09-29,2027-09-28,서울,수도권,영등포구,서울 영등포구,정보처리S/W,기타 게임 소프트웨어 개발 및 공급업,가상현실 컨텐츠 개발업,콘텐츠·미디어,게임,핵심,업종직접,비상장,A(고유),투자유치 후 성장(추정),확실(VC 등 5천만원↑ 투자 요건),미확인,1(핵심·재확인),,2017.0,8.5,,,,,,,,,,,,최종(확정),확정(상호+시군구),주식회사에이펀인터렉티브,0.0,44.0,407880,법인,등록,응용 소프트웨어 개발 및 공급업,2017-03-09,,44.0,16966980.0,0.0,1.0,428.0,8.5,True,통과,4078800626,1101116339710.0,20170309.0,DART 설립일,8.5,통과
844,23736,주식회사 마코빌,주식회사,이**,벤처투자유형,재확인,2025-03-26,2028-03-25,전남,호남권,순천시,전라남도 순천시,정보처리S/W,모바일 게임 소프트웨어 개발 및 공급업,"모바일 게임, 콘텐츠",콘텐츠·미디어,게임,핵심,업종직접,비상장,A(고유),투자유치 후 성장(추정),확실(VC 등 5천만원↑ 투자 요건),미확인,1(핵심·재확인),,,,,,,,,,,,,,,최종(확정),"추정(상호만 일치, 주소 불일치)",주식회사마코빌,0.0,83.0,166870,법인,등록,모바일 게임 소프트웨어 개발 및 공급업,2020-03-01,,83.0,27246060.0,1.0,1.0,365.0,5.5,True,통과,,,,NPS 적용일(하한),5.5,통과
845,18149,테이크파이브스튜디오스 주식회사,주식회사,나**,벤처투자유형,재확인,2025-01-16,2028-01-15,인천,수도권,연수구,인천광역시 연수구,정보처리S/W,모바일 게임 소프트웨어 개발 및 공급업,모바일 게임,콘텐츠·미디어,게임,핵심,업종직접,비상장,A(고유),투자유치 후 성장(추정),확실(VC 등 5천만원↑ 투자 요건),미확인,1(핵심·재확인),,,,,,,,,,,,,,,최종(확정),확정(상호+시군구),테이크파이브스튜디오스주식회사,0.0,43.0,357810,법인,등록,응용 소프트웨어 개발 및 공급업,2019-03-01,,43.0,19576880.0,0.0,2.0,506.0,6.5,True,통과,,,,NPS 적용일(하한),6.5,통과
846,12846,(주)니오스트림인터랙티브,주식회사,"김**,이**,이**",벤처투자유형,재확인,2024-09-23,2027-09-22,서울,수도권,강남구,서울 강남구,정보처리S/W,기타 게임 소프트웨어 개발 및 공급업,"게임,소프트웨어개발,공급",콘텐츠·미디어,게임,핵심,업종직접,비상장,A(고유),투자유치 후 성장(추정),확실(VC 등 5천만원↑ 투자 요건),미확인,1(핵심·재확인),,,,,,,,,,,,,,,최종(확정),확정(상호+시군구),(주)니오스트림인터랙티브,0.0,11.0,206870,법인,등록,응용 소프트웨어 개발 및 공급업,2015-08-17,,11.0,5368800.0,0.0,0.0,542.0,10.0,True,통과,,,,NPS 적용일(하한),10.0,통과
847,2534,주식회사 블랙스톰,주식회사,김**,벤처투자유형,신규,2023-08-16,2026-08-15,경기,수도권,안양시,경기도 안양시,정보처리S/W,유선 온라인 게임 소프트웨어 개발 및 공급업,게임소프트웨어 제작,콘텐츠·미디어,게임,핵심,업종직접,비상장,A(고유),투자유치 초기(추정),확실(VC 등 5천만원↑ 투자 요건),미확인,2(핵심·신규·투자/R&D확인),,,,,,,,,,,,,,,최종(확정),확정(상호+시군구),주식회사 블랙스톰,0.0,48.0,807870,법인,등록,응용 소프트웨어 개발 및 공급업,2021-09-03,,48.0,21072860.0,2.0,13.0,488.0,4.0,True,통과,,,,NPS 적용일(하한),4.0,통과
848,4678,주식회사 슈퍼핸드,주식회사,김**,벤처투자유형,신규,2023-12-27,2026-12-26,서울,수도권,강남구,서울특별시 강남구,정보처리S/W,기타 게임 소프트웨어 개발 및 공급업,온라인게임아이템,콘텐츠·미디어,게임,핵심,업종직접,비상장,A(고유),투자유치 초기(추정),확실(VC 등 5천만원↑ 투자 요건),미확인,2(핵심·신규·투자/R&D확인),,,,,,,,,,,,,,,최종(확정),확정(상호+시군구),주식회사슈퍼핸드,0.0,11.0,529860,법인,등록,응용 소프트웨어 개발 및 공급업,2020-12-01,,11.0,3960840.0,0.0,9.0,400.0,4.7,True,통과,,,,NPS 적용일(하한),4.7,통과
849,18601,㈜모노리스,주식회사,"김**,김**",벤처투자유형,재확인,2025-01-11,2028-01-10,제주,제주권,제주시,제주특별자치도 제주시,정보처리S/W,기타 게임 소프트웨어 개발 및 공급업,테마파크시스템,콘텐츠·미디어,게임,핵심,업종직접,비상장,A(고유),투자유치 후 성장(추정),확실(VC 등 5천만원↑ 투자 요건),미확인,1(핵심·재확인),,2017.0,8.3,,,,,,,,,,,,최종(확정),확정(상호+시군구),(주)모노리스,0.0,65.0,556870,법인,등록,컴퓨터 시스템 통합 자문 및 구축 서비스업,2017-06-01,,65.0,29829820.0,2.0,1.0,510.0,8.2,True,통과,5568700649,2201110162817.0,20170525.0,DART 설립일,8.3,통과
850,19617,주식회사 엔엑스쓰리게임즈,주식회사,"최**,최**",벤처투자유형,재확인,2024-11-27,2027-11-26,서울,수도권,강남구,서울 강남구,정보처리S/W,모바일 게임 소프트웨어 개발 및 공급업,모바일 게임 소프트웨어,콘텐츠·미디어,게임,핵심,업종직접,비상장,A(고유),투자유치 후 성장(추정),확실(VC 등 5천만원↑ 투자 요건),미확인,1(핵심·재확인),,2017.0,8.2,,,,,,,,,,,,최종(확정),확정(상호+시군구),주식회사엔엑스쓰리게임즈,0.0,197.0,769870,법인,등록,응용 소프트웨어 개발 및 공급업,2017-06-05,,197.0,84285780.0,17.0,2.0,475.0,8.2,True,통과,7698700809,1101116420949.0,20170605.0,DART 설립일,8.2,통과
851,31422,주식회사에어캡(AIRCAP),주식회사,현**,벤처투자유형,재확인,2025-10-26,2028-10-25,서울,수도권,마포구,서울특별시 마포구,정보처리S/W,모바일 게임 소프트웨어 개발 및 공급업,모바일 게임 소프트웨어,콘텐츠·미디어,게임,핵심,업종직접,비상장,A(고유),투자유치 후 성장(추정),확실(VC 등 5천만원↑ 투자 요건),미확인,1(핵심·재확인),,,,,,,,,,,,,,,최종(확정),확정(상호+시군구),주식회사에어캡(AIRCAP),0.0,42.0,587860,법인,등록,컴퓨터 시스템 통합 자문 및 구축 서비스업,2017-11-20,,42.0,14153000.0,3.0,2.0,374.0,7.8,True,통과,,,,NPS 적용일(하한),7.8,통과
852,14829,디자드 주식회사,주식회사,김**,벤처투자유형,재확인,2024-11-10,2027-11-09,충남,충청권,천안시,충청남도 천안시,정보처리S/W,모바일 게임 소프트웨어 개발 및 공급업,"온라인 게임, 모바일 게임",콘텐츠·미디어,게임,핵심,업종직접,비상장,A(고유),투자유치 후 성장(추정),확실(VC 등 5천만원↑ 투자 요건),미확인,1(핵심·재확인),,,,,,,,,,,,,,,최종(확정),확정(상호+시군구),디자드주식회사,0.0,38.0,193860,법인,등록,유선 온라인 게임 소프트웨어 개발 및 공급업,2021-07-12,,38.0,15983200.0,1.0,31.0,467.0,4.1,True,통과,,,,NPS 적용일(하한),4.1,통과
853,5476,주식회사 에이컴즈,주식회사,이**,벤처투자유형,신규,2024-03-13,2027-03-12,경기,수도권,과천시,경기도 과천시,기타,시각 디자인업,캐릭터개발및 캐릭터 상품,콘텐츠·미디어,디자인,핵심,업종직접|핵심승격(주생산품),비상장,A(고유),투자유치 초기(추정),확실(VC 등 5천만원↑ 투자 요건),미확인,2(핵심·신규·투자/R&D확인),,,,,,,,,,,,,,,최종(확정),확정(상호+시군구),주식회사 에이컴즈,0.0,42.0,803880,법인,등록,무형 재산권 임대업,2020-11-01,,42.0,14721920.0,3.0,0.0,389.0,4.8,True,통과,,,,NPS 적용일(하한),4.8,통과
854,4390,주식회사 오퍼그룹,주식회사,설**,벤처투자유형,신규,2023-12-13,2026-12-12,경기,수도권,부천시,경기도 부천시,기타,프로그램 공급업,핀테크서비스,콘텐츠·미디어,방송콘텐츠,핵심,업종직접,비상장,A(고유),투자유치 초기(추정),확실(VC 등 5천만원↑ 투자 요건),미확인,2(핵심·신규·투자/R&D확인),,,,,,,,,,,,,,,최종(확정),확정(상호+시군구),주식회사오퍼그룹,0.0,15.0,644870,법인,등록,광고 대행업,2021-04-27,,15.0,2976000.0,0.0,0.0,220.0,4.3,True,통과,,,,NPS 적용일(하한),4.3,통과
855,35544,㈜제이디비엔터테인먼트,주식회사,박**,벤처투자유형,재확인,2025-12-30,2028-12-29,서울,수도권,마포구,서울특별시 마포구,기타,프로그램 공급업,엔터테인먼트,콘텐츠·미디어,방송콘텐츠,핵심,업종직접,비상장,A(고유),투자유치 후 성장(추정),확실(VC 등 5천만원↑ 투자 요건),미확인,1(핵심·재확인),,2015.0,10.6,,,,,,,,,,,,최종(확정),확정(상호+시군구),주식회사 제이디비엔터테인먼트,0.0,27.0,107884,법인,등록,매니저업,2015-02-10,,27.0,7217360.0,0.0,0.0,297.0,10.6,True,통과,1078841407,1101115624485.0,20150123.0,DART 설립일,10.6,통과
856,8775,주식회사 게임인스,주식회사,"장**,김**",벤처투자유형,신규,2024-05-13,2027-05-12,부산,동남권,사상구,부산광역시 사상구,기타,프로그램 공급업,인터넷 플랫폼 개발 및 운영,콘텐츠·미디어,방송콘텐츠,핵심,업종직접,비상장,A(고유),투자유치 초기(추정),확실(VC 등 5천만원↑ 투자 요건),미확인,2(핵심·신규·투자/R&D확인),,,,,,,,,,,,,,,최종(확정),확정(상호+시군구),주식회사게임인스,0.0,15.0,362880,법인,등록,컴퓨터 시스템 통합 자문 및 구축 서비스업,2016-07-04,,15.0,3656640.0,1.0,2.0,271.0,9.2,True,통과,,,,NPS 적용일(하한),9.2,통과
857,5515,주식회사 크리에이터버스,주식회사,유**,벤처투자유형,신규,2024-02-14,2027-02-13,서울,수도권,서대문구,서울특별시 서대문구,기타,프로그램 공급업,"광고 매체 판매업, 광고 영화 및 비디오물 제작업",콘텐츠·미디어,방송콘텐츠,핵심,업종직접,비상장,A(고유),투자유치 초기(추정),확실(VC 등 5천만원↑ 투자 요건),미확인,2(핵심·신규·투자/R&D확인),,,,,,,,,,,,,,,최종(확정),확정(상호+시군구),주식회사크리에이터버스,0.0,15.0,686810,법인,등록,프로그램 공급업,2021-09-01,,15.0,3836780.0,0.0,1.0,284.0,4.0,True,통과,,,,NPS 적용일(하한),4.0,통과
858,12163,(주)레드독컬처하우스,주식회사,배**,벤처투자유형,재확인,2024-09-09,2027-09-08,경기,수도권,부천시,경기도 부천시,기타,애니메이션 영화 및 비디오물 제작업,"애니메이션 기획, 제작 및 배급",콘텐츠·미디어,애니메이션,핵심,업종직접,비상장,A(고유),투자유치 후 성장(추정),확실(VC 등 5천만원↑ 투자 요건),미확인,1(핵심·재확인),,2014.0,11.2,,,,,,,,,,,,최종(확정),확정(상호+시군구),(주)레드독컬처하우스,0.0,117.0,130869,법인,등록,음악 및 기타 오디오물 출판업,2014-07-01,,117.0,31763500.0,0.0,1.0,302.0,11.2,True,통과,1308694157,1211110270347.0,20140602.0,DART 설립일,11.2,통과
859,26063,주식회사 드림팩토리스튜디오,주식회사,김**,벤처투자유형,재확인,2025-06-10,2028-06-09,서울,수도권,강남구,서울특별시 강남구,기타,애니메이션 영화 및 비디오물 제작업,애니메이션 및 영상 콘텐츠,콘텐츠·미디어,애니메이션,핵심,업종직접,비상장,A(고유),투자유치 후 성장(추정),확실(VC 등 5천만원↑ 투자 요건),미확인,1(핵심·재확인),,,,,,,,,,,,,,,최종(확정),확정(상호+시군구),(주)드림팩토리스튜디오,0.0,15.0,128870,법인,등록,BIZ_NO미존재사업장,2014-02-20,,15.0,4787060.0,1.0,1.0,355.0,11.5,True,통과,,,,NPS 적용일(하한),11.5,통과
860,4153,에이치알컴퍼니 주식회사,주식회사,왕**,벤처투자유형,신규,2023-11-29,2026-11-28,대전,충청권,유성구,대전광역시 유성구,기타,애니메이션 영화 및 비디오물 제작업,영상제작업무,콘텐츠·미디어,애니메이션,핵심,업종직접,비상장,A(고유),투자유치 초기(추정),확실(VC 등 5천만원↑ 투자 요건),미확인,2(핵심·신규·투자/R&D확인),,,,,,,,,,,,,,,최종(확정),확정(상호+시군구),에이치알컴퍼니주식회사,0.0,16.0,577860,법인,등록,영화  비디오물 및 방송 프로그램 제작 관련 서비스업,2021-05-13,,16.0,3262560.0,1.0,1.0,227.0,4.3,True,통과,,,,NPS 적용일(하한),4.3,통과
861,23793,주식회사 캠프파이어애니웍스,주식회사,나**,벤처투자유형,재확인,2025-03-18,2028-03-17,광주,호남권,동구,광주광역시 동구,기타,애니메이션 영화 및 비디오물 제작업,애니메이션캐릭터,콘텐츠·미디어,애니메이션,핵심,업종직접,비상장,A(고유),투자유치 후 성장(추정),확실(VC 등 5천만원↑ 투자 요건),미확인,1(핵심·재확인),,,,,,,,,,,,,,,최종(확정),확정(상호+시군구),주식회사캠프파이어애니웍스,0.0,43.0,808860,법인,등록,일반 영화 및 비디오물 제작업,2017-05-10,,43.0,12474960.0,1.0,1.0,322.0,8.3,True,통과,,,,NPS 적용일(하한),8.3,통과
862,38540,주식회사 와이원엔터테인먼트,주식회사,김**,벤처투자유형,재확인,2026-03-29,2029-03-28,서울,수도권,강남구,서울특별시 강남구,기타,방송 프로그램 제작업,"드라마,영화",콘텐츠·미디어,영상제작,핵심,업종직접,비상장,A(고유),투자유치 후 성장(추정),확실(VC 등 5천만원↑ 투자 요건),미확인,1(핵심·재확인),,,,,,,,,,,,,,,최종(확정),확정(상호+시군구),(주)와이원엔터테인먼트,0.0,12.0,211887,법인,등록,매니저업,2018-12-01,,12.0,3353440.0,1.0,0.0,311.0,6.7,True,통과,,,,NPS 적용일(하한),6.7,통과
863,27938,주식회사 루이웍스미디어,주식회사,한**,벤처투자유형,신규,2025-07-22,2028-07-21,서울,수도권,마포구,서울특별시 마포구,기타,방송 프로그램 제작업,"예능,드라마,광고외",콘텐츠·미디어,영상제작,핵심,업종직접,비상장,A(고유),투자유치 초기(추정),확실(VC 등 5천만원↑ 투자 요건),미확인,2(핵심·신규·투자/R&D확인),,2017.0,7.8,,,,,,,,,,,,최종(확정),확정(상호+시군구),주식회사루이웍스미디어,0.0,11.0,741860,법인,등록,방송 프로그램 제작업,2018-08-17,,11.0,5638540.0,1.0,0.0,570.0,7.0,True,통과,7418600949,1101116582070.0,20171130.0,DART 설립일,7.8,통과
864,17837,주식회사 이오스튜디오,주식회사,김**,벤처투자유형,재확인,2024-12-22,2027-12-21,서울,수도권,강남구,서울 강남구,기타,"영화, 비디오물 및 방송프로그램 제작 관련 서비스업",미디어콘텐츠 제작업,콘텐츠·미디어,영상제작·후반작업,핵심,업종직접,비상장,A(고유),투자유치 후 성장(추정),확실(VC 등 5천만원↑ 투자 요건),미확인,1(핵심·재확인),,,,,,,,,,,,,,,최종(확정),확정(상호+시군구),주식회사이오스튜디오,0.0,21.0,501870,법인,등록,영화  비디오물 및 방송 프로그램 제작 관련 서비스업,2020-05-01,,21.0,7375440.0,3.0,2.0,390.0,5.3,True,통과,,,,NPS 적용일(하한),5.3,통과
865,15498,주식회사 에이치뮤직엔터테인먼트,주식회사,"장**,김**",벤처투자유형,재확인,2024-10-23,2027-10-22,서울,수도권,강남구,서울특별시 강남구,기타,"영화, 비디오물 및 방송프로그램 제작 관련 서비스업",아티스트 기획 제작,콘텐츠·미디어,영상제작·후반작업,핵심,업종직접,비상장,A(고유),투자유치 후 성장(추정),확실(VC 등 5천만원↑ 투자 요건),미확인,1(핵심·재확인),,,,,,,,,,,,,,,최종(확정),확정(상호+시군구),주식회사 에이치뮤직엔터테인먼트,0.0,17.0,844810,법인,등록,방송 프로그램 제작업,2019-09-02,,17.0,4352800.0,0.0,5.0,284.0,6.0,True,통과,,,,NPS 적용일(하한),6.0,통과
866,840,주식회사 헬로에이티투코리아,주식회사,최**,벤처투자유형,신규,2023-05-10,2026-05-09,서울,수도권,성동구,서울특별시 성동구,기타,"영화, 비디오물 및 방송프로그램 제작 관련 서비스업","콘텐츠 구축 및 제공, 엔터테인먼트 관련 사업, 음반제작, 유통사업",콘텐츠·미디어,영상제작·후반작업,핵심,업종직접,비상장,A(고유),투자유치 초기(추정),확실(VC 등 5천만원↑ 투자 요건),미확인,2(핵심·신규·투자/R&D확인),,,,,,,,,,,,,,,최종(확정),확정(상호+시군구),주식회사헬로에이티투코리아,0.0,34.0,186810,법인,등록,응용 소프트웨어 개발 및 공급업,2018-11-09,,34.0,11056220.0,0.0,0.0,361.0,6.8,True,통과,,,,NPS 적용일(하한),6.8,통과
867,5567,문테크놀러지 주식회사,주식회사,강**,벤처투자유형,신규,2024-02-21,2027-02-20,서울,수도권,강서구,서울특별시 강서구,정보처리S/W,만화 출판업,만화제작,콘텐츠·미디어,웹툰·출판,핵심,업종직접,비상장,A(고유),투자유치 초기(추정),확실(VC 등 5천만원↑ 투자 요건),미확인,2(핵심·신규·투자/R&D확인),,,,,,,,,,,,,,,최종(확정),확정(상호+시군구),문테크놀러지 주식회사,0.0,26.0,690810,법인,등록,일반 영화 및 비디오물 제작업,2017-03-13,,26.0,5430940.0,0.0,3.0,232.0,8.5,True,통과,,,,NPS 적용일(하한),8.5,통과
868,14245,주식회사 몬스터라이엇,주식회사,고**,벤처투자유형,신규,2024-09-24,2027-09-23,부산,동남권,부산진구,부산광역시 부산진구,정보처리S/W,만화 출판업,"만화, 웹툰",콘텐츠·미디어,웹툰·출판,핵심,업종직접,비상장,A(고유),투자유치 초기(추정),확실(VC 등 5천만원↑ 투자 요건),미확인,2(핵심·신규·투자/R&D확인),,,,,,,,,,,,,,,최종(확정),확정(상호+시군구),주식회사몬스터라이엇,0.0,16.0,752870,법인,등록,화가 및 관련예술가,2021-09-01,,16.0,4763280.0,1.0,0.0,331.0,4.0,True,통과,,,,NPS 적용일(하한),4.0,통과
869,13283,(주)콘텐츠테크놀로지스,주식회사,이**,벤처투자유형,재확인,2024-08-04,2027-08-03,서울,수도권,강남구,서울 강남구,기타,음악 및 기타 오디오물 출판업,"음악 출판,소프트웨어 개발,공급,방송프로그램 제작",콘텐츠·미디어,음악,핵심,업종직접,비상장,A(고유),투자유치 후 성장(추정),확실(VC 등 5천만원↑ 투자 요건),미확인,1(핵심·재확인),,2020.0,4.7,,,,,,,,,,,,최종(확정),확정(상호+시도),주식회사콘텐츠테크놀로지스,0.0,23.0,427860,법인,등록,응용 소프트웨어 개발 및 공급업,2021-04-01,,23.0,9421940.0,1.0,4.0,455.0,4.4,True,통과,4278602060,1101117733888.0,20201230.0,DART 설립일,4.7,통과
870,37856,(주)제이에스플럭스,주식회사,권**,연구개발유형,재확인,2026-02-07,2029-02-06,경남,동남권,김해시,경남 김해시,정보처리S/W,기타 게임 소프트웨어 개발 및 공급업,"게임, 메타버스, 디지털트윈",콘텐츠·미디어,게임,핵심,업종직접,비상장,A(고유),R&D 중심(추정),미확인,확실(기업부설연구소·R&D비 요건),1(핵심·재확인),,,,,,,,,,,,,,,최종(확정),"추정(상호만 일치, 주소 불일치)",주식회사 제이에스플럭스,0.0,18.0,724860,법인,등록,BIZ_NO미존재사업장,2015-05-01,,18.0,6007180.0,0.0,1.0,371.0,10.3,True,통과,,,,NPS 적용일(하한),10.3,통과
871,8683,제이나인 주식회사,주식회사,"조**,박**",연구개발유형,재확인,2024-08-07,2027-08-06,대전,충청권,서구,대전광역시 서구,기타,애니메이션 영화 및 비디오물 제작업,홍보동영상,콘텐츠·미디어,애니메이션,핵심,업종직접,비상장,A(고유),R&D 중심(추정),미확인,확실(기업부설연구소·R&D비 요건),1(핵심·재확인),,,,,,,,,,,,,,,최종(확정),확정(상호+시군구),제이나인 주식회사,0.0,12.0,885810,법인,등록,광고 영화 및 비디오물 제작업,2015-08-01,,12.0,2992240.0,0.0,1.0,277.0,10.1,True,통과,,,,NPS 적용일(하한),10.1,통과
872,23610,주식회사 에프파이브,주식회사,박**,연구개발유형,재확인,2025-04-14,2028-04-13,서울,수도권,강남구,서울특별시 강남구,기타,방송 프로그램 제작업,영상 제작 및 공연 기획,콘텐츠·미디어,영상제작,핵심,업종직접,비상장,A(고유),R&D 중심(추정),미확인,확실(기업부설연구소·R&D비 요건),1(핵심·재확인),,,,,,,,,,,,,,,최종(확정),확정(상호+시군구),주식회사에프파이브,0.0,12.0,895870,법인,등록,음악 및 기타 오디오물 출판업,2019-11-04,,12.0,3535960.0,0.0,1.0,327.0,5.8,True,통과,,,,NPS 적용일(하한),5.8,통과
873,569,주식회사 넷마루,주식회사,김**,연구개발유형,재확인,2023-05-03,2026-05-02,서울,수도권,구로구,서울특별시 구로구,기타,"영화, 비디오물 및 방송프로그램 제작 관련 서비스업",이러닝 콘텐츠,콘텐츠·미디어,영상제작·후반작업,핵심,업종직접,비상장,A(고유),R&D 중심(추정),미확인,확실(기업부설연구소·R&D비 요건),1(핵심·재확인),,,,,,,,,,,,,,,최종(확정),확정(상호+시군구),(주)넷마루,0.0,48.0,494860,법인,등록,영화  비디오물 및 방송 프로그램 제작 관련 서비스업,2018-01-01,,48.0,14671120.0,1.0,0.0,340.0,7.7,True,통과,,,,NPS 적용일(하한),7.7,통과
874,15109,주식회사 티씨컴퍼니,주식회사,최**,연구개발유형,재확인,2024-10-27,2027-10-26,서울,수도권,마포구,서울특별시 마포구,기타,"영화, 비디오물 및 방송프로그램 제작 관련 서비스업",교육콘텐츠,콘텐츠·미디어,영상제작·후반작업,핵심,업종직접,비상장,A(고유),R&D 중심(추정),미확인,확실(기업부설연구소·R&D비 요건),1(핵심·재확인),,,,,,,,,,,,,,,최종(확정),확정(상호+시군구),주식회사티씨컴퍼니,0.0,10.0,502864,법인,등록,포털 및 기타 인터넷 정보 매개 서비스업,2015-07-10,,10.0,3097860.0,0.0,0.0,344.0,10.1,True,통과,,,,NPS 적용일(하한),10.1,통과
875,12472,주식회사 마스몬스터,주식회사,양**,연구개발유형,재확인,2024-09-15,2027-09-14,서울,수도권,서초구,서울 서초구,기타,"영화, 비디오물 및 방송프로그램 제작 관련 서비스업","영상제작,인쇄, 출판, 광고물제작,장치광고,컴퓨터 시스템 통합 자문 및 구축 서비스업,광고대행, 문화및기타,디자인, 국제회의기획업,기타행사기획 및 대행서비",콘텐츠·미디어,영상제작·후반작업,핵심,업종직접,비상장,A(고유),R&D 중심(추정),미확인,확실(기업부설연구소·R&D비 요건),1(핵심·재확인),,,,,,,,,,,,,,,최종(확정),확정(상호+시군구),주식회사 마스몬스터 (MARSMONSTER),0.0,26.0,676810,법인,등록,녹음시설 운영업,2020-07-10,,26.0,7110320.0,1.0,0.0,304.0,5.1,True,통과,,,,NPS 적용일(하한),5.1,통과
876,15194,주식회사 블렌딩,주식회사,신**,연구개발유형,재확인,2024-11-10,2027-11-09,서울,수도권,강남구,서울특별시 강남구,기타,음악 및 기타 오디오물 출판업,"음악스트리밍 서비스, 음악콘텐츠, 케이팝 플랫폼",콘텐츠·미디어,음악,핵심,업종직접,비상장,A(고유),R&D 중심(추정),미확인,확실(기업부설연구소·R&D비 요건),1(핵심·재확인),,2019.0,5.7,,,,,,,,,,,,최종(확정),확정(상호+시군구),주식회사 블렌딩,0.0,29.0,329810,법인,등록,녹음시설 운영업,2019-12-16,,29.0,9924080.0,1.0,0.0,380.0,5.7,True,통과,3298101568,1101117317153.0,20191216.0,DART 설립일,5.7,통과
877,26950,주식회사 세이프어스,주식회사,이**,연구개발유형,재확인,2025-07-20,2028-07-19,서울,수도권,금천구,서울 금천구,기타,"그 외 기타 분류 안된 전문, 과학 및 기술 서비스업","산업안전,산업보건 컨설팅/전자상거래/부동산 임대/학술,연구용역/안전인증,교육영상 제작,광고디자인",콘텐츠·미디어,콘텐츠,핵심,업종조건부+키워드:CONTENT,비상장,A(고유),R&D 중심(추정),미확인,확실(기업부설연구소·R&D비 요건),1(핵심·재확인),,,,,,,,,,,,,,,최종(확정),확정(상호+시군구),(주)세이프어스,0.0,12.0,404814,법인,등록,기타 기술 시험  검사 및 분석업,2017-11-01,,12.0,3884160.0,0.0,1.0,360.0,7.8,True,통과,,,,NPS 적용일(하한),7.8,통과
878,9618,주식회사 리모샷,주식회사,정**,혁신성장유형,재확인,2024-07-14,2027-07-13,대전,충청권,유성구,대전 유성구,정보처리S/W,기타 게임 소프트웨어 개발 및 공급업,"소프트웨어 개발, 제작 및 판매업,3D프린팅 제품 제작,기타 음향기기 제조업,전시용 모형 제작,생활용품,컴퓨터, AR, VR, MR 장비 판매,전자상거래,산업용 기계",콘텐츠·미디어,게임,핵심,업종직접,비상장,A(고유),성장·안정(추정),미확인,가능(기술성 평가 통과),1(핵심·재확인),,,,,,,,,,,,,,,최종(확정),확정(상호+시군구),주식회사리모샷,0.0,15.0,439870,법인,등록,응용 소프트웨어 개발 및 공급업,2018-10-01,,15.0,3045740.0,3.0,1.0,226.0,6.9,True,통과,,,,NPS 적용일(하한),6.9,통과
879,19268,주식회사 엔게이트,주식회사,김**,혁신성장유형,재확인,2024-11-24,2027-11-23,충남,충청권,아산시,충남 아산시,정보처리S/W,모바일 게임 소프트웨어 개발 및 공급업,모바일 게임,콘텐츠·미디어,게임,핵심,업종직접,비상장,A(고유),성장·안정(추정),미확인,가능(기술성 평가 통과),1(핵심·재확인),,,,,,,,,,,,,,,최종(확정),확정(상호+시군구),주식회사엔게이트,0.0,10.0,758870,법인,등록,모바일 게임 소프트웨어 개발 및 공급업,2021-05-31,,10.0,2196260.0,0.0,0.0,244.0,4.3,True,통과,,,,NPS 적용일(하한),4.3,통과
880,34290,주식회사 제주애퐁당,주식회사,김**,혁신성장유형,재확인,2025-12-09,2028-12-08,제주,제주권,제주시,제주특별자치도 제주시,기타,시각 디자인업,캐릭터콘텐츠 제품,콘텐츠·미디어,디자인,핵심,업종직접|핵심승격(주생산품),비상장,A(고유),성장·안정(추정),미확인,가능(기술성 평가 통과),1(핵심·재확인),,,,,,,,,,,,,,,최종(확정),확정(상호+시군구),주식회사제주애퐁당,0.0,23.0,760870,법인,등록,기념품  관광 민예품 및 장식용품 소매업,2018-08-02,,23.0,4924280.0,2.0,0.0,238.0,7.1,True,통과,,,,NPS 적용일(하한),7.1,통과
881,12170,주식회사 하우픽쳐스,주식회사,박**,혁신성장유형,재확인,2024-09-08,2027-09-07,서울,수도권,마포구,서울특별시 마포구,기타,프로그램 공급업,방송프로그램(드라마)제작및공급,콘텐츠·미디어,방송콘텐츠,핵심,업종직접,비상장,A(고유),성장·안정(추정),미확인,가능(기술성 평가 통과),1(핵심·재확인),,2018.0,7.1,,,,,,,,,,,,최종(확정),확정(상호+시군구),주식회사하우픽쳐스(HOWpicturesCo. Ltd),0.0,15.0,563880,법인,등록,방송 프로그램 제작업,2019-08-01,,15.0,6853100.0,0.0,1.0,508.0,6.1,True,통과,5638801094,1101116835643.0,20180809.0,DART 설립일,7.1,통과
882,6737,주식회사 스튜디오티앤티,주식회사,이**,혁신성장유형,재확인,2024-05-11,2027-05-10,전남,호남권,순천시,전라남도 순천시,기타,애니메이션 영화 및 비디오물 제작업,"애니메이션, 캐릭터",콘텐츠·미디어,애니메이션,핵심,업종직접,비상장,A(고유),성장·안정(추정),미확인,가능(기술성 평가 통과),1(핵심·재확인),,,,,,,,,,,,,,,최종(확정),확정(상호+시군구),주식회사 스튜디오티앤티,1.0,22.0,309860,법인,등록,녹음시설 운영업,2017-02-02,,16.0,3605260.0,3.0,0.0,250.0,8.6,True,통과,,,,NPS 적용일(하한),8.6,통과
883,26969,주식회사 엠앤케이,주식회사,김**,혁신성장유형,재확인,2025-06-26,2028-06-25,광주,호남권,동구,광주광역시 동구,정보처리S/W,영상물 제공 서비스업,"3D영상,산업디자인",콘텐츠·미디어,영상·OTT,핵심,업종직접,비상장,A(고유),성장·안정(추정),미확인,가능(기술성 평가 통과),1(핵심·재확인),,,,,,,,,,,,,,,최종(확정),확정(상호+시군구),주식회사엠앤케이,1.0,54.0,408861,법인,등록,응용 소프트웨어 개발 및 공급업,2014-08-28,,49.0,11366800.0,1.0,0.0,258.0,11.0,True,통과,,,,NPS 적용일(하한),11.0,통과
884,676,주식회사 한울미디어,주식회사,최**,혁신성장유형,신규,2023-07-06,2026-07-05,경기,수도권,파주시,경기도 파주시,기타,일반 영화 및 비디오물 제작업,영상제작,콘텐츠·미디어,영상제작,핵심,업종직접,비상장,A(고유),초기(추정),미확인,가능(기술성 평가 통과),3(핵심·신규·혁신성장),,,,,,,,,,,,,,,최종(확정),확정(상호+시군구),주식회사한울미디어,0.0,12.0,858870,법인,등록,일반 영화 및 비디오물 제작업,2021-07-01,,12.0,1995080.0,0.0,0.0,185.0,4.2,True,통과,,,,NPS 적용일(하한),4.2,통과
885,14704,미디어그룹테이크투 주식회사,주식회사,최**,혁신성장유형,재확인,2024-08-31,2027-08-30,서울,수도권,마포구,서울특별시 마포구,기타,방송 프로그램 제작업,방송드라마,콘텐츠·미디어,영상제작,핵심,업종직접,비상장,A(고유),성장·안정(추정),미확인,가능(기술성 평가 통과),1(핵심·재확인),,,,,,,,,,,,,,,최종(확정),확정(상호+시군구),미디어그룹테이크투주식회사,0.0,32.0,782810,법인,등록,방송 프로그램 제작업,2017-03-01,,32.0,10257280.0,0.0,1.0,356.0,8.5,True,통과,,,,NPS 적용일(하한),8.5,통과
886,4365,주식회사 씨디에스아시아,주식회사,유**,혁신성장유형,신규,2024-02-22,2027-02-21,인천,수도권,연수구,인천광역시 연수구,기타,일반 영화 및 비디오물 제작업,미디어 콘텐츠 창작업,콘텐츠·미디어,영상제작,핵심,업종직접,비상장,A(고유),초기(추정),미확인,가능(기술성 평가 통과),3(핵심·신규·혁신성장),,,,,,,,,,,,,,,최종(확정),확정(상호+시군구),주식회사씨디에스아시아(CDSAsia),0.0,51.0,289880,법인,등록,그 외 기타 정보 서비스업,2021-01-19,,51.0,16349820.0,1.0,0.0,356.0,4.6,True,통과,,,,NPS 적용일(하한),4.6,통과
887,1795,(주)허브에이치알,주식회사,김**,혁신성장유형,신규,2023-09-27,2026-09-26,경기,수도권,고양시,경기도 고양시,기타,일반 영화 및 비디오물 제작업,"위탁교육훈련서비스, 소프트웨어개발및 공급, 컨텐츠개발업, 정부보조프로그램운영업, 안전건설경영컨설팅등의 컨설팅업",콘텐츠·미디어,영상제작,핵심,업종직접,비상장,A(고유),초기(추정),미확인,가능(기술성 평가 통과),3(핵심·신규·혁신성장),,,,,,,,,,,,,,,최종(확정),확정(상호+시군구),(주)허브에이치알(Hubhrco. Ltd),0.0,10.0,811880,법인,등록,직원 훈련기관,2018-01-02,,10.0,1644460.0,0.0,0.0,183.0,7.7,True,통과,,,,NPS 적용일(하한),7.7,통과
888,1495,주식회사 샐러리걸,주식회사,최**,혁신성장유형,신규,2023-07-26,2026-07-25,서울,수도권,구로구,서울특별시 구로구,기타,"영화, 비디오물 및 방송프로그램 제작 관련 서비스업",유튜브 영상제작,콘텐츠·미디어,영상제작·후반작업,핵심,업종직접,비상장,A(고유),초기(추정),미확인,가능(기술성 평가 통과),3(핵심·신규·혁신성장),,,,,,,,,,,,,,,최종(확정),확정(상호+시군구),주식회사샐러리걸(CALARYGIRL Co. Ltd.),0.0,14.0,406860,법인,등록,방송 프로그램 제작업,2017-01-01,,14.0,4699500.0,0.0,0.0,373.0,8.7,True,통과,,,,NPS 적용일(하한),8.7,통과
889,2317,주식회사 더플릭,주식회사,김**,혁신성장유형,신규,2023-12-27,2026-12-26,강원,강원권,강릉시,강원특별자치도 강릉시,기타,"영화, 비디오물 및 방송프로그램 제작 관련 서비스업","시각디자인, 영상, 웹",콘텐츠·미디어,영상제작·후반작업,핵심,업종직접,비상장,A(고유),초기(추정),미확인,가능(기술성 평가 통과),3(핵심·신규·혁신성장),,,,,,,,,,,,,,,최종(확정),확정(상호+시군구),주식회사더플릭,0.0,14.0,608870,법인,등록,시각 디자인업,2021-09-01,,14.0,3422020.0,3.0,0.0,272.0,4.0,True,통과,,,,NPS 적용일(하한),4.0,통과
890,8833,주식회사 픽스엔터테인먼트,주식회사,공**,혁신성장유형,신규,2024-07-24,2027-07-23,서울,수도권,마포구,서울특별시 마포구,기타,"영화, 비디오물 및 방송프로그램 제작 관련 서비스업","영화,비디오물,방송프로그램 제작",콘텐츠·미디어,영상제작·후반작업,핵심,업종직접,비상장,A(고유),초기(추정),미확인,가능(기술성 평가 통과),3(핵심·신규·혁신성장),,,,,,,,,,,,,,,최종(확정),확정(상호+시도),주식회사픽스엔터테인먼트,0.0,21.0,619860,법인,등록,방송 프로그램 제작업,2018-06-01,,21.0,5044360.0,0.0,0.0,267.0,7.2,True,통과,,,,NPS 적용일(하한),7.2,통과
891,27930,주식회사 북극여우,주식회사,"이**,안**",혁신성장유형,신규,2025-07-23,2028-07-22,경기,수도권,부천시,경기도 부천시,정보처리S/W,만화 출판업,"웹툰, 웹소설, 굿즈",콘텐츠·미디어,웹툰·출판,핵심,업종직접,비상장,A(고유),초기(추정),미확인,가능(기술성 평가 통과),3(핵심·신규·혁신성장),,,,,,,,,,,,,,,최종(확정),확정(상호+시군구),주식회사 북극여우,0.0,52.0,384810,법인,등록,일반 서적 출판업,2020-01-01,,52.0,12344540.0,0.0,4.0,264.0,5.7,True,통과,,,,NPS 적용일(하한),5.7,통과
