company_id,feature_year,period_end,company_age,age_basis,company_age_estimated,founded_year,venture_type,venture_renewal,industry,sub_industry,industry_code,region,macro_region,id_confidence,has_dart,growth_stage_proxy
78,2021,2021-12-31,6.7,DART 설립일,0,2015,연구개발유형,재확인,ICT·AI·SW,시스템SW·인프라,58221.0,인천,수도권,A,1,R&D 중심(추정)
78,2022,2022-12-31,7.7,DART 설립일,0,2015,연구개발유형,재확인,ICT·AI·SW,시스템SW·인프라,58221.0,인천,수도권,A,1,R&D 중심(추정)
78,2023,2023-12-31,8.7,DART 설립일,0,2015,연구개발유형,재확인,ICT·AI·SW,시스템SW·인프라,58221.0,인천,수도권,A,1,R&D 중심(추정)
78,2024,2024-12-31,9.7,DART 설립일,0,2015,연구개발유형,재확인,ICT·AI·SW,시스템SW·인프라,58221.0,인천,수도권,A,1,R&D 중심(추정)
101,2021,2021-12-31,2.52,NPS 적용일(하한),1,2019,벤처투자유형,재확인,ICT·AI·SW,AI·데이터,58222.0,인천,수도권,B,0,투자유치 후 성장(추정)
101,2022,2022-12-31,3.52,NPS 적용일(하한),1,2019,벤처투자유형,재확인,ICT·AI·SW,AI·데이터,58222.0,인천,수도권,B,0,투자유치 후 성장(추정)
101,2023,2023-12-31,4.52,NPS 적용일(하한),1,2019,벤처투자유형,재확인,ICT·AI·SW,AI·데이터,58222.0,인천,수도권,B,0,투자유치 후 성장(추정)
101,2024,2024-12-31,5.52,NPS 적용일(하한),1,2019,벤처투자유형,재확인,ICT·AI·SW,AI·데이터,58222.0,인천,수도권,B,0,투자유치 후 성장(추정)
102,2021,2021-12-31,3.09,DART 설립일,0,2018,벤처투자유형,재확인,ICT·AI·SW,AI·데이터,63991.0,서울,수도권,A,1,투자유치 후 성장(추정)
102,2022,2022-12-31,4.09,DART 설립일,0,2018,벤처투자유형,재확인,ICT·AI·SW,AI·데이터,63991.0,서울,수도권,A,1,투자유치 후 성장(추정)
102,2023,2023-12-31,5.09,DART 설립일,0,2018,벤처투자유형,재확인,ICT·AI·SW,AI·데이터,63991.0,서울,수도권,A,1,투자유치 후 성장(추정)
102,2024,2024-12-31,6.09,DART 설립일,0,2018,벤처투자유형,재확인,ICT·AI·SW,AI·데이터,63991.0,서울,수도권,A,1,투자유치 후 성장(추정)
103,2021,2021-12-31,3.33,NPS 적용일(하한),1,2018,벤처투자유형,재확인,ICT·AI·SW,AI·데이터,58222.0,서울,수도권,B,0,투자유치 후 성장(추정)
103,2022,2022-12-31,4.33,NPS 적용일(하한),1,2018,벤처투자유형,재확인,ICT·AI·SW,AI·데이터,58222.0,서울,수도권,B,0,투자유치 후 성장(추정)
103,2023,2023-12-31,5.33,NPS 적용일(하한),1,2018,벤처투자유형,재확인,ICT·AI·SW,AI·데이터,58222.0,서울,수도권,B,0,투자유치 후 성장(추정)
103,2024,2024-12-31,6.33,NPS 적용일(하한),1,2018,벤처투자유형,재확인,ICT·AI·SW,AI·데이터,58222.0,서울,수도권,B,0,투자유치 후 성장(추정)
104,2021,2021-12-31,8.36,DART 설립일,0,2013,벤처투자유형,재확인,ICT·AI·SW,IT서비스·SI,62021.0,서울,수도권,A,1,투자유치 후 성장(추정)
104,2022,2022-12-31,9.36,DART 설립일,0,2013,벤처투자유형,재확인,ICT·AI·SW,IT서비스·SI,62021.0,서울,수도권,A,1,투자유치 후 성장(추정)
104,2023,2023-12-31,10.35,DART 설립일,0,2013,벤처투자유형,재확인,ICT·AI·SW,IT서비스·SI,62021.0,서울,수도권,A,1,투자유치 후 성장(추정)
104,2024,2024-12-31,11.36,DART 설립일,0,2013,벤처투자유형,재확인,ICT·AI·SW,IT서비스·SI,62021.0,서울,수도권,A,1,투자유치 후 성장(추정)
105,2021,2021-12-31,8.19,DART 설립일,0,2013,벤처투자유형,재확인,ICT·AI·SW,데이터·정보서비스,63991.0,서울,수도권,A,1,투자유치 후 성장(추정)
105,2022,2022-12-31,9.19,DART 설립일,0,2013,벤처투자유형,재확인,ICT·AI·SW,데이터·정보서비스,63991.0,서울,수도권,A,1,투자유치 후 성장(추정)
105,2023,2023-12-31,10.19,DART 설립일,0,2013,벤처투자유형,재확인,ICT·AI·SW,데이터·정보서비스,63991.0,서울,수도권,A,1,투자유치 후 성장(추정)
105,2024,2024-12-31,11.19,DART 설립일,0,2013,벤처투자유형,재확인,ICT·AI·SW,데이터·정보서비스,63991.0,서울,수도권,A,1,투자유치 후 성장(추정)
106,2021,2021-12-31,1.58,NPS 적용일(하한),1,2020,벤처투자유형,재확인,ICT·AI·SW,디지털헬스,58222.0,경기,수도권,B,0,투자유치 후 성장(추정)
106,2022,2022-12-31,2.58,NPS 적용일(하한),1,2020,벤처투자유형,재확인,ICT·AI·SW,디지털헬스,58222.0,경기,수도권,B,0,투자유치 후 성장(추정)
106,2023,2023-12-31,3.58,NPS 적용일(하한),1,2020,벤처투자유형,재확인,ICT·AI·SW,디지털헬스,58222.0,경기,수도권,B,0,투자유치 후 성장(추정)
106,2024,2024-12-31,4.58,NPS 적용일(하한),1,2020,벤처투자유형,재확인,ICT·AI·SW,디지털헬스,58222.0,경기,수도권,B,0,투자유치 후 성장(추정)
107,2021,2021-12-31,0.76,NPS 적용일(하한),1,2021,벤처투자유형,재확인,ICT·AI·SW,디지털헬스,58222.0,서울,수도권,B,0,투자유치 후 성장(추정)
107,2022,2022-12-31,1.75,NPS 적용일(하한),1,2021,벤처투자유형,재확인,ICT·AI·SW,디지털헬스,58222.0,서울,수도권,B,0,투자유치 후 성장(추정)
107,2023,2023-12-31,2.75,NPS 적용일(하한),1,2021,벤처투자유형,재확인,ICT·AI·SW,디지털헬스,58222.0,서울,수도권,B,0,투자유치 후 성장(추정)
107,2024,2024-12-31,3.76,NPS 적용일(하한),1,2021,벤처투자유형,재확인,ICT·AI·SW,디지털헬스,58222.0,서울,수도권,B,0,투자유치 후 성장(추정)
108,2021,2021-12-31,5.5,NPS 적용일(하한),1,2016,벤처투자유형,재확인,ICT·AI·SW,시스템SW·인프라,58221.0,서울,수도권,B,0,투자유치 후 성장(추정)
108,2022,2022-12-31,6.5,NPS 적용일(하한),1,2016,벤처투자유형,재확인,ICT·AI·SW,시스템SW·인프라,58221.0,서울,수도권,B,0,투자유치 후 성장(추정)
108,2023,2023-12-31,7.5,NPS 적용일(하한),1,2016,벤처투자유형,재확인,ICT·AI·SW,시스템SW·인프라,58221.0,서울,수도권,B,0,투자유치 후 성장(추정)
108,2024,2024-12-31,8.5,NPS 적용일(하한),1,2016,벤처투자유형,재확인,ICT·AI·SW,시스템SW·인프라,58221.0,서울,수도권,B,0,투자유치 후 성장(추정)
109,2021,2021-12-31,3.58,NPS 적용일(하한),1,2018,벤처투자유형,재확인,ICT·AI·SW,시스템SW·인프라,58221.0,서울,수도권,B,0,투자유치 후 성장(추정)
109,2022,2022-12-31,4.58,NPS 적용일(하한),1,2018,벤처투자유형,재확인,ICT·AI·SW,시스템SW·인프라,58221.0,서울,수도권,B,0,투자유치 후 성장(추정)
109,2023,2023-12-31,5.58,NPS 적용일(하한),1,2018,벤처투자유형,재확인,ICT·AI·SW,시스템SW·인프라,58221.0,서울,수도권,B,0,투자유치 후 성장(추정)
109,2024,2024-12-31,6.58,NPS 적용일(하한),1,2018,벤처투자유형,재확인,ICT·AI·SW,시스템SW·인프라,58221.0,서울,수도권,B,0,투자유치 후 성장(추정)
110,2021,2021-12-31,6.33,DART 설립일,0,2015,벤처투자유형,재확인,ICT·AI·SW,시스템SW·인프라,58221.0,서울,수도권,A,1,투자유치 후 성장(추정)
110,2022,2022-12-31,7.33,DART 설립일,0,2015,벤처투자유형,재확인,ICT·AI·SW,시스템SW·인프라,58221.0,서울,수도권,A,1,투자유치 후 성장(추정)
110,2023,2023-12-31,8.33,DART 설립일,0,2015,벤처투자유형,재확인,ICT·AI·SW,시스템SW·인프라,58221.0,서울,수도권,A,1,투자유치 후 성장(추정)
110,2024,2024-12-31,9.33,DART 설립일,0,2015,벤처투자유형,재확인,ICT·AI·SW,시스템SW·인프라,58221.0,서울,수도권,A,1,투자유치 후 성장(추정)
111,2021,2021-12-31,3.36,NPS 적용일(하한),1,2018,벤처투자유형,신규,ICT·AI·SW,시스템SW·인프라,58221.0,대전,충청권,B,0,투자유치 초기(추정)
111,2022,2022-12-31,4.36,NPS 적용일(하한),1,2018,벤처투자유형,신규,ICT·AI·SW,시스템SW·인프라,58221.0,대전,충청권,B,0,투자유치 초기(추정)
111,2023,2023-12-31,5.36,NPS 적용일(하한),1,2018,벤처투자유형,신규,ICT·AI·SW,시스템SW·인프라,58221.0,대전,충청권,B,0,투자유치 초기(추정)
111,2024,2024-12-31,6.36,NPS 적용일(하한),1,2018,벤처투자유형,신규,ICT·AI·SW,시스템SW·인프라,58221.0,대전,충청권,B,0,투자유치 초기(추정)
112,2021,2021-12-31,3.24,DART 설립일,0,2018,벤처투자유형,재확인,ICT·AI·SW,시스템SW·인프라,58221.0,서울,수도권,A,1,투자유치 후 성장(추정)
112,2022,2022-12-31,4.24,DART 설립일,0,2018,벤처투자유형,재확인,ICT·AI·SW,시스템SW·인프라,58221.0,서울,수도권,A,1,투자유치 후 성장(추정)
112,2023,2023-12-31,5.24,DART 설립일,0,2018,벤처투자유형,재확인,ICT·AI·SW,시스템SW·인프라,58221.0,서울,수도권,A,1,투자유치 후 성장(추정)
112,2024,2024-12-31,6.24,DART 설립일,0,2018,벤처투자유형,재확인,ICT·AI·SW,시스템SW·인프라,58221.0,서울,수도권,A,1,투자유치 후 성장(추정)
113,2021,2021-12-31,6.9,DART 설립일,0,2015,벤처투자유형,재확인,ICT·AI·SW,응용SW·플랫폼,58222.0,서울,수도권,A,1,투자유치 후 성장(추정)
113,2022,2022-12-31,7.9,DART 설립일,0,2015,벤처투자유형,재확인,ICT·AI·SW,응용SW·플랫폼,58222.0,서울,수도권,A,1,투자유치 후 성장(추정)
113,2023,2023-12-31,8.9,DART 설립일,0,2015,벤처투자유형,재확인,ICT·AI·SW,응용SW·플랫폼,58222.0,서울,수도권,A,1,투자유치 후 성장(추정)
113,2024,2024-12-31,9.9,DART 설립일,0,2015,벤처투자유형,재확인,ICT·AI·SW,응용SW·플랫폼,58222.0,서울,수도권,A,1,투자유치 후 성장(추정)
114,2021,2021-12-31,0.33,NPS 적용일(하한),1,2021,벤처투자유형,재확인,ICT·AI·SW,응용SW·플랫폼,58222.0,강원,강원권,C,0,투자유치 후 성장(추정)
114,2022,2022-12-31,1.33,NPS 적용일(하한),1,2021,벤처투자유형,재확인,ICT·AI·SW,응용SW·플랫폼,58222.0,강원,강원권,C,0,투자유치 후 성장(추정)
114,2023,2023-12-31,2.33,NPS 적용일(하한),1,2021,벤처투자유형,재확인,ICT·AI·SW,응용SW·플랫폼,58222.0,강원,강원권,C,0,투자유치 후 성장(추정)
114,2024,2024-12-31,3.33,NPS 적용일(하한),1,2021,벤처투자유형,재확인,ICT·AI·SW,응용SW·플랫폼,58222.0,강원,강원권,C,0,투자유치 후 성장(추정)
115,2021,2021-12-31,6.23,DART 설립일,0,2015,벤처투자유형,재확인,ICT·AI·SW,응용SW·플랫폼,58222.0,서울,수도권,A,1,투자유치 후 성장(추정)
115,2022,2022-12-31,7.23,DART 설립일,0,2015,벤처투자유형,재확인,ICT·AI·SW,응용SW·플랫폼,58222.0,서울,수도권,A,1,투자유치 후 성장(추정)
115,2023,2023-12-31,8.23,DART 설립일,0,2015,벤처투자유형,재확인,ICT·AI·SW,응용SW·플랫폼,58222.0,서울,수도권,A,1,투자유치 후 성장(추정)
115,2024,2024-12-31,9.23,DART 설립일,0,2015,벤처투자유형,재확인,ICT·AI·SW,응용SW·플랫폼,58222.0,서울,수도권,A,1,투자유치 후 성장(추정)
116,2021,2021-12-31,6.75,NPS 적용일(하한),1,2015,벤처투자유형,신규,ICT·AI·SW,응용SW·플랫폼,,인천,수도권,C,0,투자유치 초기(추정)
116,2022,2022-12-31,7.75,NPS 적용일(하한),1,2015,벤처투자유형,신규,ICT·AI·SW,응용SW·플랫폼,,인천,수도권,C,0,투자유치 초기(추정)
116,2023,2023-12-31,8.75,NPS 적용일(하한),1,2015,벤처투자유형,신규,ICT·AI·SW,응용SW·플랫폼,,인천,수도권,C,0,투자유치 초기(추정)
116,2024,2024-12-31,9.75,NPS 적용일(하한),1,2015,벤처투자유형,신규,ICT·AI·SW,응용SW·플랫폼,,인천,수도권,C,0,투자유치 초기(추정)
117,2021,2021-12-31,1.46,DART 설립일,0,2020,벤처투자유형,재확인,ICT·AI·SW,응용SW·플랫폼,58222.0,인천,수도권,A,1,투자유치 후 성장(추정)
117,2022,2022-12-31,2.46,DART 설립일,0,2020,벤처투자유형,재확인,ICT·AI·SW,응용SW·플랫폼,58222.0,인천,수도권,A,1,투자유치 후 성장(추정)
117,2023,2023-12-31,3.46,DART 설립일,0,2020,벤처투자유형,재확인,ICT·AI·SW,응용SW·플랫폼,58222.0,인천,수도권,A,1,투자유치 후 성장(추정)
117,2024,2024-12-31,4.46,DART 설립일,0,2020,벤처투자유형,재확인,ICT·AI·SW,응용SW·플랫폼,58222.0,인천,수도권,A,1,투자유치 후 성장(추정)
118,2021,2021-12-31,2.48,NPS 적용일(하한),1,2019,벤처투자유형,재확인,ICT·AI·SW,응용SW·플랫폼,58222.0,대전,충청권,B,0,투자유치 후 성장(추정)
118,2022,2022-12-31,3.48,NPS 적용일(하한),1,2019,벤처투자유형,재확인,ICT·AI·SW,응용SW·플랫폼,58222.0,대전,충청권,B,0,투자유치 후 성장(추정)
118,2023,2023-12-31,4.48,NPS 적용일(하한),1,2019,벤처투자유형,재확인,ICT·AI·SW,응용SW·플랫폼,58222.0,대전,충청권,B,0,투자유치 후 성장(추정)
118,2024,2024-12-31,5.48,NPS 적용일(하한),1,2019,벤처투자유형,재확인,ICT·AI·SW,응용SW·플랫폼,58222.0,대전,충청권,B,0,투자유치 후 성장(추정)
119,2021,2021-12-31,0.33,NPS 적용일(하한),1,2021,벤처투자유형,재확인,ICT·AI·SW,응용SW·플랫폼,58222.0,서울,수도권,B,0,투자유치 후 성장(추정)
119,2022,2022-12-31,1.33,NPS 적용일(하한),1,2021,벤처투자유형,재확인,ICT·AI·SW,응용SW·플랫폼,58222.0,서울,수도권,B,0,투자유치 후 성장(추정)
119,2023,2023-12-31,2.33,NPS 적용일(하한),1,2021,벤처투자유형,재확인,ICT·AI·SW,응용SW·플랫폼,58222.0,서울,수도권,B,0,투자유치 후 성장(추정)
119,2024,2024-12-31,3.33,NPS 적용일(하한),1,2021,벤처투자유형,재확인,ICT·AI·SW,응용SW·플랫폼,58222.0,서울,수도권,B,0,투자유치 후 성장(추정)
120,2021,2021-12-31,1.3,NPS 적용일(하한),1,2020,벤처투자유형,재확인,ICT·AI·SW,응용SW·플랫폼,58222.0,서울,수도권,B,0,투자유치 후 성장(추정)
120,2022,2022-12-31,2.29,NPS 적용일(하한),1,2020,벤처투자유형,재확인,ICT·AI·SW,응용SW·플랫폼,58222.0,서울,수도권,B,0,투자유치 후 성장(추정)
120,2023,2023-12-31,3.29,NPS 적용일(하한),1,2020,벤처투자유형,재확인,ICT·AI·SW,응용SW·플랫폼,58222.0,서울,수도권,B,0,투자유치 후 성장(추정)
120,2024,2024-12-31,4.3,NPS 적용일(하한),1,2020,벤처투자유형,재확인,ICT·AI·SW,응용SW·플랫폼,58222.0,서울,수도권,B,0,투자유치 후 성장(추정)
121,2021,2021-12-31,7.0,NPS 적용일(하한),1,2015,벤처투자유형,재확인,ICT·AI·SW,응용SW·플랫폼,58222.0,서울,수도권,B,0,투자유치 후 성장(추정)
121,2022,2022-12-31,8.0,NPS 적용일(하한),1,2015,벤처투자유형,재확인,ICT·AI·SW,응용SW·플랫폼,58222.0,서울,수도권,B,0,투자유치 후 성장(추정)
121,2023,2023-12-31,9.0,NPS 적용일(하한),1,2015,벤처투자유형,재확인,ICT·AI·SW,응용SW·플랫폼,58222.0,서울,수도권,B,0,투자유치 후 성장(추정)
121,2024,2024-12-31,10.0,NPS 적용일(하한),1,2015,벤처투자유형,재확인,ICT·AI·SW,응용SW·플랫폼,58222.0,서울,수도권,B,0,투자유치 후 성장(추정)
122,2021,2021-12-31,1.44,DART 설립일,0,2020,벤처투자유형,재확인,ICT·AI·SW,응용SW·플랫폼,33999.0,부산,동남권,A,1,투자유치 후 성장(추정)
122,2022,2022-12-31,2.44,DART 설립일,0,2020,벤처투자유형,재확인,ICT·AI·SW,응용SW·플랫폼,33999.0,부산,동남권,A,1,투자유치 후 성장(추정)
122,2023,2023-12-31,3.44,DART 설립일,0,2020,벤처투자유형,재확인,ICT·AI·SW,응용SW·플랫폼,33999.0,부산,동남권,A,1,투자유치 후 성장(추정)
122,2024,2024-12-31,4.44,DART 설립일,0,2020,벤처투자유형,재확인,ICT·AI·SW,응용SW·플랫폼,33999.0,부산,동남권,A,1,투자유치 후 성장(추정)
123,2021,2021-12-31,5.43,DART 설립일,0,2016,벤처투자유형,재확인,ICT·AI·SW,핀테크,64999.0,서울,수도권,A,1,투자유치 후 성장(추정)
123,2022,2022-12-31,6.43,DART 설립일,0,2016,벤처투자유형,재확인,ICT·AI·SW,핀테크,64999.0,서울,수도권,A,1,투자유치 후 성장(추정)
123,2023,2023-12-31,7.43,DART 설립일,0,2016,벤처투자유형,재확인,ICT·AI·SW,핀테크,64999.0,서울,수도권,A,1,투자유치 후 성장(추정)
123,2024,2024-12-31,8.43,DART 설립일,0,2016,벤처투자유형,재확인,ICT·AI·SW,핀테크,64999.0,서울,수도권,A,1,투자유치 후 성장(추정)
124,2021,2021-12-31,0.89,NPS 적용일(하한),1,2021,벤처투자유형,신규,ICT·AI·SW,핀테크,66199.0,서울,수도권,B,0,투자유치 초기(추정)
124,2022,2022-12-31,1.89,NPS 적용일(하한),1,2021,벤처투자유형,신규,ICT·AI·SW,핀테크,66199.0,서울,수도권,B,0,투자유치 초기(추정)
124,2023,2023-12-31,2.89,NPS 적용일(하한),1,2021,벤처투자유형,신규,ICT·AI·SW,핀테크,66199.0,서울,수도권,B,0,투자유치 초기(추정)
124,2024,2024-12-31,3.89,NPS 적용일(하한),1,2021,벤처투자유형,신규,ICT·AI·SW,핀테크,66199.0,서울,수도권,B,0,투자유치 초기(추정)
125,2021,2021-12-31,7.13,DART 설립일,0,2014,벤처투자유형,재확인,ICT·AI·SW,핀테크,58222.0,서울,수도권,A,1,투자유치 후 성장(추정)
125,2022,2022-12-31,8.13,DART 설립일,0,2014,벤처투자유형,재확인,ICT·AI·SW,핀테크,58222.0,서울,수도권,A,1,투자유치 후 성장(추정)
125,2023,2023-12-31,9.13,DART 설립일,0,2014,벤처투자유형,재확인,ICT·AI·SW,핀테크,58222.0,서울,수도권,A,1,투자유치 후 성장(추정)
125,2024,2024-12-31,10.13,DART 설립일,0,2014,벤처투자유형,재확인,ICT·AI·SW,핀테크,58222.0,서울,수도권,A,1,투자유치 후 성장(추정)
126,2021,2021-12-31,1.47,NPS 적용일(하한),1,2020,연구개발유형,재확인,ICT·AI·SW,AI·데이터,58222.0,대구,대경권,B,0,R&D 중심(추정)
126,2022,2022-12-31,2.47,NPS 적용일(하한),1,2020,연구개발유형,재확인,ICT·AI·SW,AI·데이터,58222.0,대구,대경권,B,0,R&D 중심(추정)
126,2023,2023-12-31,3.47,NPS 적용일(하한),1,2020,연구개발유형,재확인,ICT·AI·SW,AI·데이터,58222.0,대구,대경권,B,0,R&D 중심(추정)
126,2024,2024-12-31,4.47,NPS 적용일(하한),1,2020,연구개발유형,재확인,ICT·AI·SW,AI·데이터,58222.0,대구,대경권,B,0,R&D 중심(추정)
127,2021,2021-12-31,4.5,NPS 적용일(하한),1,2017,연구개발유형,재확인,ICT·AI·SW,AI·데이터,58221.0,서울,수도권,B,0,R&D 중심(추정)
127,2022,2022-12-31,5.5,NPS 적용일(하한),1,2017,연구개발유형,재확인,ICT·AI·SW,AI·데이터,58221.0,서울,수도권,B,0,R&D 중심(추정)
127,2023,2023-12-31,6.5,NPS 적용일(하한),1,2017,연구개발유형,재확인,ICT·AI·SW,AI·데이터,58221.0,서울,수도권,B,0,R&D 중심(추정)
127,2024,2024-12-31,7.5,NPS 적용일(하한),1,2017,연구개발유형,재확인,ICT·AI·SW,AI·데이터,58221.0,서울,수도권,B,0,R&D 중심(추정)
128,2021,2021-12-31,2.67,NPS 적용일(하한),1,2019,연구개발유형,재확인,ICT·AI·SW,AI·데이터,58221.0,서울,수도권,B,0,R&D 중심(추정)
128,2022,2022-12-31,3.67,NPS 적용일(하한),1,2019,연구개발유형,재확인,ICT·AI·SW,AI·데이터,58221.0,서울,수도권,B,0,R&D 중심(추정)
128,2023,2023-12-31,4.67,NPS 적용일(하한),1,2019,연구개발유형,재확인,ICT·AI·SW,AI·데이터,58221.0,서울,수도권,B,0,R&D 중심(추정)
128,2024,2024-12-31,5.67,NPS 적용일(하한),1,2019,연구개발유형,재확인,ICT·AI·SW,AI·데이터,58221.0,서울,수도권,B,0,R&D 중심(추정)
129,2021,2021-12-31,2.17,NPS 적용일(하한),1,2019,연구개발유형,신규,ICT·AI·SW,IT서비스·SI,58222.0,서울,수도권,B,0,R&D 중심(추정)
129,2022,2022-12-31,3.16,NPS 적용일(하한),1,2019,연구개발유형,신규,ICT·AI·SW,IT서비스·SI,58222.0,서울,수도권,B,0,R&D 중심(추정)
129,2023,2023-12-31,4.16,NPS 적용일(하한),1,2019,연구개발유형,신규,ICT·AI·SW,IT서비스·SI,58222.0,서울,수도권,B,0,R&D 중심(추정)
129,2024,2024-12-31,5.17,NPS 적용일(하한),1,2019,연구개발유형,신규,ICT·AI·SW,IT서비스·SI,58222.0,서울,수도권,B,0,R&D 중심(추정)
130,2021,2021-12-31,4.08,NPS 적용일(하한),1,2017,연구개발유형,재확인,ICT·AI·SW,IT서비스·SI,62021.0,대전,충청권,B,0,R&D 중심(추정)
130,2022,2022-12-31,5.08,NPS 적용일(하한),1,2017,연구개발유형,재확인,ICT·AI·SW,IT서비스·SI,62021.0,대전,충청권,B,0,R&D 중심(추정)
130,2023,2023-12-31,6.08,NPS 적용일(하한),1,2017,연구개발유형,재확인,ICT·AI·SW,IT서비스·SI,62021.0,대전,충청권,B,0,R&D 중심(추정)
130,2024,2024-12-31,7.08,NPS 적용일(하한),1,2017,연구개발유형,재확인,ICT·AI·SW,IT서비스·SI,62021.0,대전,충청권,B,0,R&D 중심(추정)
131,2021,2021-12-31,5.0,NPS 적용일(하한),1,2017,연구개발유형,재확인,ICT·AI·SW,IT서비스·SI,62010.0,서울,수도권,B,0,R&D 중심(추정)
131,2022,2022-12-31,6.0,NPS 적용일(하한),1,2017,연구개발유형,재확인,ICT·AI·SW,IT서비스·SI,62010.0,서울,수도권,B,0,R&D 중심(추정)
131,2023,2023-12-31,7.0,NPS 적용일(하한),1,2017,연구개발유형,재확인,ICT·AI·SW,IT서비스·SI,62010.0,서울,수도권,B,0,R&D 중심(추정)
131,2024,2024-12-31,8.0,NPS 적용일(하한),1,2017,연구개발유형,재확인,ICT·AI·SW,IT서비스·SI,62010.0,서울,수도권,B,0,R&D 중심(추정)
132,2021,2021-12-31,4.58,NPS 적용일(하한),1,2017,연구개발유형,재확인,ICT·AI·SW,IT서비스·SI,62021.0,경기,수도권,B,0,R&D 중심(추정)
132,2022,2022-12-31,5.58,NPS 적용일(하한),1,2017,연구개발유형,재확인,ICT·AI·SW,IT서비스·SI,62021.0,경기,수도권,B,0,R&D 중심(추정)
132,2023,2023-12-31,6.58,NPS 적용일(하한),1,2017,연구개발유형,재확인,ICT·AI·SW,IT서비스·SI,62021.0,경기,수도권,B,0,R&D 중심(추정)
132,2024,2024-12-31,7.58,NPS 적용일(하한),1,2017,연구개발유형,재확인,ICT·AI·SW,IT서비스·SI,62021.0,경기,수도권,B,0,R&D 중심(추정)
133,2021,2021-12-31,7.91,NPS 적용일(하한),1,2014,연구개발유형,재확인,ICT·AI·SW,IoT·스마트시티,58222.0,서울,수도권,B,0,R&D 중심(추정)
133,2022,2022-12-31,8.91,NPS 적용일(하한),1,2014,연구개발유형,재확인,ICT·AI·SW,IoT·스마트시티,58222.0,서울,수도권,B,0,R&D 중심(추정)
133,2023,2023-12-31,9.91,NPS 적용일(하한),1,2014,연구개발유형,재확인,ICT·AI·SW,IoT·스마트시티,58222.0,서울,수도권,B,0,R&D 중심(추정)
133,2024,2024-12-31,10.91,NPS 적용일(하한),1,2014,연구개발유형,재확인,ICT·AI·SW,IoT·스마트시티,58222.0,서울,수도권,B,0,R&D 중심(추정)
134,2021,2021-12-31,4.41,NPS 적용일(하한),1,2017,연구개발유형,재확인,ICT·AI·SW,공간정보·GIS,63111.0,강원,강원권,B,0,R&D 중심(추정)
134,2022,2022-12-31,5.41,NPS 적용일(하한),1,2017,연구개발유형,재확인,ICT·AI·SW,공간정보·GIS,63111.0,강원,강원권,B,0,R&D 중심(추정)
134,2023,2023-12-31,6.41,NPS 적용일(하한),1,2017,연구개발유형,재확인,ICT·AI·SW,공간정보·GIS,63111.0,강원,강원권,B,0,R&D 중심(추정)
134,2024,2024-12-31,7.41,NPS 적용일(하한),1,2017,연구개발유형,재확인,ICT·AI·SW,공간정보·GIS,63111.0,강원,강원권,B,0,R&D 중심(추정)
135,2021,2021-12-31,1.5,NPS 적용일(하한),1,2020,연구개발유형,재확인,ICT·AI·SW,공간정보·GIS,73909.0,경기,수도권,B,0,R&D 중심(추정)
135,2022,2022-12-31,2.5,NPS 적용일(하한),1,2020,연구개발유형,재확인,ICT·AI·SW,공간정보·GIS,73909.0,경기,수도권,B,0,R&D 중심(추정)
135,2023,2023-12-31,3.5,NPS 적용일(하한),1,2020,연구개발유형,재확인,ICT·AI·SW,공간정보·GIS,73909.0,경기,수도권,B,0,R&D 중심(추정)
135,2024,2024-12-31,4.5,NPS 적용일(하한),1,2020,연구개발유형,재확인,ICT·AI·SW,공간정보·GIS,73909.0,경기,수도권,B,0,R&D 중심(추정)
136,2021,2021-12-31,3.02,NPS 적용일(하한),1,2018,연구개발유형,재확인,ICT·AI·SW,데이터·정보서비스,63999.0,광주,호남권,B,0,R&D 중심(추정)
136,2022,2022-12-31,4.02,NPS 적용일(하한),1,2018,연구개발유형,재확인,ICT·AI·SW,데이터·정보서비스,63999.0,광주,호남권,B,0,R&D 중심(추정)
136,2023,2023-12-31,5.02,NPS 적용일(하한),1,2018,연구개발유형,재확인,ICT·AI·SW,데이터·정보서비스,63999.0,광주,호남권,B,0,R&D 중심(추정)
136,2024,2024-12-31,6.02,NPS 적용일(하한),1,2018,연구개발유형,재확인,ICT·AI·SW,데이터·정보서비스,63999.0,광주,호남권,B,0,R&D 중심(추정)
138,2021,2021-12-31,3.67,NPS 적용일(하한),1,2018,연구개발유형,신규,ICT·AI·SW,시스템SW·인프라,58221.0,경기,수도권,B,0,R&D 중심(추정)
138,2022,2022-12-31,4.67,NPS 적용일(하한),1,2018,연구개발유형,신규,ICT·AI·SW,시스템SW·인프라,58221.0,경기,수도권,B,0,R&D 중심(추정)
138,2023,2023-12-31,5.67,NPS 적용일(하한),1,2018,연구개발유형,신규,ICT·AI·SW,시스템SW·인프라,58221.0,경기,수도권,B,0,R&D 중심(추정)
138,2024,2024-12-31,6.67,NPS 적용일(하한),1,2018,연구개발유형,신규,ICT·AI·SW,시스템SW·인프라,58221.0,경기,수도권,B,0,R&D 중심(추정)
139,2021,2021-12-31,7.29,NPS 적용일(하한),1,2014,연구개발유형,재확인,ICT·AI·SW,시스템SW·인프라,58221.0,경남,동남권,B,0,R&D 중심(추정)
139,2022,2022-12-31,8.28,NPS 적용일(하한),1,2014,연구개발유형,재확인,ICT·AI·SW,시스템SW·인프라,58221.0,경남,동남권,B,0,R&D 중심(추정)
139,2023,2023-12-31,9.28,NPS 적용일(하한),1,2014,연구개발유형,재확인,ICT·AI·SW,시스템SW·인프라,58221.0,경남,동남권,B,0,R&D 중심(추정)
139,2024,2024-12-31,10.29,NPS 적용일(하한),1,2014,연구개발유형,재확인,ICT·AI·SW,시스템SW·인프라,58221.0,경남,동남권,B,0,R&D 중심(추정)
140,2021,2021-12-31,4.68,DART 설립일,0,2017,연구개발유형,재확인,ICT·AI·SW,시스템SW·인프라,58221.0,서울,수도권,A,1,R&D 중심(추정)
140,2022,2022-12-31,5.68,DART 설립일,0,2017,연구개발유형,재확인,ICT·AI·SW,시스템SW·인프라,58221.0,서울,수도권,A,1,R&D 중심(추정)
140,2023,2023-12-31,6.68,DART 설립일,0,2017,연구개발유형,재확인,ICT·AI·SW,시스템SW·인프라,58221.0,서울,수도권,A,1,R&D 중심(추정)
140,2024,2024-12-31,7.69,DART 설립일,0,2017,연구개발유형,재확인,ICT·AI·SW,시스템SW·인프라,58221.0,서울,수도권,A,1,R&D 중심(추정)
141,2021,2021-12-31,0.51,NPS 적용일(하한),1,2021,혁신성장유형,신규,ICT·AI·SW,AI·데이터,62021.0,전북,호남권,B,0,초기(추정)
141,2022,2022-12-31,1.51,NPS 적용일(하한),1,2021,혁신성장유형,신규,ICT·AI·SW,AI·데이터,62021.0,전북,호남권,B,0,초기(추정)
141,2023,2023-12-31,2.51,NPS 적용일(하한),1,2021,혁신성장유형,신규,ICT·AI·SW,AI·데이터,62021.0,전북,호남권,B,0,초기(추정)
141,2024,2024-12-31,3.51,NPS 적용일(하한),1,2021,혁신성장유형,신규,ICT·AI·SW,AI·데이터,62021.0,전북,호남권,B,0,초기(추정)
142,2021,2021-12-31,0.33,NPS 적용일(하한),1,2021,혁신성장유형,신규,ICT·AI·SW,AI·데이터,58221.0,경기,수도권,B,0,초기(추정)
142,2022,2022-12-31,1.33,NPS 적용일(하한),1,2021,혁신성장유형,신규,ICT·AI·SW,AI·데이터,58221.0,경기,수도권,B,0,초기(추정)
142,2023,2023-12-31,2.33,NPS 적용일(하한),1,2021,혁신성장유형,신규,ICT·AI·SW,AI·데이터,58221.0,경기,수도권,B,0,초기(추정)
142,2024,2024-12-31,3.33,NPS 적용일(하한),1,2021,혁신성장유형,신규,ICT·AI·SW,AI·데이터,58221.0,경기,수도권,B,0,초기(추정)
143,2021,2021-12-31,1.16,NPS 적용일(하한),1,2020,혁신성장유형,재확인,ICT·AI·SW,AI·데이터,58222.0,광주,호남권,B,0,성장·안정(추정)
143,2022,2022-12-31,2.16,NPS 적용일(하한),1,2020,혁신성장유형,재확인,ICT·AI·SW,AI·데이터,58222.0,광주,호남권,B,0,성장·안정(추정)
143,2023,2023-12-31,3.16,NPS 적용일(하한),1,2020,혁신성장유형,재확인,ICT·AI·SW,AI·데이터,58222.0,광주,호남권,B,0,성장·안정(추정)
143,2024,2024-12-31,4.16,NPS 적용일(하한),1,2020,혁신성장유형,재확인,ICT·AI·SW,AI·데이터,58222.0,광주,호남권,B,0,성장·안정(추정)
144,2021,2021-12-31,1.1,NPS 적용일(하한),1,2020,혁신성장유형,신규,ICT·AI·SW,IT서비스·SI,62010.0,경기,수도권,B,0,초기(추정)
144,2022,2022-12-31,2.1,NPS 적용일(하한),1,2020,혁신성장유형,신규,ICT·AI·SW,IT서비스·SI,62010.0,경기,수도권,B,0,초기(추정)
144,2023,2023-12-31,3.1,NPS 적용일(하한),1,2020,혁신성장유형,신규,ICT·AI·SW,IT서비스·SI,62010.0,경기,수도권,B,0,초기(추정)
144,2024,2024-12-31,4.1,NPS 적용일(하한),1,2020,혁신성장유형,신규,ICT·AI·SW,IT서비스·SI,62010.0,경기,수도권,B,0,초기(추정)
145,2021,2021-12-31,6.67,NPS 적용일(하한),1,2015,혁신성장유형,재확인,ICT·AI·SW,IT서비스·SI,62010.0,부산,동남권,B,0,성장·안정(추정)
145,2022,2022-12-31,7.67,NPS 적용일(하한),1,2015,혁신성장유형,재확인,ICT·AI·SW,IT서비스·SI,62010.0,부산,동남권,B,0,성장·안정(추정)
145,2023,2023-12-31,8.67,NPS 적용일(하한),1,2015,혁신성장유형,재확인,ICT·AI·SW,IT서비스·SI,62010.0,부산,동남권,B,0,성장·안정(추정)
145,2024,2024-12-31,9.67,NPS 적용일(하한),1,2015,혁신성장유형,재확인,ICT·AI·SW,IT서비스·SI,62010.0,부산,동남권,B,0,성장·안정(추정)
146,2021,2021-12-31,2.82,DART 설립일,0,2019,혁신성장유형,재확인,ICT·AI·SW,IoT·스마트시티,58221.0,대전,충청권,A,1,성장·안정(추정)
146,2022,2022-12-31,3.82,DART 설립일,0,2019,혁신성장유형,재확인,ICT·AI·SW,IoT·스마트시티,58221.0,대전,충청권,A,1,성장·안정(추정)
146,2023,2023-12-31,4.82,DART 설립일,0,2019,혁신성장유형,재확인,ICT·AI·SW,IoT·스마트시티,58221.0,대전,충청권,A,1,성장·안정(추정)
146,2024,2024-12-31,5.82,DART 설립일,0,2019,혁신성장유형,재확인,ICT·AI·SW,IoT·스마트시티,58221.0,대전,충청권,A,1,성장·안정(추정)
147,2021,2021-12-31,0.92,NPS 적용일(하한),1,2021,혁신성장유형,신규,ICT·AI·SW,데이터·정보서비스,63991.0,서울,수도권,B,0,초기(추정)
147,2022,2022-12-31,1.92,NPS 적용일(하한),1,2021,혁신성장유형,신규,ICT·AI·SW,데이터·정보서비스,63991.0,서울,수도권,B,0,초기(추정)
147,2023,2023-12-31,2.92,NPS 적용일(하한),1,2021,혁신성장유형,신규,ICT·AI·SW,데이터·정보서비스,63991.0,서울,수도권,B,0,초기(추정)
147,2024,2024-12-31,3.92,NPS 적용일(하한),1,2021,혁신성장유형,신규,ICT·AI·SW,데이터·정보서비스,63991.0,서울,수도권,B,0,초기(추정)
148,2021,2021-12-31,2.0,NPS 적용일(하한),1,2020,혁신성장유형,재확인,ICT·AI·SW,데이터·정보서비스,63999.0,서울,수도권,B,0,성장·안정(추정)
148,2022,2022-12-31,3.0,NPS 적용일(하한),1,2020,혁신성장유형,재확인,ICT·AI·SW,데이터·정보서비스,63999.0,서울,수도권,B,0,성장·안정(추정)
148,2023,2023-12-31,4.0,NPS 적용일(하한),1,2020,혁신성장유형,재확인,ICT·AI·SW,데이터·정보서비스,63999.0,서울,수도권,B,0,성장·안정(추정)
148,2024,2024-12-31,5.0,NPS 적용일(하한),1,2020,혁신성장유형,재확인,ICT·AI·SW,데이터·정보서비스,63999.0,서울,수도권,B,0,성장·안정(추정)
149,2021,2021-12-31,1.5,NPS 적용일(하한),1,2020,혁신성장유형,재확인,ICT·AI·SW,데이터·정보서비스,63999.0,강원,강원권,C,0,성장·안정(추정)
149,2022,2022-12-31,2.5,NPS 적용일(하한),1,2020,혁신성장유형,재확인,ICT·AI·SW,데이터·정보서비스,63999.0,강원,강원권,C,0,성장·안정(추정)
149,2023,2023-12-31,3.5,NPS 적용일(하한),1,2020,혁신성장유형,재확인,ICT·AI·SW,데이터·정보서비스,63999.0,강원,강원권,C,0,성장·안정(추정)
149,2024,2024-12-31,4.5,NPS 적용일(하한),1,2020,혁신성장유형,재확인,ICT·AI·SW,데이터·정보서비스,63999.0,강원,강원권,C,0,성장·안정(추정)
150,2021,2021-12-31,0.58,NPS 적용일(하한),1,2021,혁신성장유형,신규,ICT·AI·SW,시스템SW·인프라,58221.0,서울,수도권,B,0,초기(추정)
150,2022,2022-12-31,1.58,NPS 적용일(하한),1,2021,혁신성장유형,신규,ICT·AI·SW,시스템SW·인프라,58221.0,서울,수도권,B,0,초기(추정)
150,2023,2023-12-31,2.58,NPS 적용일(하한),1,2021,혁신성장유형,신규,ICT·AI·SW,시스템SW·인프라,58221.0,서울,수도권,B,0,초기(추정)
150,2024,2024-12-31,3.58,NPS 적용일(하한),1,2021,혁신성장유형,신규,ICT·AI·SW,시스템SW·인프라,58221.0,서울,수도권,B,0,초기(추정)
151,2021,2021-12-31,3.41,DART 설립일,0,2018,벤처투자유형,재확인,로봇·모빌리티·첨단제조,드론,31312.0,인천,수도권,A,1,투자유치 후 성장(추정)
151,2022,2022-12-31,4.41,DART 설립일,0,2018,벤처투자유형,재확인,로봇·모빌리티·첨단제조,드론,31312.0,인천,수도권,A,1,투자유치 후 성장(추정)
151,2023,2023-12-31,5.41,DART 설립일,0,2018,벤처투자유형,재확인,로봇·모빌리티·첨단제조,드론,31312.0,인천,수도권,A,1,투자유치 후 성장(추정)
151,2024,2024-12-31,6.41,DART 설립일,0,2018,벤처투자유형,재확인,로봇·모빌리티·첨단제조,드론,31312.0,인천,수도권,A,1,투자유치 후 성장(추정)
251,2021,2021-12-31,3.84,NPS 적용일(하한),1,2018,벤처투자유형,재확인,로봇·모빌리티·첨단제조,드론,31312.0,경기,수도권,B,0,투자유치 후 성장(추정)
251,2022,2022-12-31,4.84,NPS 적용일(하한),1,2018,벤처투자유형,재확인,로봇·모빌리티·첨단제조,드론,31312.0,경기,수도권,B,0,투자유치 후 성장(추정)
251,2023,2023-12-31,5.83,NPS 적용일(하한),1,2018,벤처투자유형,재확인,로봇·모빌리티·첨단제조,드론,31312.0,경기,수도권,B,0,투자유치 후 성장(추정)
251,2024,2024-12-31,6.84,NPS 적용일(하한),1,2018,벤처투자유형,재확인,로봇·모빌리티·첨단제조,드론,31312.0,경기,수도권,B,0,투자유치 후 성장(추정)
252,2021,2021-12-31,3.91,NPS 적용일(하한),1,2018,벤처투자유형,재확인,로봇·모빌리티·첨단제조,드론,31312.0,인천,수도권,B,0,투자유치 후 성장(추정)
252,2022,2022-12-31,4.91,NPS 적용일(하한),1,2018,벤처투자유형,재확인,로봇·모빌리티·첨단제조,드론,31312.0,인천,수도권,B,0,투자유치 후 성장(추정)
252,2023,2023-12-31,5.91,NPS 적용일(하한),1,2018,벤처투자유형,재확인,로봇·모빌리티·첨단제조,드론,31312.0,인천,수도권,B,0,투자유치 후 성장(추정)
252,2024,2024-12-31,6.91,NPS 적용일(하한),1,2018,벤처투자유형,재확인,로봇·모빌리티·첨단제조,드론,31312.0,인천,수도권,B,0,투자유치 후 성장(추정)
253,2021,2021-12-31,3.23,NPS 적용일(하한),1,2018,벤처투자유형,재확인,로봇·모빌리티·첨단제조,드론,31312.0,대전,충청권,B,0,투자유치 후 성장(추정)
253,2022,2022-12-31,4.23,NPS 적용일(하한),1,2018,벤처투자유형,재확인,로봇·모빌리티·첨단제조,드론,31312.0,대전,충청권,B,0,투자유치 후 성장(추정)
253,2023,2023-12-31,5.23,NPS 적용일(하한),1,2018,벤처투자유형,재확인,로봇·모빌리티·첨단제조,드론,31312.0,대전,충청권,B,0,투자유치 후 성장(추정)
253,2024,2024-12-31,6.23,NPS 적용일(하한),1,2018,벤처투자유형,재확인,로봇·모빌리티·첨단제조,드론,31312.0,대전,충청권,B,0,투자유치 후 성장(추정)
254,2021,2021-12-31,2.58,NPS 적용일(하한),1,2019,벤처투자유형,재확인,로봇·모빌리티·첨단제조,드론,31312.0,충남,충청권,B,0,투자유치 후 성장(추정)
254,2022,2022-12-31,3.58,NPS 적용일(하한),1,2019,벤처투자유형,재확인,로봇·모빌리티·첨단제조,드론,31312.0,충남,충청권,B,0,투자유치 후 성장(추정)
254,2023,2023-12-31,4.58,NPS 적용일(하한),1,2019,벤처투자유형,재확인,로봇·모빌리티·첨단제조,드론,31312.0,충남,충청권,B,0,투자유치 후 성장(추정)
254,2024,2024-12-31,5.58,NPS 적용일(하한),1,2019,벤처투자유형,재확인,로봇·모빌리티·첨단제조,드론,31312.0,충남,충청권,B,0,투자유치 후 성장(추정)
255,2021,2021-12-31,5.64,NPS 적용일(하한),1,2016,벤처투자유형,재확인,로봇·모빌리티·첨단제조,드론,31312.0,경남,동남권,B,0,투자유치 후 성장(추정)
255,2022,2022-12-31,6.64,NPS 적용일(하한),1,2016,벤처투자유형,재확인,로봇·모빌리티·첨단제조,드론,31312.0,경남,동남권,B,0,투자유치 후 성장(추정)
255,2023,2023-12-31,7.64,NPS 적용일(하한),1,2016,벤처투자유형,재확인,로봇·모빌리티·첨단제조,드론,31312.0,경남,동남권,B,0,투자유치 후 성장(추정)
255,2024,2024-12-31,8.64,NPS 적용일(하한),1,2016,벤처투자유형,재확인,로봇·모빌리티·첨단제조,드론,31312.0,경남,동남권,B,0,투자유치 후 성장(추정)
256,2021,2021-12-31,1.08,NPS 적용일(하한),1,2020,벤처투자유형,재확인,로봇·모빌리티·첨단제조,로봇,29280.0,세종,충청권,B,0,투자유치 후 성장(추정)
256,2022,2022-12-31,2.08,NPS 적용일(하한),1,2020,벤처투자유형,재확인,로봇·모빌리티·첨단제조,로봇,29280.0,세종,충청권,B,0,투자유치 후 성장(추정)
256,2023,2023-12-31,3.08,NPS 적용일(하한),1,2020,벤처투자유형,재확인,로봇·모빌리티·첨단제조,로봇,29280.0,세종,충청권,B,0,투자유치 후 성장(추정)
256,2024,2024-12-31,4.08,NPS 적용일(하한),1,2020,벤처투자유형,재확인,로봇·모빌리티·첨단제조,로봇,29280.0,세종,충청권,B,0,투자유치 후 성장(추정)
257,2021,2021-12-31,8.15,DART 설립일,0,2013,벤처투자유형,재확인,로봇·모빌리티·첨단제조,로봇,29280.0,인천,수도권,A,1,투자유치 후 성장(추정)
257,2022,2022-12-31,9.15,DART 설립일,0,2013,벤처투자유형,재확인,로봇·모빌리티·첨단제조,로봇,29280.0,인천,수도권,A,1,투자유치 후 성장(추정)
257,2023,2023-12-31,10.15,DART 설립일,0,2013,벤처투자유형,재확인,로봇·모빌리티·첨단제조,로봇,29280.0,인천,수도권,A,1,투자유치 후 성장(추정)
257,2024,2024-12-31,11.15,DART 설립일,0,2013,벤처투자유형,재확인,로봇·모빌리티·첨단제조,로봇,29280.0,인천,수도권,A,1,투자유치 후 성장(추정)
258,2021,2021-12-31,6.54,DART 설립일,0,2015,벤처투자유형,재확인,로봇·모빌리티·첨단제조,로봇,29280.0,전북,호남권,A,1,투자유치 후 성장(추정)
258,2022,2022-12-31,7.54,DART 설립일,0,2015,벤처투자유형,재확인,로봇·모빌리티·첨단제조,로봇,29280.0,전북,호남권,A,1,투자유치 후 성장(추정)
258,2023,2023-12-31,8.54,DART 설립일,0,2015,벤처투자유형,재확인,로봇·모빌리티·첨단제조,로봇,29280.0,전북,호남권,A,1,투자유치 후 성장(추정)
258,2024,2024-12-31,9.54,DART 설립일,0,2015,벤처투자유형,재확인,로봇·모빌리티·첨단제조,로봇,29280.0,전북,호남권,A,1,투자유치 후 성장(추정)
259,2021,2021-12-31,1.82,NPS 적용일(하한),1,2020,벤처투자유형,재확인,로봇·모빌리티·첨단제조,로봇,29280.0,충남,충청권,B,0,투자유치 후 성장(추정)
259,2022,2022-12-31,2.82,NPS 적용일(하한),1,2020,벤처투자유형,재확인,로봇·모빌리티·첨단제조,로봇,29280.0,충남,충청권,B,0,투자유치 후 성장(추정)
259,2023,2023-12-31,3.82,NPS 적용일(하한),1,2020,벤처투자유형,재확인,로봇·모빌리티·첨단제조,로봇,29280.0,충남,충청권,B,0,투자유치 후 성장(추정)
259,2024,2024-12-31,4.82,NPS 적용일(하한),1,2020,벤처투자유형,재확인,로봇·모빌리티·첨단제조,로봇,29280.0,충남,충청권,B,0,투자유치 후 성장(추정)
260,2021,2021-12-31,2.77,NPS 적용일(하한),1,2019,벤처투자유형,재확인,로봇·모빌리티·첨단제조,로봇,29280.0,대구,대경권,B,0,투자유치 후 성장(추정)
260,2022,2022-12-31,3.77,NPS 적용일(하한),1,2019,벤처투자유형,재확인,로봇·모빌리티·첨단제조,로봇,29280.0,대구,대경권,B,0,투자유치 후 성장(추정)
260,2023,2023-12-31,4.77,NPS 적용일(하한),1,2019,벤처투자유형,재확인,로봇·모빌리티·첨단제조,로봇,29280.0,대구,대경권,B,0,투자유치 후 성장(추정)
260,2024,2024-12-31,5.77,NPS 적용일(하한),1,2019,벤처투자유형,재확인,로봇·모빌리티·첨단제조,로봇,29280.0,대구,대경권,B,0,투자유치 후 성장(추정)
262,2021,2021-12-31,2.33,NPS 적용일(하한),1,2019,벤처투자유형,재확인,로봇·모빌리티·첨단제조,로봇·자동화,29299.0,경북,대경권,B,0,투자유치 후 성장(추정)
262,2022,2022-12-31,3.33,NPS 적용일(하한),1,2019,벤처투자유형,재확인,로봇·모빌리티·첨단제조,로봇·자동화,29299.0,경북,대경권,B,0,투자유치 후 성장(추정)
262,2023,2023-12-31,4.33,NPS 적용일(하한),1,2019,벤처투자유형,재확인,로봇·모빌리티·첨단제조,로봇·자동화,29299.0,경북,대경권,B,0,투자유치 후 성장(추정)
262,2024,2024-12-31,5.33,NPS 적용일(하한),1,2019,벤처투자유형,재확인,로봇·모빌리티·첨단제조,로봇·자동화,29299.0,경북,대경권,B,0,투자유치 후 성장(추정)
263,2021,2021-12-31,3.67,NPS 적용일(하한),1,2018,벤처투자유형,재확인,로봇·모빌리티·첨단제조,로봇·자동화,70129.0,경기,수도권,B,0,투자유치 후 성장(추정)
263,2022,2022-12-31,4.67,NPS 적용일(하한),1,2018,벤처투자유형,재확인,로봇·모빌리티·첨단제조,로봇·자동화,70129.0,경기,수도권,B,0,투자유치 후 성장(추정)
263,2023,2023-12-31,5.67,NPS 적용일(하한),1,2018,벤처투자유형,재확인,로봇·모빌리티·첨단제조,로봇·자동화,70129.0,경기,수도권,B,0,투자유치 후 성장(추정)
263,2024,2024-12-31,6.67,NPS 적용일(하한),1,2018,벤처투자유형,재확인,로봇·모빌리티·첨단제조,로봇·자동화,70129.0,경기,수도권,B,0,투자유치 후 성장(추정)
264,2021,2021-12-31,1.24,NPS 적용일(하한),1,2020,벤처투자유형,재확인,로봇·모빌리티·첨단제조,로봇·자동화,70129.0,서울,수도권,B,0,투자유치 후 성장(추정)
264,2022,2022-12-31,2.24,NPS 적용일(하한),1,2020,벤처투자유형,재확인,로봇·모빌리티·첨단제조,로봇·자동화,70129.0,서울,수도권,B,0,투자유치 후 성장(추정)
264,2023,2023-12-31,3.24,NPS 적용일(하한),1,2020,벤처투자유형,재확인,로봇·모빌리티·첨단제조,로봇·자동화,70129.0,서울,수도권,B,0,투자유치 후 성장(추정)
264,2024,2024-12-31,4.24,NPS 적용일(하한),1,2020,벤처투자유형,재확인,로봇·모빌리티·첨단제조,로봇·자동화,70129.0,서울,수도권,B,0,투자유치 후 성장(추정)
265,2021,2021-12-31,2.1,NPS 적용일(하한),1,2019,벤처투자유형,재확인,로봇·모빌리티·첨단제조,로봇·자동화,29199.0,서울,수도권,B,0,투자유치 후 성장(추정)
265,2022,2022-12-31,3.1,NPS 적용일(하한),1,2019,벤처투자유형,재확인,로봇·모빌리티·첨단제조,로봇·자동화,29199.0,서울,수도권,B,0,투자유치 후 성장(추정)
265,2023,2023-12-31,4.1,NPS 적용일(하한),1,2019,벤처투자유형,재확인,로봇·모빌리티·첨단제조,로봇·자동화,29199.0,서울,수도권,B,0,투자유치 후 성장(추정)
265,2024,2024-12-31,5.1,NPS 적용일(하한),1,2019,벤처투자유형,재확인,로봇·모빌리티·첨단제조,로봇·자동화,29199.0,서울,수도권,B,0,투자유치 후 성장(추정)
266,2021,2021-12-31,3.73,DART 설립일,0,2018,벤처투자유형,재확인,로봇·모빌리티·첨단제조,로봇·자동화,70129.0,서울,수도권,A,1,투자유치 후 성장(추정)
266,2022,2022-12-31,4.73,DART 설립일,0,2018,벤처투자유형,재확인,로봇·모빌리티·첨단제조,로봇·자동화,70129.0,서울,수도권,A,1,투자유치 후 성장(추정)
266,2023,2023-12-31,5.72,DART 설립일,0,2018,벤처투자유형,재확인,로봇·모빌리티·첨단제조,로봇·자동화,70129.0,서울,수도권,A,1,투자유치 후 성장(추정)
266,2024,2024-12-31,6.73,DART 설립일,0,2018,벤처투자유형,재확인,로봇·모빌리티·첨단제조,로봇·자동화,70129.0,서울,수도권,A,1,투자유치 후 성장(추정)
267,2021,2021-12-31,3.51,DART 설립일,0,2018,벤처투자유형,재확인,로봇·모빌리티·첨단제조,모빌리티,70129.0,대전,충청권,A,1,투자유치 후 성장(추정)
267,2022,2022-12-31,4.51,DART 설립일,0,2018,벤처투자유형,재확인,로봇·모빌리티·첨단제조,모빌리티,70129.0,대전,충청권,A,1,투자유치 후 성장(추정)
267,2023,2023-12-31,5.51,DART 설립일,0,2018,벤처투자유형,재확인,로봇·모빌리티·첨단제조,모빌리티,70129.0,대전,충청권,A,1,투자유치 후 성장(추정)
267,2024,2024-12-31,6.51,DART 설립일,0,2018,벤처투자유형,재확인,로봇·모빌리티·첨단제조,모빌리티,70129.0,대전,충청권,A,1,투자유치 후 성장(추정)
268,2021,2021-12-31,0.58,NPS 적용일(하한),1,2021,벤처투자유형,신규,로봇·모빌리티·첨단제조,스마트팜·애그테크,70130.0,인천,수도권,B,0,투자유치 초기(추정)
268,2022,2022-12-31,1.58,NPS 적용일(하한),1,2021,벤처투자유형,신규,로봇·모빌리티·첨단제조,스마트팜·애그테크,70130.0,인천,수도권,B,0,투자유치 초기(추정)
268,2023,2023-12-31,2.58,NPS 적용일(하한),1,2021,벤처투자유형,신규,로봇·모빌리티·첨단제조,스마트팜·애그테크,70130.0,인천,수도권,B,0,투자유치 초기(추정)
268,2024,2024-12-31,3.58,NPS 적용일(하한),1,2021,벤처투자유형,신규,로봇·모빌리티·첨단제조,스마트팜·애그테크,70130.0,인천,수도권,B,0,투자유치 초기(추정)
269,2021,2021-12-31,0.75,NPS 적용일(하한),1,2021,벤처투자유형,재확인,로봇·모빌리티·첨단제조,전기차,30122.0,제주,제주권,B,0,투자유치 후 성장(추정)
269,2022,2022-12-31,1.75,NPS 적용일(하한),1,2021,벤처투자유형,재확인,로봇·모빌리티·첨단제조,전기차,30122.0,제주,제주권,B,0,투자유치 후 성장(추정)
269,2023,2023-12-31,2.75,NPS 적용일(하한),1,2021,벤처투자유형,재확인,로봇·모빌리티·첨단제조,전기차,30122.0,제주,제주권,B,0,투자유치 후 성장(추정)
269,2024,2024-12-31,3.75,NPS 적용일(하한),1,2021,벤처투자유형,재확인,로봇·모빌리티·첨단제조,전기차,30122.0,제주,제주권,B,0,투자유치 후 성장(추정)
270,2021,2021-12-31,1.83,NPS 적용일(하한),1,2020,벤처투자유형,재확인,로봇·모빌리티·첨단제조,첨단소재,70129.0,대전,충청권,B,0,투자유치 후 성장(추정)
270,2022,2022-12-31,2.83,NPS 적용일(하한),1,2020,벤처투자유형,재확인,로봇·모빌리티·첨단제조,첨단소재,70129.0,대전,충청권,B,0,투자유치 후 성장(추정)
270,2023,2023-12-31,3.83,NPS 적용일(하한),1,2020,벤처투자유형,재확인,로봇·모빌리티·첨단제조,첨단소재,70129.0,대전,충청권,B,0,투자유치 후 성장(추정)
270,2024,2024-12-31,4.84,NPS 적용일(하한),1,2020,벤처투자유형,재확인,로봇·모빌리티·첨단제조,첨단소재,70129.0,대전,충청권,B,0,투자유치 후 성장(추정)
271,2021,2021-12-31,4.84,NPS 적용일(하한),1,2017,벤처투자유형,재확인,로봇·모빌리티·첨단제조,첨단소재,22299.0,서울,수도권,B,0,투자유치 후 성장(추정)
271,2022,2022-12-31,5.83,NPS 적용일(하한),1,2017,벤처투자유형,재확인,로봇·모빌리티·첨단제조,첨단소재,22299.0,서울,수도권,B,0,투자유치 후 성장(추정)
271,2023,2023-12-31,6.83,NPS 적용일(하한),1,2017,벤처투자유형,재확인,로봇·모빌리티·첨단제조,첨단소재,22299.0,서울,수도권,B,0,투자유치 후 성장(추정)
271,2024,2024-12-31,7.84,NPS 적용일(하한),1,2017,벤처투자유형,재확인,로봇·모빌리티·첨단제조,첨단소재,22299.0,서울,수도권,B,0,투자유치 후 성장(추정)
272,2021,2021-12-31,2.11,NPS 적용일(하한),1,2019,벤처투자유형,신규,로봇·모빌리티·첨단제조,첨단소재,73909.0,대전,충청권,B,0,투자유치 초기(추정)
272,2022,2022-12-31,3.11,NPS 적용일(하한),1,2019,벤처투자유형,신규,로봇·모빌리티·첨단제조,첨단소재,73909.0,대전,충청권,B,0,투자유치 초기(추정)
272,2023,2023-12-31,4.11,NPS 적용일(하한),1,2019,벤처투자유형,신규,로봇·모빌리티·첨단제조,첨단소재,73909.0,대전,충청권,B,0,투자유치 초기(추정)
272,2024,2024-12-31,5.11,NPS 적용일(하한),1,2019,벤처투자유형,신규,로봇·모빌리티·첨단제조,첨단소재,73909.0,대전,충청권,B,0,투자유치 초기(추정)
273,2021,2021-12-31,6.31,NPS 적용일(하한),1,2015,벤처투자유형,재확인,로봇·모빌리티·첨단제조,첨단소재,20129.0,대전,충청권,B,0,투자유치 후 성장(추정)
273,2022,2022-12-31,7.31,NPS 적용일(하한),1,2015,벤처투자유형,재확인,로봇·모빌리티·첨단제조,첨단소재,20129.0,대전,충청권,B,0,투자유치 후 성장(추정)
273,2023,2023-12-31,8.31,NPS 적용일(하한),1,2015,벤처투자유형,재확인,로봇·모빌리티·첨단제조,첨단소재,20129.0,대전,충청권,B,0,투자유치 후 성장(추정)
273,2024,2024-12-31,9.31,NPS 적용일(하한),1,2015,벤처투자유형,재확인,로봇·모빌리티·첨단제조,첨단소재,20129.0,대전,충청권,B,0,투자유치 후 성장(추정)
274,2021,2021-12-31,4.91,NPS 적용일(하한),1,2017,벤처투자유형,재확인,로봇·모빌리티·첨단제조,첨단소재,73909.0,경북,대경권,B,0,투자유치 후 성장(추정)
274,2022,2022-12-31,5.91,NPS 적용일(하한),1,2017,벤처투자유형,재확인,로봇·모빌리티·첨단제조,첨단소재,73909.0,경북,대경권,B,0,투자유치 후 성장(추정)
274,2023,2023-12-31,6.91,NPS 적용일(하한),1,2017,벤처투자유형,재확인,로봇·모빌리티·첨단제조,첨단소재,73909.0,경북,대경권,B,0,투자유치 후 성장(추정)
274,2024,2024-12-31,7.91,NPS 적용일(하한),1,2017,벤처투자유형,재확인,로봇·모빌리티·첨단제조,첨단소재,73909.0,경북,대경권,B,0,투자유치 후 성장(추정)
275,2021,2021-12-31,3.32,DART 설립일,0,2018,벤처투자유형,재확인,로봇·모빌리티·첨단제조,첨단소재,20499.0,울산,동남권,A,1,투자유치 후 성장(추정)
275,2022,2022-12-31,4.32,DART 설립일,0,2018,벤처투자유형,재확인,로봇·모빌리티·첨단제조,첨단소재,20499.0,울산,동남권,A,1,투자유치 후 성장(추정)
275,2023,2023-12-31,5.32,DART 설립일,0,2018,벤처투자유형,재확인,로봇·모빌리티·첨단제조,첨단소재,20499.0,울산,동남권,A,1,투자유치 후 성장(추정)
275,2024,2024-12-31,6.32,DART 설립일,0,2018,벤처투자유형,재확인,로봇·모빌리티·첨단제조,첨단소재,20499.0,울산,동남권,A,1,투자유치 후 성장(추정)
276,2021,2021-12-31,4.91,NPS 적용일(하한),1,2017,연구개발유형,재확인,로봇·모빌리티·첨단제조,드론,31312.0,인천,수도권,B,0,R&D 중심(추정)
276,2022,2022-12-31,5.91,NPS 적용일(하한),1,2017,연구개발유형,재확인,로봇·모빌리티·첨단제조,드론,31312.0,인천,수도권,B,0,R&D 중심(추정)
276,2023,2023-12-31,6.91,NPS 적용일(하한),1,2017,연구개발유형,재확인,로봇·모빌리티·첨단제조,드론,31312.0,인천,수도권,B,0,R&D 중심(추정)
276,2024,2024-12-31,7.91,NPS 적용일(하한),1,2017,연구개발유형,재확인,로봇·모빌리티·첨단제조,드론,31312.0,인천,수도권,B,0,R&D 중심(추정)
277,2021,2021-12-31,6.03,DART 설립일,0,2015,연구개발유형,재확인,로봇·모빌리티·첨단제조,드론,31312.0,경기,수도권,A,1,R&D 중심(추정)
277,2022,2022-12-31,7.03,DART 설립일,0,2015,연구개발유형,재확인,로봇·모빌리티·첨단제조,드론,31312.0,경기,수도권,A,1,R&D 중심(추정)
277,2023,2023-12-31,8.03,DART 설립일,0,2015,연구개발유형,재확인,로봇·모빌리티·첨단제조,드론,31312.0,경기,수도권,A,1,R&D 중심(추정)
277,2024,2024-12-31,9.03,DART 설립일,0,2015,연구개발유형,재확인,로봇·모빌리티·첨단제조,드론,31312.0,경기,수도권,A,1,R&D 중심(추정)
278,2021,2021-12-31,5.83,NPS 적용일(하한),1,2016,연구개발유형,재확인,로봇·모빌리티·첨단제조,드론,,대구,대경권,B,0,R&D 중심(추정)
278,2022,2022-12-31,6.83,NPS 적용일(하한),1,2016,연구개발유형,재확인,로봇·모빌리티·첨단제조,드론,,대구,대경권,B,0,R&D 중심(추정)
278,2023,2023-12-31,7.83,NPS 적용일(하한),1,2016,연구개발유형,재확인,로봇·모빌리티·첨단제조,드론,,대구,대경권,B,0,R&D 중심(추정)
278,2024,2024-12-31,8.83,NPS 적용일(하한),1,2016,연구개발유형,재확인,로봇·모빌리티·첨단제조,드론,,대구,대경권,B,0,R&D 중심(추정)
279,2021,2021-12-31,6.75,NPS 적용일(하한),1,2015,연구개발유형,재확인,로봇·모빌리티·첨단제조,로봇,29280.0,경기,수도권,B,0,R&D 중심(추정)
279,2022,2022-12-31,7.75,NPS 적용일(하한),1,2015,연구개발유형,재확인,로봇·모빌리티·첨단제조,로봇,29280.0,경기,수도권,B,0,R&D 중심(추정)
279,2023,2023-12-31,8.75,NPS 적용일(하한),1,2015,연구개발유형,재확인,로봇·모빌리티·첨단제조,로봇,29280.0,경기,수도권,B,0,R&D 중심(추정)
279,2024,2024-12-31,9.75,NPS 적용일(하한),1,2015,연구개발유형,재확인,로봇·모빌리티·첨단제조,로봇,29280.0,경기,수도권,B,0,R&D 중심(추정)
280,2021,2021-12-31,4.83,NPS 적용일(하한),1,2017,연구개발유형,재확인,로봇·모빌리티·첨단제조,로봇·모빌리티 R&D,,서울,수도권,B,0,R&D 중심(추정)
280,2022,2022-12-31,5.83,NPS 적용일(하한),1,2017,연구개발유형,재확인,로봇·모빌리티·첨단제조,로봇·모빌리티 R&D,,서울,수도권,B,0,R&D 중심(추정)
280,2023,2023-12-31,6.83,NPS 적용일(하한),1,2017,연구개발유형,재확인,로봇·모빌리티·첨단제조,로봇·모빌리티 R&D,,서울,수도권,B,0,R&D 중심(추정)
280,2024,2024-12-31,7.83,NPS 적용일(하한),1,2017,연구개발유형,재확인,로봇·모빌리티·첨단제조,로봇·모빌리티 R&D,,서울,수도권,B,0,R&D 중심(추정)
281,2021,2021-12-31,5.5,NPS 적용일(하한),1,2016,연구개발유형,재확인,로봇·모빌리티·첨단제조,로봇·자동화,29199.0,대구,대경권,B,0,R&D 중심(추정)
281,2022,2022-12-31,6.5,NPS 적용일(하한),1,2016,연구개발유형,재확인,로봇·모빌리티·첨단제조,로봇·자동화,29199.0,대구,대경권,B,0,R&D 중심(추정)
281,2023,2023-12-31,7.5,NPS 적용일(하한),1,2016,연구개발유형,재확인,로봇·모빌리티·첨단제조,로봇·자동화,29199.0,대구,대경권,B,0,R&D 중심(추정)
281,2024,2024-12-31,8.5,NPS 적용일(하한),1,2016,연구개발유형,재확인,로봇·모빌리티·첨단제조,로봇·자동화,29199.0,대구,대경권,B,0,R&D 중심(추정)
282,2021,2021-12-31,3.61,NPS 적용일(하한),1,2018,연구개발유형,재확인,로봇·모빌리티·첨단제조,로봇·자동화,72129.0,전남,호남권,B,0,R&D 중심(추정)
282,2022,2022-12-31,4.61,NPS 적용일(하한),1,2018,연구개발유형,재확인,로봇·모빌리티·첨단제조,로봇·자동화,72129.0,전남,호남권,B,0,R&D 중심(추정)
282,2023,2023-12-31,5.61,NPS 적용일(하한),1,2018,연구개발유형,재확인,로봇·모빌리티·첨단제조,로봇·자동화,72129.0,전남,호남권,B,0,R&D 중심(추정)
282,2024,2024-12-31,6.61,NPS 적용일(하한),1,2018,연구개발유형,재확인,로봇·모빌리티·첨단제조,로봇·자동화,72129.0,전남,호남권,B,0,R&D 중심(추정)
283,2021,2021-12-31,6.5,NPS 적용일(하한),1,2015,연구개발유형,재확인,로봇·모빌리티·첨단제조,로봇·자동화,29299.0,경북,대경권,B,0,R&D 중심(추정)
283,2022,2022-12-31,7.5,NPS 적용일(하한),1,2015,연구개발유형,재확인,로봇·모빌리티·첨단제조,로봇·자동화,29299.0,경북,대경권,B,0,R&D 중심(추정)
283,2023,2023-12-31,8.5,NPS 적용일(하한),1,2015,연구개발유형,재확인,로봇·모빌리티·첨단제조,로봇·자동화,29299.0,경북,대경권,B,0,R&D 중심(추정)
283,2024,2024-12-31,9.5,NPS 적용일(하한),1,2015,연구개발유형,재확인,로봇·모빌리티·첨단제조,로봇·자동화,29299.0,경북,대경권,B,0,R&D 중심(추정)
284,2021,2021-12-31,4.0,NPS 적용일(하한),1,2018,연구개발유형,재확인,로봇·모빌리티·첨단제조,로봇·자동화,70129.0,경기,수도권,B,0,R&D 중심(추정)
284,2022,2022-12-31,5.0,NPS 적용일(하한),1,2018,연구개발유형,재확인,로봇·모빌리티·첨단제조,로봇·자동화,70129.0,경기,수도권,B,0,R&D 중심(추정)
284,2023,2023-12-31,6.0,NPS 적용일(하한),1,2018,연구개발유형,재확인,로봇·모빌리티·첨단제조,로봇·자동화,70129.0,경기,수도권,B,0,R&D 중심(추정)
284,2024,2024-12-31,7.0,NPS 적용일(하한),1,2018,연구개발유형,재확인,로봇·모빌리티·첨단제조,로봇·자동화,70129.0,경기,수도권,B,0,R&D 중심(추정)
285,2021,2021-12-31,3.41,NPS 적용일(하한),1,2018,연구개발유형,재확인,로봇·모빌리티·첨단제조,산업자동화,27216.0,충남,충청권,B,0,R&D 중심(추정)
285,2022,2022-12-31,4.41,NPS 적용일(하한),1,2018,연구개발유형,재확인,로봇·모빌리티·첨단제조,산업자동화,27216.0,충남,충청권,B,0,R&D 중심(추정)
285,2023,2023-12-31,5.4,NPS 적용일(하한),1,2018,연구개발유형,재확인,로봇·모빌리티·첨단제조,산업자동화,27216.0,충남,충청권,B,0,R&D 중심(추정)
285,2024,2024-12-31,6.41,NPS 적용일(하한),1,2018,연구개발유형,재확인,로봇·모빌리티·첨단제조,산업자동화,27216.0,충남,충청권,B,0,R&D 중심(추정)
286,2021,2021-12-31,4.38,NPS 적용일(하한),1,2017,연구개발유형,재확인,로봇·모빌리티·첨단제조,산업자동화,27216.0,경기,수도권,B,0,R&D 중심(추정)
286,2022,2022-12-31,5.38,NPS 적용일(하한),1,2017,연구개발유형,재확인,로봇·모빌리티·첨단제조,산업자동화,27216.0,경기,수도권,B,0,R&D 중심(추정)
286,2023,2023-12-31,6.38,NPS 적용일(하한),1,2017,연구개발유형,재확인,로봇·모빌리티·첨단제조,산업자동화,27216.0,경기,수도권,B,0,R&D 중심(추정)
286,2024,2024-12-31,7.38,NPS 적용일(하한),1,2017,연구개발유형,재확인,로봇·모빌리티·첨단제조,산업자동화,27216.0,경기,수도권,B,0,R&D 중심(추정)
287,2021,2021-12-31,4.25,NPS 적용일(하한),1,2017,연구개발유형,재확인,로봇·모빌리티·첨단제조,첨단소재,23995.0,경기,수도권,B,0,R&D 중심(추정)
287,2022,2022-12-31,5.25,NPS 적용일(하한),1,2017,연구개발유형,재확인,로봇·모빌리티·첨단제조,첨단소재,23995.0,경기,수도권,B,0,R&D 중심(추정)
287,2023,2023-12-31,6.25,NPS 적용일(하한),1,2017,연구개발유형,재확인,로봇·모빌리티·첨단제조,첨단소재,23995.0,경기,수도권,B,0,R&D 중심(추정)
287,2024,2024-12-31,7.25,NPS 적용일(하한),1,2017,연구개발유형,재확인,로봇·모빌리티·첨단제조,첨단소재,23995.0,경기,수도권,B,0,R&D 중심(추정)
288,2021,2021-12-31,8.08,NPS 적용일(하한),1,2013,연구개발유형,재확인,로봇·모빌리티·첨단제조,첨단소재,20499.0,대전,충청권,B,0,R&D 중심(추정)
288,2022,2022-12-31,9.08,NPS 적용일(하한),1,2013,연구개발유형,재확인,로봇·모빌리티·첨단제조,첨단소재,20499.0,대전,충청권,B,0,R&D 중심(추정)
288,2023,2023-12-31,10.08,NPS 적용일(하한),1,2013,연구개발유형,재확인,로봇·모빌리티·첨단제조,첨단소재,20499.0,대전,충청권,B,0,R&D 중심(추정)
288,2024,2024-12-31,11.08,NPS 적용일(하한),1,2013,연구개발유형,재확인,로봇·모빌리티·첨단제조,첨단소재,20499.0,대전,충청권,B,0,R&D 중심(추정)
289,2021,2021-12-31,2.08,DART 설립일,0,2019,연구개발유형,재확인,로봇·모빌리티·첨단제조,항공우주,31311.0,경기,수도권,A,1,R&D 중심(추정)
289,2022,2022-12-31,3.08,DART 설립일,0,2019,연구개발유형,재확인,로봇·모빌리티·첨단제조,항공우주,31311.0,경기,수도권,A,1,R&D 중심(추정)
289,2023,2023-12-31,4.08,DART 설립일,0,2019,연구개발유형,재확인,로봇·모빌리티·첨단제조,항공우주,31311.0,경기,수도권,A,1,R&D 중심(추정)
289,2024,2024-12-31,5.08,DART 설립일,0,2019,연구개발유형,재확인,로봇·모빌리티·첨단제조,항공우주,31311.0,경기,수도권,A,1,R&D 중심(추정)
290,2021,2021-12-31,5.7,DART 설립일,0,2016,연구개발유형,재확인,로봇·모빌리티·첨단제조,항공우주,31322.0,충북,충청권,A,1,R&D 중심(추정)
290,2022,2022-12-31,6.7,DART 설립일,0,2016,연구개발유형,재확인,로봇·모빌리티·첨단제조,항공우주,31322.0,충북,충청권,A,1,R&D 중심(추정)
290,2023,2023-12-31,7.7,DART 설립일,0,2016,연구개발유형,재확인,로봇·모빌리티·첨단제조,항공우주,31322.0,충북,충청권,A,1,R&D 중심(추정)
290,2024,2024-12-31,8.7,DART 설립일,0,2016,연구개발유형,재확인,로봇·모빌리티·첨단제조,항공우주,31322.0,충북,충청권,A,1,R&D 중심(추정)
291,2021,2021-12-31,3.8,NPS 적용일(하한),1,2018,혁신성장유형,신규,로봇·모빌리티·첨단제조,3D프린팅,29222.0,경기,수도권,B,0,초기(추정)
291,2022,2022-12-31,4.8,NPS 적용일(하한),1,2018,혁신성장유형,신규,로봇·모빌리티·첨단제조,3D프린팅,29222.0,경기,수도권,B,0,초기(추정)
291,2023,2023-12-31,5.8,NPS 적용일(하한),1,2018,혁신성장유형,신규,로봇·모빌리티·첨단제조,3D프린팅,29222.0,경기,수도권,B,0,초기(추정)
291,2024,2024-12-31,6.8,NPS 적용일(하한),1,2018,혁신성장유형,신규,로봇·모빌리티·첨단제조,3D프린팅,29222.0,경기,수도권,B,0,초기(추정)
292,2021,2021-12-31,4.58,DART 설립일,0,2017,혁신성장유형,재확인,로봇·모빌리티·첨단제조,드론,31312.0,경기,수도권,A,1,성장·안정(추정)
292,2022,2022-12-31,5.58,DART 설립일,0,2017,혁신성장유형,재확인,로봇·모빌리티·첨단제조,드론,31312.0,경기,수도권,A,1,성장·안정(추정)
292,2023,2023-12-31,6.58,DART 설립일,0,2017,혁신성장유형,재확인,로봇·모빌리티·첨단제조,드론,31312.0,경기,수도권,A,1,성장·안정(추정)
292,2024,2024-12-31,7.58,DART 설립일,0,2017,혁신성장유형,재확인,로봇·모빌리티·첨단제조,드론,31312.0,경기,수도권,A,1,성장·안정(추정)
293,2021,2021-12-31,0.91,NPS 적용일(하한),1,2021,혁신성장유형,재확인,로봇·모빌리티·첨단제조,드론,31312.0,경북,대경권,B,0,성장·안정(추정)
293,2022,2022-12-31,1.91,NPS 적용일(하한),1,2021,혁신성장유형,재확인,로봇·모빌리티·첨단제조,드론,31312.0,경북,대경권,B,0,성장·안정(추정)
293,2023,2023-12-31,2.91,NPS 적용일(하한),1,2021,혁신성장유형,재확인,로봇·모빌리티·첨단제조,드론,31312.0,경북,대경권,B,0,성장·안정(추정)
293,2024,2024-12-31,3.91,NPS 적용일(하한),1,2021,혁신성장유형,재확인,로봇·모빌리티·첨단제조,드론,31312.0,경북,대경권,B,0,성장·안정(추정)
294,2021,2021-12-31,1.31,NPS 적용일(하한),1,2020,혁신성장유형,재확인,로봇·모빌리티·첨단제조,로봇,29280.0,대전,충청권,B,0,성장·안정(추정)
294,2022,2022-12-31,2.31,NPS 적용일(하한),1,2020,혁신성장유형,재확인,로봇·모빌리티·첨단제조,로봇,29280.0,대전,충청권,B,0,성장·안정(추정)
294,2023,2023-12-31,3.31,NPS 적용일(하한),1,2020,혁신성장유형,재확인,로봇·모빌리티·첨단제조,로봇,29280.0,대전,충청권,B,0,성장·안정(추정)
294,2024,2024-12-31,4.31,NPS 적용일(하한),1,2020,혁신성장유형,재확인,로봇·모빌리티·첨단제조,로봇,29280.0,대전,충청권,B,0,성장·안정(추정)
295,2021,2021-12-31,4.35,DART 설립일,0,2017,혁신성장유형,재확인,로봇·모빌리티·첨단제조,로봇,29280.0,서울,수도권,A,1,성장·안정(추정)
295,2022,2022-12-31,5.35,DART 설립일,0,2017,혁신성장유형,재확인,로봇·모빌리티·첨단제조,로봇,29280.0,서울,수도권,A,1,성장·안정(추정)
295,2023,2023-12-31,6.35,DART 설립일,0,2017,혁신성장유형,재확인,로봇·모빌리티·첨단제조,로봇,29280.0,서울,수도권,A,1,성장·안정(추정)
295,2024,2024-12-31,7.35,DART 설립일,0,2017,혁신성장유형,재확인,로봇·모빌리티·첨단제조,로봇,29280.0,서울,수도권,A,1,성장·안정(추정)
296,2021,2021-12-31,1.31,NPS 적용일(하한),1,2020,혁신성장유형,재확인,로봇·모빌리티·첨단제조,로봇,29280.0,서울,수도권,B,0,성장·안정(추정)
296,2022,2022-12-31,2.31,NPS 적용일(하한),1,2020,혁신성장유형,재확인,로봇·모빌리티·첨단제조,로봇,29280.0,서울,수도권,B,0,성장·안정(추정)
296,2023,2023-12-31,3.31,NPS 적용일(하한),1,2020,혁신성장유형,재확인,로봇·모빌리티·첨단제조,로봇,29280.0,서울,수도권,B,0,성장·안정(추정)
296,2024,2024-12-31,4.31,NPS 적용일(하한),1,2020,혁신성장유형,재확인,로봇·모빌리티·첨단제조,로봇,29280.0,서울,수도권,B,0,성장·안정(추정)
297,2021,2021-12-31,0.97,NPS 적용일(하한),1,2021,혁신성장유형,재확인,로봇·모빌리티·첨단제조,로봇·자동화,29299.0,대구,대경권,B,0,성장·안정(추정)
297,2022,2022-12-31,1.97,NPS 적용일(하한),1,2021,혁신성장유형,재확인,로봇·모빌리티·첨단제조,로봇·자동화,29299.0,대구,대경권,B,0,성장·안정(추정)
297,2023,2023-12-31,2.97,NPS 적용일(하한),1,2021,혁신성장유형,재확인,로봇·모빌리티·첨단제조,로봇·자동화,29299.0,대구,대경권,B,0,성장·안정(추정)
297,2024,2024-12-31,3.97,NPS 적용일(하한),1,2021,혁신성장유형,재확인,로봇·모빌리티·첨단제조,로봇·자동화,29299.0,대구,대경권,B,0,성장·안정(추정)
298,2021,2021-12-31,2.19,DART 설립일,0,2019,혁신성장유형,재확인,로봇·모빌리티·첨단제조,미래차 부품,30331.0,경기,수도권,A,1,성장·안정(추정)
298,2022,2022-12-31,3.19,DART 설립일,0,2019,혁신성장유형,재확인,로봇·모빌리티·첨단제조,미래차 부품,30331.0,경기,수도권,A,1,성장·안정(추정)
298,2023,2023-12-31,4.19,DART 설립일,0,2019,혁신성장유형,재확인,로봇·모빌리티·첨단제조,미래차 부품,30331.0,경기,수도권,A,1,성장·안정(추정)
298,2024,2024-12-31,5.19,DART 설립일,0,2019,혁신성장유형,재확인,로봇·모빌리티·첨단제조,미래차 부품,30331.0,경기,수도권,A,1,성장·안정(추정)
299,2021,2021-12-31,1.56,DART 설립일,0,2020,혁신성장유형,재확인,로봇·모빌리티·첨단제조,스마트팜·애그테크,1151.0,경기,수도권,A,1,성장·안정(추정)
299,2022,2022-12-31,2.56,DART 설립일,0,2020,혁신성장유형,재확인,로봇·모빌리티·첨단제조,스마트팜·애그테크,1151.0,경기,수도권,A,1,성장·안정(추정)
299,2023,2023-12-31,3.56,DART 설립일,0,2020,혁신성장유형,재확인,로봇·모빌리티·첨단제조,스마트팜·애그테크,1151.0,경기,수도권,A,1,성장·안정(추정)
299,2024,2024-12-31,4.56,DART 설립일,0,2020,혁신성장유형,재확인,로봇·모빌리티·첨단제조,스마트팜·애그테크,1151.0,경기,수도권,A,1,성장·안정(추정)
300,2021,2021-12-31,6.5,NPS 적용일(하한),1,2015,혁신성장유형,재확인,로봇·모빌리티·첨단제조,첨단소재,20499.0,충북,충청권,B,0,성장·안정(추정)
300,2022,2022-12-31,7.5,NPS 적용일(하한),1,2015,혁신성장유형,재확인,로봇·모빌리티·첨단제조,첨단소재,20499.0,충북,충청권,B,0,성장·안정(추정)
300,2023,2023-12-31,8.5,NPS 적용일(하한),1,2015,혁신성장유형,재확인,로봇·모빌리티·첨단제조,첨단소재,20499.0,충북,충청권,B,0,성장·안정(추정)
300,2024,2024-12-31,9.5,NPS 적용일(하한),1,2015,혁신성장유형,재확인,로봇·모빌리티·첨단제조,첨단소재,20499.0,충북,충청권,B,0,성장·안정(추정)
401,2021,2021-12-31,2.23,NPS 적용일(하한),1,2019,벤처투자유형,재확인,바이오·헬스케어,건강기능식품,10896.0,서울,수도권,B,0,투자유치 후 성장(추정)
401,2022,2022-12-31,3.23,NPS 적용일(하한),1,2019,벤처투자유형,재확인,바이오·헬스케어,건강기능식품,10896.0,서울,수도권,B,0,투자유치 후 성장(추정)
401,2023,2023-12-31,4.23,NPS 적용일(하한),1,2019,벤처투자유형,재확인,바이오·헬스케어,건강기능식품,10896.0,서울,수도권,B,0,투자유치 후 성장(추정)
401,2024,2024-12-31,5.23,NPS 적용일(하한),1,2019,벤처투자유형,재확인,바이오·헬스케어,건강기능식품,10896.0,서울,수도권,B,0,투자유치 후 성장(추정)
402,2021,2021-12-31,5.45,NPS 적용일(하한),1,2016,벤처투자유형,재확인,바이오·헬스케어,그린바이오,70112.0,강원,강원권,B,0,투자유치 후 성장(추정)
402,2022,2022-12-31,6.45,NPS 적용일(하한),1,2016,벤처투자유형,재확인,바이오·헬스케어,그린바이오,70112.0,강원,강원권,B,0,투자유치 후 성장(추정)
402,2023,2023-12-31,7.45,NPS 적용일(하한),1,2016,벤처투자유형,재확인,바이오·헬스케어,그린바이오,70112.0,강원,강원권,B,0,투자유치 후 성장(추정)
402,2024,2024-12-31,8.45,NPS 적용일(하한),1,2016,벤처투자유형,재확인,바이오·헬스케어,그린바이오,70112.0,강원,강원권,B,0,투자유치 후 성장(추정)
403,2021,2021-12-31,5.28,NPS 적용일(하한),1,2016,벤처투자유형,재확인,바이오·헬스케어,신약·바이오R&D,70113.0,서울,수도권,B,0,투자유치 후 성장(추정)
403,2022,2022-12-31,6.28,NPS 적용일(하한),1,2016,벤처투자유형,재확인,바이오·헬스케어,신약·바이오R&D,70113.0,서울,수도권,B,0,투자유치 후 성장(추정)
403,2023,2023-12-31,7.28,NPS 적용일(하한),1,2016,벤처투자유형,재확인,바이오·헬스케어,신약·바이오R&D,70113.0,서울,수도권,B,0,투자유치 후 성장(추정)
403,2024,2024-12-31,8.28,NPS 적용일(하한),1,2016,벤처투자유형,재확인,바이오·헬스케어,신약·바이오R&D,70113.0,서울,수도권,B,0,투자유치 후 성장(추정)
404,2021,2021-12-31,2.17,NPS 적용일(하한),1,2019,벤처투자유형,재확인,바이오·헬스케어,신약·바이오R&D,70113.0,전북,호남권,C,0,투자유치 후 성장(추정)
404,2022,2022-12-31,3.16,NPS 적용일(하한),1,2019,벤처투자유형,재확인,바이오·헬스케어,신약·바이오R&D,70113.0,전북,호남권,C,0,투자유치 후 성장(추정)
404,2023,2023-12-31,4.16,NPS 적용일(하한),1,2019,벤처투자유형,재확인,바이오·헬스케어,신약·바이오R&D,70113.0,전북,호남권,C,0,투자유치 후 성장(추정)
404,2024,2024-12-31,5.17,NPS 적용일(하한),1,2019,벤처투자유형,재확인,바이오·헬스케어,신약·바이오R&D,70113.0,전북,호남권,C,0,투자유치 후 성장(추정)
405,2021,2021-12-31,3.75,NPS 적용일(하한),1,2018,벤처투자유형,재확인,바이오·헬스케어,신약·바이오R&D,70113.0,경기,수도권,B,0,투자유치 후 성장(추정)
405,2022,2022-12-31,4.75,NPS 적용일(하한),1,2018,벤처투자유형,재확인,바이오·헬스케어,신약·바이오R&D,70113.0,경기,수도권,B,0,투자유치 후 성장(추정)
405,2023,2023-12-31,5.75,NPS 적용일(하한),1,2018,벤처투자유형,재확인,바이오·헬스케어,신약·바이오R&D,70113.0,경기,수도권,B,0,투자유치 후 성장(추정)
405,2024,2024-12-31,6.75,NPS 적용일(하한),1,2018,벤처투자유형,재확인,바이오·헬스케어,신약·바이오R&D,70113.0,경기,수도권,B,0,투자유치 후 성장(추정)
406,2021,2021-12-31,1.67,NPS 적용일(하한),1,2020,벤처투자유형,재확인,바이오·헬스케어,신약·바이오R&D,70113.0,충북,충청권,B,0,투자유치 후 성장(추정)
406,2022,2022-12-31,2.67,NPS 적용일(하한),1,2020,벤처투자유형,재확인,바이오·헬스케어,신약·바이오R&D,70113.0,충북,충청권,B,0,투자유치 후 성장(추정)
406,2023,2023-12-31,3.67,NPS 적용일(하한),1,2020,벤처투자유형,재확인,바이오·헬스케어,신약·바이오R&D,70113.0,충북,충청권,B,0,투자유치 후 성장(추정)
406,2024,2024-12-31,4.67,NPS 적용일(하한),1,2020,벤처투자유형,재확인,바이오·헬스케어,신약·바이오R&D,70113.0,충북,충청권,B,0,투자유치 후 성장(추정)
407,2021,2021-12-31,4.33,NPS 적용일(하한),1,2017,벤처투자유형,재확인,바이오·헬스케어,신약·바이오R&D,70113.0,광주,호남권,B,0,투자유치 후 성장(추정)
407,2022,2022-12-31,5.33,NPS 적용일(하한),1,2017,벤처투자유형,재확인,바이오·헬스케어,신약·바이오R&D,70113.0,광주,호남권,B,0,투자유치 후 성장(추정)
407,2023,2023-12-31,6.33,NPS 적용일(하한),1,2017,벤처투자유형,재확인,바이오·헬스케어,신약·바이오R&D,70113.0,광주,호남권,B,0,투자유치 후 성장(추정)
407,2024,2024-12-31,7.33,NPS 적용일(하한),1,2017,벤처투자유형,재확인,바이오·헬스케어,신약·바이오R&D,70113.0,광주,호남권,B,0,투자유치 후 성장(추정)
408,2021,2021-12-31,2.1,NPS 적용일(하한),1,2019,벤처투자유형,재확인,바이오·헬스케어,신약·바이오R&D,70113.0,서울,수도권,B,0,투자유치 후 성장(추정)
408,2022,2022-12-31,3.1,NPS 적용일(하한),1,2019,벤처투자유형,재확인,바이오·헬스케어,신약·바이오R&D,70113.0,서울,수도권,B,0,투자유치 후 성장(추정)
408,2023,2023-12-31,4.1,NPS 적용일(하한),1,2019,벤처투자유형,재확인,바이오·헬스케어,신약·바이오R&D,70113.0,서울,수도권,B,0,투자유치 후 성장(추정)
408,2024,2024-12-31,5.1,NPS 적용일(하한),1,2019,벤처투자유형,재확인,바이오·헬스케어,신약·바이오R&D,70113.0,서울,수도권,B,0,투자유치 후 성장(추정)
409,2021,2021-12-31,1.67,NPS 적용일(하한),1,2020,벤처투자유형,재확인,바이오·헬스케어,신약·바이오R&D,70113.0,서울,수도권,B,0,투자유치 후 성장(추정)
409,2022,2022-12-31,2.67,NPS 적용일(하한),1,2020,벤처투자유형,재확인,바이오·헬스케어,신약·바이오R&D,70113.0,서울,수도권,B,0,투자유치 후 성장(추정)
409,2023,2023-12-31,3.67,NPS 적용일(하한),1,2020,벤처투자유형,재확인,바이오·헬스케어,신약·바이오R&D,70113.0,서울,수도권,B,0,투자유치 후 성장(추정)
409,2024,2024-12-31,4.67,NPS 적용일(하한),1,2020,벤처투자유형,재확인,바이오·헬스케어,신약·바이오R&D,70113.0,서울,수도권,B,0,투자유치 후 성장(추정)
410,2021,2021-12-31,2.33,NPS 적용일(하한),1,2019,벤처투자유형,재확인,바이오·헬스케어,신약·바이오R&D,70113.0,서울,수도권,B,0,투자유치 후 성장(추정)
410,2022,2022-12-31,3.33,NPS 적용일(하한),1,2019,벤처투자유형,재확인,바이오·헬스케어,신약·바이오R&D,70113.0,서울,수도권,B,0,투자유치 후 성장(추정)
410,2023,2023-12-31,4.33,NPS 적용일(하한),1,2019,벤처투자유형,재확인,바이오·헬스케어,신약·바이오R&D,70113.0,서울,수도권,B,0,투자유치 후 성장(추정)
410,2024,2024-12-31,5.33,NPS 적용일(하한),1,2019,벤처투자유형,재확인,바이오·헬스케어,신약·바이오R&D,70113.0,서울,수도권,B,0,투자유치 후 성장(추정)
411,2021,2021-12-31,3.85,DART 설립일,0,2018,벤처투자유형,재확인,바이오·헬스케어,신약·바이오R&D,70113.0,경기,수도권,A,1,투자유치 후 성장(추정)
411,2022,2022-12-31,4.85,DART 설립일,0,2018,벤처투자유형,재확인,바이오·헬스케어,신약·바이오R&D,70113.0,경기,수도권,A,1,투자유치 후 성장(추정)
411,2023,2023-12-31,5.85,DART 설립일,0,2018,벤처투자유형,재확인,바이오·헬스케어,신약·바이오R&D,70113.0,경기,수도권,A,1,투자유치 후 성장(추정)
411,2024,2024-12-31,6.85,DART 설립일,0,2018,벤처투자유형,재확인,바이오·헬스케어,신약·바이오R&D,70113.0,경기,수도권,A,1,투자유치 후 성장(추정)
412,2021,2021-12-31,5.82,NPS 적용일(하한),1,2016,벤처투자유형,재확인,바이오·헬스케어,의료기기,27199.0,전북,호남권,B,0,투자유치 후 성장(추정)
412,2022,2022-12-31,6.81,NPS 적용일(하한),1,2016,벤처투자유형,재확인,바이오·헬스케어,의료기기,27199.0,전북,호남권,B,0,투자유치 후 성장(추정)
412,2023,2023-12-31,7.81,NPS 적용일(하한),1,2016,벤처투자유형,재확인,바이오·헬스케어,의료기기,27199.0,전북,호남권,B,0,투자유치 후 성장(추정)
412,2024,2024-12-31,8.82,NPS 적용일(하한),1,2016,벤처투자유형,재확인,바이오·헬스케어,의료기기,27199.0,전북,호남권,B,0,투자유치 후 성장(추정)
413,2021,2021-12-31,0.91,NPS 적용일(하한),1,2021,벤처투자유형,재확인,바이오·헬스케어,의료기기,27199.0,제주,제주권,B,0,투자유치 후 성장(추정)
413,2022,2022-12-31,1.91,NPS 적용일(하한),1,2021,벤처투자유형,재확인,바이오·헬스케어,의료기기,27199.0,제주,제주권,B,0,투자유치 후 성장(추정)
413,2023,2023-12-31,2.91,NPS 적용일(하한),1,2021,벤처투자유형,재확인,바이오·헬스케어,의료기기,27199.0,제주,제주권,B,0,투자유치 후 성장(추정)
413,2024,2024-12-31,3.91,NPS 적용일(하한),1,2021,벤처투자유형,재확인,바이오·헬스케어,의료기기,27199.0,제주,제주권,B,0,투자유치 후 성장(추정)
414,2021,2021-12-31,5.66,DART 설립일,0,2016,벤처투자유형,재확인,바이오·헬스케어,의료기기,27199.0,서울,수도권,A,1,투자유치 후 성장(추정)
414,2022,2022-12-31,6.66,DART 설립일,0,2016,벤처투자유형,재확인,바이오·헬스케어,의료기기,27199.0,서울,수도권,A,1,투자유치 후 성장(추정)
414,2023,2023-12-31,7.66,DART 설립일,0,2016,벤처투자유형,재확인,바이오·헬스케어,의료기기,27199.0,서울,수도권,A,1,투자유치 후 성장(추정)
414,2024,2024-12-31,8.66,DART 설립일,0,2016,벤처투자유형,재확인,바이오·헬스케어,의료기기,27199.0,서울,수도권,A,1,투자유치 후 성장(추정)
415,2021,2021-12-31,0.67,NPS 적용일(하한),1,2021,벤처투자유형,재확인,바이오·헬스케어,의료기기,70130.0,서울,수도권,B,0,투자유치 후 성장(추정)
415,2022,2022-12-31,1.67,NPS 적용일(하한),1,2021,벤처투자유형,재확인,바이오·헬스케어,의료기기,70130.0,서울,수도권,B,0,투자유치 후 성장(추정)
415,2023,2023-12-31,2.67,NPS 적용일(하한),1,2021,벤처투자유형,재확인,바이오·헬스케어,의료기기,70130.0,서울,수도권,B,0,투자유치 후 성장(추정)
415,2024,2024-12-31,3.67,NPS 적용일(하한),1,2021,벤처투자유형,재확인,바이오·헬스케어,의료기기,70130.0,서울,수도권,B,0,투자유치 후 성장(추정)
416,2021,2021-12-31,2.15,DART 설립일,0,2019,벤처투자유형,재확인,바이오·헬스케어,의료기기,27199.0,서울,수도권,A,1,투자유치 후 성장(추정)
416,2022,2022-12-31,3.15,DART 설립일,0,2019,벤처투자유형,재확인,바이오·헬스케어,의료기기,27199.0,서울,수도권,A,1,투자유치 후 성장(추정)
416,2023,2023-12-31,4.15,DART 설립일,0,2019,벤처투자유형,재확인,바이오·헬스케어,의료기기,27199.0,서울,수도권,A,1,투자유치 후 성장(추정)
416,2024,2024-12-31,5.15,DART 설립일,0,2019,벤처투자유형,재확인,바이오·헬스케어,의료기기,27199.0,서울,수도권,A,1,투자유치 후 성장(추정)
417,2021,2021-12-31,7.79,DART 설립일,0,2014,벤처투자유형,재확인,바이오·헬스케어,의료기기,27199.0,서울,수도권,A,1,투자유치 후 성장(추정)
417,2022,2022-12-31,8.79,DART 설립일,0,2014,벤처투자유형,재확인,바이오·헬스케어,의료기기,27199.0,서울,수도권,A,1,투자유치 후 성장(추정)
417,2023,2023-12-31,9.79,DART 설립일,0,2014,벤처투자유형,재확인,바이오·헬스케어,의료기기,27199.0,서울,수도권,A,1,투자유치 후 성장(추정)
417,2024,2024-12-31,10.79,DART 설립일,0,2014,벤처투자유형,재확인,바이오·헬스케어,의료기기,27199.0,서울,수도권,A,1,투자유치 후 성장(추정)
418,2021,2021-12-31,1.91,NPS 적용일(하한),1,2020,벤처투자유형,재확인,바이오·헬스케어,의료기기,71600.0,서울,수도권,B,0,투자유치 후 성장(추정)
418,2022,2022-12-31,2.91,NPS 적용일(하한),1,2020,벤처투자유형,재확인,바이오·헬스케어,의료기기,71600.0,서울,수도권,B,0,투자유치 후 성장(추정)
418,2023,2023-12-31,3.91,NPS 적용일(하한),1,2020,벤처투자유형,재확인,바이오·헬스케어,의료기기,71600.0,서울,수도권,B,0,투자유치 후 성장(추정)
418,2024,2024-12-31,4.91,NPS 적용일(하한),1,2020,벤처투자유형,재확인,바이오·헬스케어,의료기기,71600.0,서울,수도권,B,0,투자유치 후 성장(추정)
419,2021,2021-12-31,3.13,DART 설립일,0,2018,벤처투자유형,재확인,바이오·헬스케어,의료기기,27199.0,경기,수도권,A,1,투자유치 후 성장(추정)
419,2022,2022-12-31,4.13,DART 설립일,0,2018,벤처투자유형,재확인,바이오·헬스케어,의료기기,27199.0,경기,수도권,A,1,투자유치 후 성장(추정)
419,2023,2023-12-31,5.13,DART 설립일,0,2018,벤처투자유형,재확인,바이오·헬스케어,의료기기,27199.0,경기,수도권,A,1,투자유치 후 성장(추정)
419,2024,2024-12-31,6.13,DART 설립일,0,2018,벤처투자유형,재확인,바이오·헬스케어,의료기기,27199.0,경기,수도권,A,1,투자유치 후 성장(추정)
420,2021,2021-12-31,6.83,NPS 적용일(하한),1,2015,벤처투자유형,재확인,바이오·헬스케어,의료기기,27112.0,경북,대경권,B,0,투자유치 후 성장(추정)
420,2022,2022-12-31,7.83,NPS 적용일(하한),1,2015,벤처투자유형,재확인,바이오·헬스케어,의료기기,27112.0,경북,대경권,B,0,투자유치 후 성장(추정)
420,2023,2023-12-31,8.83,NPS 적용일(하한),1,2015,벤처투자유형,재확인,바이오·헬스케어,의료기기,27112.0,경북,대경권,B,0,투자유치 후 성장(추정)
420,2024,2024-12-31,9.83,NPS 적용일(하한),1,2015,벤처투자유형,재확인,바이오·헬스케어,의료기기,27112.0,경북,대경권,B,0,투자유치 후 성장(추정)
421,2021,2021-12-31,5.42,NPS 적용일(하한),1,2016,벤처투자유형,재확인,바이오·헬스케어,의료기기(영상),27111.0,경기,수도권,B,0,투자유치 후 성장(추정)
421,2022,2022-12-31,6.41,NPS 적용일(하한),1,2016,벤처투자유형,재확인,바이오·헬스케어,의료기기(영상),27111.0,경기,수도권,B,0,투자유치 후 성장(추정)
421,2023,2023-12-31,7.41,NPS 적용일(하한),1,2016,벤처투자유형,재확인,바이오·헬스케어,의료기기(영상),27111.0,경기,수도권,B,0,투자유치 후 성장(추정)
421,2024,2024-12-31,8.42,NPS 적용일(하한),1,2016,벤처투자유형,재확인,바이오·헬스케어,의료기기(영상),27111.0,경기,수도권,B,0,투자유치 후 성장(추정)
422,2021,2021-12-31,2.1,NPS 적용일(하한),1,2019,벤처투자유형,재확인,바이오·헬스케어,의약품,21100.0,경북,대경권,B,0,투자유치 후 성장(추정)
422,2022,2022-12-31,3.1,NPS 적용일(하한),1,2019,벤처투자유형,재확인,바이오·헬스케어,의약품,21100.0,경북,대경권,B,0,투자유치 후 성장(추정)
422,2023,2023-12-31,4.1,NPS 적용일(하한),1,2019,벤처투자유형,재확인,바이오·헬스케어,의약품,21100.0,경북,대경권,B,0,투자유치 후 성장(추정)
422,2024,2024-12-31,5.1,NPS 적용일(하한),1,2019,벤처투자유형,재확인,바이오·헬스케어,의약품,21100.0,경북,대경권,B,0,투자유치 후 성장(추정)
423,2021,2021-12-31,0.57,DART 설립일,0,2021,벤처투자유형,재확인,바이오·헬스케어,의약품,21100.0,서울,수도권,A,1,투자유치 후 성장(추정)
423,2022,2022-12-31,1.57,DART 설립일,0,2021,벤처투자유형,재확인,바이오·헬스케어,의약품,21100.0,서울,수도권,A,1,투자유치 후 성장(추정)
423,2023,2023-12-31,2.57,DART 설립일,0,2021,벤처투자유형,재확인,바이오·헬스케어,의약품,21100.0,서울,수도권,A,1,투자유치 후 성장(추정)
423,2024,2024-12-31,3.57,DART 설립일,0,2021,벤처투자유형,재확인,바이오·헬스케어,의약품,21100.0,서울,수도권,A,1,투자유치 후 성장(추정)
424,2021,2021-12-31,4.18,DART 설립일,0,2017,벤처투자유형,재확인,바이오·헬스케어,의약품,21100.0,대구,대경권,A,1,투자유치 후 성장(추정)
424,2022,2022-12-31,5.18,DART 설립일,0,2017,벤처투자유형,재확인,바이오·헬스케어,의약품,21100.0,대구,대경권,A,1,투자유치 후 성장(추정)
424,2023,2023-12-31,6.18,DART 설립일,0,2017,벤처투자유형,재확인,바이오·헬스케어,의약품,21100.0,대구,대경권,A,1,투자유치 후 성장(추정)
424,2024,2024-12-31,7.18,DART 설립일,0,2017,벤처투자유형,재확인,바이오·헬스케어,의약품,21100.0,대구,대경권,A,1,투자유치 후 성장(추정)
425,2021,2021-12-31,7.25,DART 설립일,0,2014,벤처투자유형,재확인,바이오·헬스케어,의약품,21100.0,경기,수도권,A,1,투자유치 후 성장(추정)
425,2022,2022-12-31,8.25,DART 설립일,0,2014,벤처투자유형,재확인,바이오·헬스케어,의약품,21100.0,경기,수도권,A,1,투자유치 후 성장(추정)
425,2023,2023-12-31,9.25,DART 설립일,0,2014,벤처투자유형,재확인,바이오·헬스케어,의약품,21100.0,경기,수도권,A,1,투자유치 후 성장(추정)
425,2024,2024-12-31,10.25,DART 설립일,0,2014,벤처투자유형,재확인,바이오·헬스케어,의약품,21100.0,경기,수도권,A,1,투자유치 후 성장(추정)
426,2021,2021-12-31,4.01,DART 설립일,0,2017,연구개발유형,재확인,바이오·헬스케어,바이오,73909.0,경기,수도권,A,1,R&D 중심(추정)
426,2022,2022-12-31,5.01,DART 설립일,0,2017,연구개발유형,재확인,바이오·헬스케어,바이오,73909.0,경기,수도권,A,1,R&D 중심(추정)
426,2023,2023-12-31,6.01,DART 설립일,0,2017,연구개발유형,재확인,바이오·헬스케어,바이오,73909.0,경기,수도권,A,1,R&D 중심(추정)
426,2024,2024-12-31,7.01,DART 설립일,0,2017,연구개발유형,재확인,바이오·헬스케어,바이오,73909.0,경기,수도권,A,1,R&D 중심(추정)
427,2021,2021-12-31,4.75,NPS 적용일(하한),1,2017,연구개발유형,재확인,바이오·헬스케어,바이오,70130.0,경기,수도권,B,0,R&D 중심(추정)
427,2022,2022-12-31,5.75,NPS 적용일(하한),1,2017,연구개발유형,재확인,바이오·헬스케어,바이오,70130.0,경기,수도권,B,0,R&D 중심(추정)
427,2023,2023-12-31,6.75,NPS 적용일(하한),1,2017,연구개발유형,재확인,바이오·헬스케어,바이오,70130.0,경기,수도권,B,0,R&D 중심(추정)
427,2024,2024-12-31,7.75,NPS 적용일(하한),1,2017,연구개발유형,재확인,바이오·헬스케어,바이오,70130.0,경기,수도권,B,0,R&D 중심(추정)
428,2021,2021-12-31,5.0,NPS 적용일(하한),1,2017,연구개발유형,재확인,바이오·헬스케어,바이오 R&D,70111.0,충북,충청권,B,0,R&D 중심(추정)
428,2022,2022-12-31,6.0,NPS 적용일(하한),1,2017,연구개발유형,재확인,바이오·헬스케어,바이오 R&D,70111.0,충북,충청권,B,0,R&D 중심(추정)
428,2023,2023-12-31,7.0,NPS 적용일(하한),1,2017,연구개발유형,재확인,바이오·헬스케어,바이오 R&D,70111.0,충북,충청권,B,0,R&D 중심(추정)
428,2024,2024-12-31,8.0,NPS 적용일(하한),1,2017,연구개발유형,재확인,바이오·헬스케어,바이오 R&D,70111.0,충북,충청권,B,0,R&D 중심(추정)
429,2021,2021-12-31,4.33,NPS 적용일(하한),1,2017,연구개발유형,재확인,바이오·헬스케어,바이오·의료 장비,29299.0,부산,동남권,B,0,R&D 중심(추정)
429,2022,2022-12-31,5.33,NPS 적용일(하한),1,2017,연구개발유형,재확인,바이오·헬스케어,바이오·의료 장비,29299.0,부산,동남권,B,0,R&D 중심(추정)
429,2023,2023-12-31,6.33,NPS 적용일(하한),1,2017,연구개발유형,재확인,바이오·헬스케어,바이오·의료 장비,29299.0,부산,동남권,B,0,R&D 중심(추정)
429,2024,2024-12-31,7.33,NPS 적용일(하한),1,2017,연구개발유형,재확인,바이오·헬스케어,바이오·의료 장비,29299.0,부산,동남권,B,0,R&D 중심(추정)
430,2021,2021-12-31,2.34,DART 설립일,0,2019,연구개발유형,재확인,바이오·헬스케어,바이오소재,20499.0,경기,수도권,A,1,R&D 중심(추정)
430,2022,2022-12-31,3.34,DART 설립일,0,2019,연구개발유형,재확인,바이오·헬스케어,바이오소재,20499.0,경기,수도권,A,1,R&D 중심(추정)
430,2023,2023-12-31,4.34,DART 설립일,0,2019,연구개발유형,재확인,바이오·헬스케어,바이오소재,20499.0,경기,수도권,A,1,R&D 중심(추정)
430,2024,2024-12-31,5.34,DART 설립일,0,2019,연구개발유형,재확인,바이오·헬스케어,바이오소재,20499.0,경기,수도권,A,1,R&D 중심(추정)
431,2021,2021-12-31,1.5,NPS 적용일(하한),1,2020,연구개발유형,신규,바이오·헬스케어,바이오소재,20499.0,대전,충청권,B,0,R&D 중심(추정)
431,2022,2022-12-31,2.5,NPS 적용일(하한),1,2020,연구개발유형,신규,바이오·헬스케어,바이오소재,20499.0,대전,충청권,B,0,R&D 중심(추정)
431,2023,2023-12-31,3.5,NPS 적용일(하한),1,2020,연구개발유형,신규,바이오·헬스케어,바이오소재,20499.0,대전,충청권,B,0,R&D 중심(추정)
431,2024,2024-12-31,4.5,NPS 적용일(하한),1,2020,연구개발유형,신규,바이오·헬스케어,바이오소재,20499.0,대전,충청권,B,0,R&D 중심(추정)
432,2021,2021-12-31,4.63,NPS 적용일(하한),1,2017,연구개발유형,재확인,바이오·헬스케어,바이오소재,20499.0,대전,충청권,B,0,R&D 중심(추정)
432,2022,2022-12-31,5.63,NPS 적용일(하한),1,2017,연구개발유형,재확인,바이오·헬스케어,바이오소재,20499.0,대전,충청권,B,0,R&D 중심(추정)
432,2023,2023-12-31,6.63,NPS 적용일(하한),1,2017,연구개발유형,재확인,바이오·헬스케어,바이오소재,20499.0,대전,충청권,B,0,R&D 중심(추정)
432,2024,2024-12-31,7.63,NPS 적용일(하한),1,2017,연구개발유형,재확인,바이오·헬스케어,바이오소재,20499.0,대전,충청권,B,0,R&D 중심(추정)
433,2021,2021-12-31,2.67,NPS 적용일(하한),1,2019,연구개발유형,재확인,바이오·헬스케어,바이오소재,20499.0,경기,수도권,B,0,R&D 중심(추정)
433,2022,2022-12-31,3.67,NPS 적용일(하한),1,2019,연구개발유형,재확인,바이오·헬스케어,바이오소재,20499.0,경기,수도권,B,0,R&D 중심(추정)
433,2023,2023-12-31,4.67,NPS 적용일(하한),1,2019,연구개발유형,재확인,바이오·헬스케어,바이오소재,20499.0,경기,수도권,B,0,R&D 중심(추정)
433,2024,2024-12-31,5.67,NPS 적용일(하한),1,2019,연구개발유형,재확인,바이오·헬스케어,바이오소재,20499.0,경기,수도권,B,0,R&D 중심(추정)
434,2021,2021-12-31,4.34,DART 설립일,0,2017,연구개발유형,재확인,바이오·헬스케어,신약·바이오R&D,70113.0,경기,수도권,A,1,R&D 중심(추정)
434,2022,2022-12-31,5.34,DART 설립일,0,2017,연구개발유형,재확인,바이오·헬스케어,신약·바이오R&D,70113.0,경기,수도권,A,1,R&D 중심(추정)
434,2023,2023-12-31,6.34,DART 설립일,0,2017,연구개발유형,재확인,바이오·헬스케어,신약·바이오R&D,70113.0,경기,수도권,A,1,R&D 중심(추정)
434,2024,2024-12-31,7.34,DART 설립일,0,2017,연구개발유형,재확인,바이오·헬스케어,신약·바이오R&D,70113.0,경기,수도권,A,1,R&D 중심(추정)
435,2021,2021-12-31,1.14,NPS 적용일(하한),1,2020,연구개발유형,재확인,바이오·헬스케어,의료기기,27199.0,경기,수도권,B,0,R&D 중심(추정)
435,2022,2022-12-31,2.14,NPS 적용일(하한),1,2020,연구개발유형,재확인,바이오·헬스케어,의료기기,27199.0,경기,수도권,B,0,R&D 중심(추정)
435,2023,2023-12-31,3.14,NPS 적용일(하한),1,2020,연구개발유형,재확인,바이오·헬스케어,의료기기,27199.0,경기,수도권,B,0,R&D 중심(추정)
435,2024,2024-12-31,4.14,NPS 적용일(하한),1,2020,연구개발유형,재확인,바이오·헬스케어,의료기기,27199.0,경기,수도권,B,0,R&D 중심(추정)
436,2021,2021-12-31,7.33,NPS 적용일(하한),1,2014,연구개발유형,재확인,바이오·헬스케어,의료기기(치과),27191.0,서울,수도권,B,0,R&D 중심(추정)
436,2022,2022-12-31,8.33,NPS 적용일(하한),1,2014,연구개발유형,재확인,바이오·헬스케어,의료기기(치과),27191.0,서울,수도권,B,0,R&D 중심(추정)
436,2023,2023-12-31,9.33,NPS 적용일(하한),1,2014,연구개발유형,재확인,바이오·헬스케어,의료기기(치과),27191.0,서울,수도권,B,0,R&D 중심(추정)
436,2024,2024-12-31,10.33,NPS 적용일(하한),1,2014,연구개발유형,재확인,바이오·헬스케어,의료기기(치과),27191.0,서울,수도권,B,0,R&D 중심(추정)
437,2021,2021-12-31,5.43,NPS 적용일(하한),1,2016,연구개발유형,재확인,바이오·헬스케어,의료기기(치과),27191.0,대전,충청권,B,0,R&D 중심(추정)
437,2022,2022-12-31,6.43,NPS 적용일(하한),1,2016,연구개발유형,재확인,바이오·헬스케어,의료기기(치과),27191.0,대전,충청권,B,0,R&D 중심(추정)
437,2023,2023-12-31,7.43,NPS 적용일(하한),1,2016,연구개발유형,재확인,바이오·헬스케어,의료기기(치과),27191.0,대전,충청권,B,0,R&D 중심(추정)
437,2024,2024-12-31,8.44,NPS 적용일(하한),1,2016,연구개발유형,재확인,바이오·헬스케어,의료기기(치과),27191.0,대전,충청권,B,0,R&D 중심(추정)
438,2021,2021-12-31,0.58,NPS 적용일(하한),1,2021,연구개발유형,재확인,바이오·헬스케어,의료용품,21309.0,경기,수도권,B,0,R&D 중심(추정)
438,2022,2022-12-31,1.58,NPS 적용일(하한),1,2021,연구개발유형,재확인,바이오·헬스케어,의료용품,21309.0,경기,수도권,B,0,R&D 중심(추정)
438,2023,2023-12-31,2.58,NPS 적용일(하한),1,2021,연구개발유형,재확인,바이오·헬스케어,의료용품,21309.0,경기,수도권,B,0,R&D 중심(추정)
438,2024,2024-12-31,3.58,NPS 적용일(하한),1,2021,연구개발유형,재확인,바이오·헬스케어,의료용품,21309.0,경기,수도권,B,0,R&D 중심(추정)
439,2021,2021-12-31,6.67,DART 설립일,0,2015,연구개발유형,재확인,바이오·헬스케어,의료용품,21309.0,경기,수도권,A,1,R&D 중심(추정)
439,2022,2022-12-31,7.67,DART 설립일,0,2015,연구개발유형,재확인,바이오·헬스케어,의료용품,21309.0,경기,수도권,A,1,R&D 중심(추정)
439,2023,2023-12-31,8.67,DART 설립일,0,2015,연구개발유형,재확인,바이오·헬스케어,의료용품,21309.0,경기,수도권,A,1,R&D 중심(추정)
439,2024,2024-12-31,9.67,DART 설립일,0,2015,연구개발유형,재확인,바이오·헬스케어,의료용품,21309.0,경기,수도권,A,1,R&D 중심(추정)
440,2021,2021-12-31,6.75,NPS 적용일(하한),1,2015,연구개발유형,재확인,바이오·헬스케어,의약품,21212.0,충남,충청권,B,0,R&D 중심(추정)
440,2022,2022-12-31,7.75,NPS 적용일(하한),1,2015,연구개발유형,재확인,바이오·헬스케어,의약품,21212.0,충남,충청권,B,0,R&D 중심(추정)
440,2023,2023-12-31,8.75,NPS 적용일(하한),1,2015,연구개발유형,재확인,바이오·헬스케어,의약품,21212.0,충남,충청권,B,0,R&D 중심(추정)
440,2024,2024-12-31,9.75,NPS 적용일(하한),1,2015,연구개발유형,재확인,바이오·헬스케어,의약품,21212.0,충남,충청권,B,0,R&D 중심(추정)
441,2021,2021-12-31,8.18,NPS 적용일(하한),1,2013,혁신성장유형,재확인,바이오·헬스케어,동물의약품,21230.0,충남,충청권,B,0,성장·안정(추정)
441,2022,2022-12-31,9.18,NPS 적용일(하한),1,2013,혁신성장유형,재확인,바이오·헬스케어,동물의약품,21230.0,충남,충청권,B,0,성장·안정(추정)
441,2023,2023-12-31,10.18,NPS 적용일(하한),1,2013,혁신성장유형,재확인,바이오·헬스케어,동물의약품,21230.0,충남,충청권,B,0,성장·안정(추정)
441,2024,2024-12-31,11.18,NPS 적용일(하한),1,2013,혁신성장유형,재확인,바이오·헬스케어,동물의약품,21230.0,충남,충청권,B,0,성장·안정(추정)
442,2021,2021-12-31,0.66,NPS 적용일(하한),1,2021,혁신성장유형,재확인,바이오·헬스케어,바이오 R&D,70119.0,부산,동남권,B,0,성장·안정(추정)
442,2022,2022-12-31,1.66,NPS 적용일(하한),1,2021,혁신성장유형,재확인,바이오·헬스케어,바이오 R&D,70119.0,부산,동남권,B,0,성장·안정(추정)
442,2023,2023-12-31,2.66,NPS 적용일(하한),1,2021,혁신성장유형,재확인,바이오·헬스케어,바이오 R&D,70119.0,부산,동남권,B,0,성장·안정(추정)
442,2024,2024-12-31,3.66,NPS 적용일(하한),1,2021,혁신성장유형,재확인,바이오·헬스케어,바이오 R&D,70119.0,부산,동남권,B,0,성장·안정(추정)
443,2021,2021-12-31,5.16,NPS 적용일(하한),1,2016,혁신성장유형,재확인,바이오·헬스케어,의료기기(치과),27191.0,경기,수도권,B,0,성장·안정(추정)
443,2022,2022-12-31,6.16,NPS 적용일(하한),1,2016,혁신성장유형,재확인,바이오·헬스케어,의료기기(치과),27191.0,경기,수도권,B,0,성장·안정(추정)
443,2023,2023-12-31,7.16,NPS 적용일(하한),1,2016,혁신성장유형,재확인,바이오·헬스케어,의료기기(치과),27191.0,경기,수도권,B,0,성장·안정(추정)
443,2024,2024-12-31,8.16,NPS 적용일(하한),1,2016,혁신성장유형,재확인,바이오·헬스케어,의료기기(치과),27191.0,경기,수도권,B,0,성장·안정(추정)
444,2021,2021-12-31,4.84,NPS 적용일(하한),1,2017,혁신성장유형,재확인,바이오·헬스케어,의료기기(치과),27191.0,광주,호남권,B,0,성장·안정(추정)
444,2022,2022-12-31,5.83,NPS 적용일(하한),1,2017,혁신성장유형,재확인,바이오·헬스케어,의료기기(치과),27191.0,광주,호남권,B,0,성장·안정(추정)
444,2023,2023-12-31,6.83,NPS 적용일(하한),1,2017,혁신성장유형,재확인,바이오·헬스케어,의료기기(치과),27191.0,광주,호남권,B,0,성장·안정(추정)
444,2024,2024-12-31,7.84,NPS 적용일(하한),1,2017,혁신성장유형,재확인,바이오·헬스케어,의료기기(치과),27191.0,광주,호남권,B,0,성장·안정(추정)
445,2021,2021-12-31,8.08,DART 설립일,0,2013,혁신성장유형,재확인,바이오·헬스케어,의료기기(치과),27191.0,대구,대경권,A,1,성장·안정(추정)
445,2022,2022-12-31,9.08,DART 설립일,0,2013,혁신성장유형,재확인,바이오·헬스케어,의료기기(치과),27191.0,대구,대경권,A,1,성장·안정(추정)
445,2023,2023-12-31,10.08,DART 설립일,0,2013,혁신성장유형,재확인,바이오·헬스케어,의료기기(치과),27191.0,대구,대경권,A,1,성장·안정(추정)
445,2024,2024-12-31,11.08,DART 설립일,0,2013,혁신성장유형,재확인,바이오·헬스케어,의료기기(치과),27191.0,대구,대경권,A,1,성장·안정(추정)
446,2021,2021-12-31,1.3,DART 설립일,0,2020,혁신성장유형,재확인,바이오·헬스케어,의료용품,21309.0,울산,동남권,A,1,성장·안정(추정)
446,2022,2022-12-31,2.3,DART 설립일,0,2020,혁신성장유형,재확인,바이오·헬스케어,의료용품,21309.0,울산,동남권,A,1,성장·안정(추정)
446,2023,2023-12-31,3.3,DART 설립일,0,2020,혁신성장유형,재확인,바이오·헬스케어,의료용품,21309.0,울산,동남권,A,1,성장·안정(추정)
446,2024,2024-12-31,4.3,DART 설립일,0,2020,혁신성장유형,재확인,바이오·헬스케어,의료용품,21309.0,울산,동남권,A,1,성장·안정(추정)
447,2021,2021-12-31,5.2,DART 설립일,0,2016,혁신성장유형,재확인,바이오·헬스케어,의약품,21212.0,서울,수도권,A,1,성장·안정(추정)
447,2022,2022-12-31,6.2,DART 설립일,0,2016,혁신성장유형,재확인,바이오·헬스케어,의약품,21212.0,서울,수도권,A,1,성장·안정(추정)
447,2023,2023-12-31,7.2,DART 설립일,0,2016,혁신성장유형,재확인,바이오·헬스케어,의약품,21212.0,서울,수도권,A,1,성장·안정(추정)
447,2024,2024-12-31,8.2,DART 설립일,0,2016,혁신성장유형,재확인,바이오·헬스케어,의약품,21212.0,서울,수도권,A,1,성장·안정(추정)
448,2021,2021-12-31,7.23,NPS 적용일(하한),1,2014,혁신성장유형,신규,바이오·헬스케어,의약품,21220.0,경북,대경권,B,0,초기(추정)
448,2022,2022-12-31,8.23,NPS 적용일(하한),1,2014,혁신성장유형,신규,바이오·헬스케어,의약품,21220.0,경북,대경권,B,0,초기(추정)
448,2023,2023-12-31,9.23,NPS 적용일(하한),1,2014,혁신성장유형,신규,바이오·헬스케어,의약품,21220.0,경북,대경권,B,0,초기(추정)
448,2024,2024-12-31,10.23,NPS 적용일(하한),1,2014,혁신성장유형,신규,바이오·헬스케어,의약품,21220.0,경북,대경권,B,0,초기(추정)
449,2021,2021-12-31,1.25,NPS 적용일(하한),1,2020,혁신성장유형,재확인,바이오·헬스케어,화장품·뷰티(바이오·테크),20423.0,부산,동남권,B,0,성장·안정(추정)
449,2022,2022-12-31,2.25,NPS 적용일(하한),1,2020,혁신성장유형,재확인,바이오·헬스케어,화장품·뷰티(바이오·테크),20423.0,부산,동남권,B,0,성장·안정(추정)
449,2023,2023-12-31,3.25,NPS 적용일(하한),1,2020,혁신성장유형,재확인,바이오·헬스케어,화장품·뷰티(바이오·테크),20423.0,부산,동남권,B,0,성장·안정(추정)
449,2024,2024-12-31,4.25,NPS 적용일(하한),1,2020,혁신성장유형,재확인,바이오·헬스케어,화장품·뷰티(바이오·테크),20423.0,부산,동남권,B,0,성장·안정(추정)
450,2021,2021-12-31,3.48,NPS 적용일(하한),1,2018,혁신성장유형,재확인,바이오·헬스케어,화장품·뷰티(바이오·테크),20423.0,경기,수도권,B,0,성장·안정(추정)
450,2022,2022-12-31,4.48,NPS 적용일(하한),1,2018,혁신성장유형,재확인,바이오·헬스케어,화장품·뷰티(바이오·테크),20423.0,경기,수도권,B,0,성장·안정(추정)
450,2023,2023-12-31,5.48,NPS 적용일(하한),1,2018,혁신성장유형,재확인,바이오·헬스케어,화장품·뷰티(바이오·테크),20423.0,경기,수도권,B,0,성장·안정(추정)
450,2024,2024-12-31,6.48,NPS 적용일(하한),1,2018,혁신성장유형,재확인,바이오·헬스케어,화장품·뷰티(바이오·테크),20423.0,경기,수도권,B,0,성장·안정(추정)
528,2021,2021-12-31,6.16,NPS 적용일(하한),1,2015,연구개발유형,재확인,반도체·ICT HW,통신장비,26429.0,경기,수도권,B,0,R&D 중심(추정)
528,2022,2022-12-31,7.16,NPS 적용일(하한),1,2015,연구개발유형,재확인,반도체·ICT HW,통신장비,26429.0,경기,수도권,B,0,R&D 중심(추정)
528,2023,2023-12-31,8.16,NPS 적용일(하한),1,2015,연구개발유형,재확인,반도체·ICT HW,통신장비,26429.0,경기,수도권,B,0,R&D 중심(추정)
528,2024,2024-12-31,9.16,NPS 적용일(하한),1,2015,연구개발유형,재확인,반도체·ICT HW,통신장비,26429.0,경기,수도권,B,0,R&D 중심(추정)
551,2021,2021-12-31,2.75,NPS 적용일(하한),1,2019,벤처투자유형,재확인,반도체·ICT HW,LED·광반도체,26121.0,경기,수도권,B,0,투자유치 후 성장(추정)
551,2022,2022-12-31,3.75,NPS 적용일(하한),1,2019,벤처투자유형,재확인,반도체·ICT HW,LED·광반도체,26121.0,경기,수도권,B,0,투자유치 후 성장(추정)
551,2023,2023-12-31,4.75,NPS 적용일(하한),1,2019,벤처투자유형,재확인,반도체·ICT HW,LED·광반도체,26121.0,경기,수도권,B,0,투자유치 후 성장(추정)
551,2024,2024-12-31,5.75,NPS 적용일(하한),1,2019,벤처투자유형,재확인,반도체·ICT HW,LED·광반도체,26121.0,경기,수도권,B,0,투자유치 후 성장(추정)
552,2021,2021-12-31,1.16,NPS 적용일(하한),1,2020,벤처투자유형,재확인,반도체·ICT HW,계측·분석기기,27212.0,대전,충청권,B,0,투자유치 후 성장(추정)
552,2022,2022-12-31,2.15,NPS 적용일(하한),1,2020,벤처투자유형,재확인,반도체·ICT HW,계측·분석기기,27212.0,대전,충청권,B,0,투자유치 후 성장(추정)
552,2023,2023-12-31,3.15,NPS 적용일(하한),1,2020,벤처투자유형,재확인,반도체·ICT HW,계측·분석기기,27212.0,대전,충청권,B,0,투자유치 후 성장(추정)
552,2024,2024-12-31,4.16,NPS 적용일(하한),1,2020,벤처투자유형,재확인,반도체·ICT HW,계측·분석기기,27212.0,대전,충청권,B,0,투자유치 후 성장(추정)
553,2021,2021-12-31,4.77,NPS 적용일(하한),1,2017,벤처투자유형,재확인,반도체·ICT HW,계측·분석기기,27212.0,경기,수도권,B,0,투자유치 후 성장(추정)
553,2022,2022-12-31,5.77,NPS 적용일(하한),1,2017,벤처투자유형,재확인,반도체·ICT HW,계측·분석기기,27212.0,경기,수도권,B,0,투자유치 후 성장(추정)
553,2023,2023-12-31,6.77,NPS 적용일(하한),1,2017,벤처투자유형,재확인,반도체·ICT HW,계측·분석기기,27212.0,경기,수도권,B,0,투자유치 후 성장(추정)
553,2024,2024-12-31,7.77,NPS 적용일(하한),1,2017,벤처투자유형,재확인,반도체·ICT HW,계측·분석기기,27212.0,경기,수도권,B,0,투자유치 후 성장(추정)
554,2021,2021-12-31,3.75,NPS 적용일(하한),1,2018,벤처투자유형,재확인,반도체·ICT HW,계측·분석기기,27212.0,경기,수도권,B,0,투자유치 후 성장(추정)
554,2022,2022-12-31,4.75,NPS 적용일(하한),1,2018,벤처투자유형,재확인,반도체·ICT HW,계측·분석기기,27212.0,경기,수도권,B,0,투자유치 후 성장(추정)
554,2023,2023-12-31,5.75,NPS 적용일(하한),1,2018,벤처투자유형,재확인,반도체·ICT HW,계측·분석기기,27212.0,경기,수도권,B,0,투자유치 후 성장(추정)
554,2024,2024-12-31,6.75,NPS 적용일(하한),1,2018,벤처투자유형,재확인,반도체·ICT HW,계측·분석기기,27212.0,경기,수도권,B,0,투자유치 후 성장(추정)
555,2021,2021-12-31,3.58,NPS 적용일(하한),1,2018,벤처투자유형,재확인,반도체·ICT HW,계측·정밀기기,27219.0,서울,수도권,B,0,투자유치 후 성장(추정)
555,2022,2022-12-31,4.58,NPS 적용일(하한),1,2018,벤처투자유형,재확인,반도체·ICT HW,계측·정밀기기,27219.0,서울,수도권,B,0,투자유치 후 성장(추정)
555,2023,2023-12-31,5.58,NPS 적용일(하한),1,2018,벤처투자유형,재확인,반도체·ICT HW,계측·정밀기기,27219.0,서울,수도권,B,0,투자유치 후 성장(추정)
555,2024,2024-12-31,6.58,NPS 적용일(하한),1,2018,벤처투자유형,재확인,반도체·ICT HW,계측·정밀기기,27219.0,서울,수도권,B,0,투자유치 후 성장(추정)
556,2021,2021-12-31,6.75,NPS 적용일(하한),1,2015,벤처투자유형,재확인,반도체·ICT HW,반도체·디스플레이 소재,20111.0,충북,충청권,B,0,투자유치 후 성장(추정)
556,2022,2022-12-31,7.75,NPS 적용일(하한),1,2015,벤처투자유형,재확인,반도체·ICT HW,반도체·디스플레이 소재,20111.0,충북,충청권,B,0,투자유치 후 성장(추정)
556,2023,2023-12-31,8.75,NPS 적용일(하한),1,2015,벤처투자유형,재확인,반도체·ICT HW,반도체·디스플레이 소재,20111.0,충북,충청권,B,0,투자유치 후 성장(추정)
556,2024,2024-12-31,9.75,NPS 적용일(하한),1,2015,벤처투자유형,재확인,반도체·ICT HW,반도체·디스플레이 소재,20111.0,충북,충청권,B,0,투자유치 후 성장(추정)
557,2021,2021-12-31,1.33,DART 설립일,0,2020,벤처투자유형,재확인,반도체·ICT HW,반도체소자,26129.0,대전,충청권,A,1,투자유치 후 성장(추정)
557,2022,2022-12-31,2.33,DART 설립일,0,2020,벤처투자유형,재확인,반도체·ICT HW,반도체소자,26129.0,대전,충청권,A,1,투자유치 후 성장(추정)
557,2023,2023-12-31,3.33,DART 설립일,0,2020,벤처투자유형,재확인,반도체·ICT HW,반도체소자,26129.0,대전,충청권,A,1,투자유치 후 성장(추정)
557,2024,2024-12-31,4.33,DART 설립일,0,2020,벤처투자유형,재확인,반도체·ICT HW,반도체소자,26129.0,대전,충청권,A,1,투자유치 후 성장(추정)
558,2021,2021-12-31,4.28,DART 설립일,0,2017,벤처투자유형,재확인,반도체·ICT HW,반도체소자,26129.0,충남,충청권,A,1,투자유치 후 성장(추정)
558,2022,2022-12-31,5.28,DART 설립일,0,2017,벤처투자유형,재확인,반도체·ICT HW,반도체소자,26129.0,충남,충청권,A,1,투자유치 후 성장(추정)
558,2023,2023-12-31,6.28,DART 설립일,0,2017,벤처투자유형,재확인,반도체·ICT HW,반도체소자,26129.0,충남,충청권,A,1,투자유치 후 성장(추정)
558,2024,2024-12-31,7.29,DART 설립일,0,2017,벤처투자유형,재확인,반도체·ICT HW,반도체소자,26129.0,충남,충청권,A,1,투자유치 후 성장(추정)
559,2021,2021-12-31,5.92,NPS 적용일(하한),1,2016,벤처투자유형,재확인,반도체·ICT HW,반도체소자,26129.0,경기,수도권,B,0,투자유치 후 성장(추정)
559,2022,2022-12-31,6.92,NPS 적용일(하한),1,2016,벤처투자유형,재확인,반도체·ICT HW,반도체소자,26129.0,경기,수도권,B,0,투자유치 후 성장(추정)
559,2023,2023-12-31,7.92,NPS 적용일(하한),1,2016,벤처투자유형,재확인,반도체·ICT HW,반도체소자,26129.0,경기,수도권,B,0,투자유치 후 성장(추정)
559,2024,2024-12-31,8.92,NPS 적용일(하한),1,2016,벤처투자유형,재확인,반도체·ICT HW,반도체소자,26129.0,경기,수도권,B,0,투자유치 후 성장(추정)
560,2021,2021-12-31,3.6,DART 설립일,0,2018,벤처투자유형,재확인,반도체·ICT HW,반도체소자,26129.0,부산,동남권,A,1,투자유치 후 성장(추정)
560,2022,2022-12-31,4.6,DART 설립일,0,2018,벤처투자유형,재확인,반도체·ICT HW,반도체소자,26129.0,부산,동남권,A,1,투자유치 후 성장(추정)
560,2023,2023-12-31,5.6,DART 설립일,0,2018,벤처투자유형,재확인,반도체·ICT HW,반도체소자,26129.0,부산,동남권,A,1,투자유치 후 성장(추정)
560,2024,2024-12-31,6.6,DART 설립일,0,2018,벤처투자유형,재확인,반도체·ICT HW,반도체소자,26129.0,부산,동남권,A,1,투자유치 후 성장(추정)
561,2021,2021-12-31,1.25,NPS 적용일(하한),1,2020,벤처투자유형,재확인,반도체·ICT HW,반도체장비,29271.0,경기,수도권,B,0,투자유치 후 성장(추정)
561,2022,2022-12-31,2.25,NPS 적용일(하한),1,2020,벤처투자유형,재확인,반도체·ICT HW,반도체장비,29271.0,경기,수도권,B,0,투자유치 후 성장(추정)
561,2023,2023-12-31,3.25,NPS 적용일(하한),1,2020,벤처투자유형,재확인,반도체·ICT HW,반도체장비,29271.0,경기,수도권,B,0,투자유치 후 성장(추정)
561,2024,2024-12-31,4.25,NPS 적용일(하한),1,2020,벤처투자유형,재확인,반도체·ICT HW,반도체장비,29271.0,경기,수도권,B,0,투자유치 후 성장(추정)
562,2021,2021-12-31,2.14,NPS 적용일(하한),1,2019,벤처투자유형,재확인,반도체·ICT HW,반도체장비,29271.0,충북,충청권,B,0,투자유치 후 성장(추정)
562,2022,2022-12-31,3.14,NPS 적용일(하한),1,2019,벤처투자유형,재확인,반도체·ICT HW,반도체장비,29271.0,충북,충청권,B,0,투자유치 후 성장(추정)
562,2023,2023-12-31,4.14,NPS 적용일(하한),1,2019,벤처투자유형,재확인,반도체·ICT HW,반도체장비,29271.0,충북,충청권,B,0,투자유치 후 성장(추정)
562,2024,2024-12-31,5.14,NPS 적용일(하한),1,2019,벤처투자유형,재확인,반도체·ICT HW,반도체장비,29271.0,충북,충청권,B,0,투자유치 후 성장(추정)
563,2021,2021-12-31,6.03,DART 설립일,0,2015,벤처투자유형,재확인,반도체·ICT HW,반도체장비,29271.0,전북,호남권,A,1,투자유치 후 성장(추정)
563,2022,2022-12-31,7.03,DART 설립일,0,2015,벤처투자유형,재확인,반도체·ICT HW,반도체장비,29271.0,전북,호남권,A,1,투자유치 후 성장(추정)
563,2023,2023-12-31,8.03,DART 설립일,0,2015,벤처투자유형,재확인,반도체·ICT HW,반도체장비,29271.0,전북,호남권,A,1,투자유치 후 성장(추정)
563,2024,2024-12-31,9.03,DART 설립일,0,2015,벤처투자유형,재확인,반도체·ICT HW,반도체장비,29271.0,전북,호남권,A,1,투자유치 후 성장(추정)
564,2021,2021-12-31,1.77,NPS 적용일(하한),1,2020,벤처투자유형,재확인,반도체·ICT HW,센서,26294.0,대전,충청권,B,0,투자유치 후 성장(추정)
564,2022,2022-12-31,2.77,NPS 적용일(하한),1,2020,벤처투자유형,재확인,반도체·ICT HW,센서,26294.0,대전,충청권,B,0,투자유치 후 성장(추정)
564,2023,2023-12-31,3.77,NPS 적용일(하한),1,2020,벤처투자유형,재확인,반도체·ICT HW,센서,26294.0,대전,충청권,B,0,투자유치 후 성장(추정)
564,2024,2024-12-31,4.77,NPS 적용일(하한),1,2020,벤처투자유형,재확인,반도체·ICT HW,센서,26294.0,대전,충청권,B,0,투자유치 후 성장(추정)
565,2021,2021-12-31,3.08,NPS 적용일(하한),1,2018,벤처투자유형,재확인,반도체·ICT HW,센서,26294.0,경기,수도권,B,0,투자유치 후 성장(추정)
565,2022,2022-12-31,4.08,NPS 적용일(하한),1,2018,벤처투자유형,재확인,반도체·ICT HW,센서,26294.0,경기,수도권,B,0,투자유치 후 성장(추정)
565,2023,2023-12-31,5.08,NPS 적용일(하한),1,2018,벤처투자유형,재확인,반도체·ICT HW,센서,26294.0,경기,수도권,B,0,투자유치 후 성장(추정)
565,2024,2024-12-31,6.08,NPS 적용일(하한),1,2018,벤처투자유형,재확인,반도체·ICT HW,센서,26294.0,경기,수도권,B,0,투자유치 후 성장(추정)
566,2021,2021-12-31,6.0,NPS 적용일(하한),1,2016,벤처투자유형,재확인,반도체·ICT HW,센서,26294.0,서울,수도권,B,0,투자유치 후 성장(추정)
566,2022,2022-12-31,7.0,NPS 적용일(하한),1,2016,벤처투자유형,재확인,반도체·ICT HW,센서,26294.0,서울,수도권,B,0,투자유치 후 성장(추정)
566,2023,2023-12-31,8.0,NPS 적용일(하한),1,2016,벤처투자유형,재확인,반도체·ICT HW,센서,26294.0,서울,수도권,B,0,투자유치 후 성장(추정)
566,2024,2024-12-31,9.0,NPS 적용일(하한),1,2016,벤처투자유형,재확인,반도체·ICT HW,센서,26294.0,서울,수도권,B,0,투자유치 후 성장(추정)
567,2021,2021-12-31,4.74,DART 설립일,0,2017,벤처투자유형,재확인,반도체·ICT HW,시스템반도체,26112.0,서울,수도권,A,1,투자유치 후 성장(추정)
567,2022,2022-12-31,5.74,DART 설립일,0,2017,벤처투자유형,재확인,반도체·ICT HW,시스템반도체,26112.0,서울,수도권,A,1,투자유치 후 성장(추정)
567,2023,2023-12-31,6.74,DART 설립일,0,2017,벤처투자유형,재확인,반도체·ICT HW,시스템반도체,26112.0,서울,수도권,A,1,투자유치 후 성장(추정)
567,2024,2024-12-31,7.74,DART 설립일,0,2017,벤처투자유형,재확인,반도체·ICT HW,시스템반도체,26112.0,서울,수도권,A,1,투자유치 후 성장(추정)
568,2021,2021-12-31,0.84,NPS 적용일(하한),1,2021,벤처투자유형,신규,반도체·ICT HW,전자·반도체,25929.0,충남,충청권,B,0,투자유치 초기(추정)
568,2022,2022-12-31,1.83,NPS 적용일(하한),1,2021,벤처투자유형,신규,반도체·ICT HW,전자·반도체,25929.0,충남,충청권,B,0,투자유치 초기(추정)
568,2023,2023-12-31,2.83,NPS 적용일(하한),1,2021,벤처투자유형,신규,반도체·ICT HW,전자·반도체,25929.0,충남,충청권,B,0,투자유치 초기(추정)
568,2024,2024-12-31,3.84,NPS 적용일(하한),1,2021,벤처투자유형,신규,반도체·ICT HW,전자·반도체,25929.0,충남,충청권,B,0,투자유치 초기(추정)
569,2021,2021-12-31,2.0,NPS 적용일(하한),1,2020,벤처투자유형,재확인,반도체·ICT HW,전자·반도체 R&D,70121.0,경기,수도권,B,0,투자유치 후 성장(추정)
569,2022,2022-12-31,3.0,NPS 적용일(하한),1,2020,벤처투자유형,재확인,반도체·ICT HW,전자·반도체 R&D,70121.0,경기,수도권,B,0,투자유치 후 성장(추정)
569,2023,2023-12-31,4.0,NPS 적용일(하한),1,2020,벤처투자유형,재확인,반도체·ICT HW,전자·반도체 R&D,70121.0,경기,수도권,B,0,투자유치 후 성장(추정)
569,2024,2024-12-31,5.0,NPS 적용일(하한),1,2020,벤처투자유형,재확인,반도체·ICT HW,전자·반도체 R&D,70121.0,경기,수도권,B,0,투자유치 후 성장(추정)
570,2021,2021-12-31,7.0,DART 설립일,0,2015,벤처투자유형,재확인,반도체·ICT HW,전자·센서,28909.0,경기,수도권,A,1,투자유치 후 성장(추정)
570,2022,2022-12-31,7.99,DART 설립일,0,2015,벤처투자유형,재확인,반도체·ICT HW,전자·센서,28909.0,경기,수도권,A,1,투자유치 후 성장(추정)
570,2023,2023-12-31,8.99,DART 설립일,0,2015,벤처투자유형,재확인,반도체·ICT HW,전자·센서,28909.0,경기,수도권,A,1,투자유치 후 성장(추정)
570,2024,2024-12-31,10.0,DART 설립일,0,2015,벤처투자유형,재확인,반도체·ICT HW,전자·센서,28909.0,경기,수도권,A,1,투자유치 후 성장(추정)
571,2021,2021-12-31,5.42,NPS 적용일(하한),1,2016,벤처투자유형,재확인,반도체·ICT HW,전자부품,26299.0,경기,수도권,B,0,투자유치 후 성장(추정)
571,2022,2022-12-31,6.41,NPS 적용일(하한),1,2016,벤처투자유형,재확인,반도체·ICT HW,전자부품,26299.0,경기,수도권,B,0,투자유치 후 성장(추정)
571,2023,2023-12-31,7.41,NPS 적용일(하한),1,2016,벤처투자유형,재확인,반도체·ICT HW,전자부품,26299.0,경기,수도권,B,0,투자유치 후 성장(추정)
571,2024,2024-12-31,8.42,NPS 적용일(하한),1,2016,벤처투자유형,재확인,반도체·ICT HW,전자부품,26299.0,경기,수도권,B,0,투자유치 후 성장(추정)
572,2021,2021-12-31,3.88,NPS 적용일(하한),1,2018,벤처투자유형,재확인,반도체·ICT HW,전자부품,26299.0,부산,동남권,B,0,투자유치 후 성장(추정)
572,2022,2022-12-31,4.88,NPS 적용일(하한),1,2018,벤처투자유형,재확인,반도체·ICT HW,전자부품,26299.0,부산,동남권,B,0,투자유치 후 성장(추정)
572,2023,2023-12-31,5.88,NPS 적용일(하한),1,2018,벤처투자유형,재확인,반도체·ICT HW,전자부품,26299.0,부산,동남권,B,0,투자유치 후 성장(추정)
572,2024,2024-12-31,6.88,NPS 적용일(하한),1,2018,벤처투자유형,재확인,반도체·ICT HW,전자부품,26299.0,부산,동남권,B,0,투자유치 후 성장(추정)
573,2021,2021-12-31,2.17,NPS 적용일(하한),1,2019,벤처투자유형,신규,반도체·ICT HW,전자부품,26299.0,충남,충청권,B,0,투자유치 초기(추정)
573,2022,2022-12-31,3.16,NPS 적용일(하한),1,2019,벤처투자유형,신규,반도체·ICT HW,전자부품,26299.0,충남,충청권,B,0,투자유치 초기(추정)
573,2023,2023-12-31,4.16,NPS 적용일(하한),1,2019,벤처투자유형,신규,반도체·ICT HW,전자부품,26299.0,충남,충청권,B,0,투자유치 초기(추정)
573,2024,2024-12-31,5.17,NPS 적용일(하한),1,2019,벤처투자유형,신규,반도체·ICT HW,전자부품,26299.0,충남,충청권,B,0,투자유치 초기(추정)
574,2021,2021-12-31,0.54,NPS 적용일(하한),1,2021,벤처투자유형,재확인,반도체·ICT HW,컴퓨팅HW,26329.0,서울,수도권,B,0,투자유치 후 성장(추정)
574,2022,2022-12-31,1.54,NPS 적용일(하한),1,2021,벤처투자유형,재확인,반도체·ICT HW,컴퓨팅HW,26329.0,서울,수도권,B,0,투자유치 후 성장(추정)
574,2023,2023-12-31,2.54,NPS 적용일(하한),1,2021,벤처투자유형,재확인,반도체·ICT HW,컴퓨팅HW,26329.0,서울,수도권,B,0,투자유치 후 성장(추정)
574,2024,2024-12-31,3.54,NPS 적용일(하한),1,2021,벤처투자유형,재확인,반도체·ICT HW,컴퓨팅HW,26329.0,서울,수도권,B,0,투자유치 후 성장(추정)
575,2021,2021-12-31,6.33,NPS 적용일(하한),1,2015,벤처투자유형,재확인,반도체·ICT HW,통신장비,26429.0,부산,동남권,B,0,투자유치 후 성장(추정)
575,2022,2022-12-31,7.33,NPS 적용일(하한),1,2015,벤처투자유형,재확인,반도체·ICT HW,통신장비,26429.0,부산,동남권,B,0,투자유치 후 성장(추정)
575,2023,2023-12-31,8.33,NPS 적용일(하한),1,2015,벤처투자유형,재확인,반도체·ICT HW,통신장비,26429.0,부산,동남권,B,0,투자유치 후 성장(추정)
575,2024,2024-12-31,9.33,NPS 적용일(하한),1,2015,벤처투자유형,재확인,반도체·ICT HW,통신장비,26429.0,부산,동남권,B,0,투자유치 후 성장(추정)
576,2021,2021-12-31,3.75,NPS 적용일(하한),1,2018,연구개발유형,재확인,반도체·ICT HW,계측·정밀기기,27219.0,경기,수도권,B,0,R&D 중심(추정)
576,2022,2022-12-31,4.75,NPS 적용일(하한),1,2018,연구개발유형,재확인,반도체·ICT HW,계측·정밀기기,27219.0,경기,수도권,B,0,R&D 중심(추정)
576,2023,2023-12-31,5.75,NPS 적용일(하한),1,2018,연구개발유형,재확인,반도체·ICT HW,계측·정밀기기,27219.0,경기,수도권,B,0,R&D 중심(추정)
576,2024,2024-12-31,6.75,NPS 적용일(하한),1,2018,연구개발유형,재확인,반도체·ICT HW,계측·정밀기기,27219.0,경기,수도권,B,0,R&D 중심(추정)
577,2021,2021-12-31,5.77,DART 설립일,0,2016,연구개발유형,재확인,반도체·ICT HW,계측·정밀기기,27219.0,경기,수도권,A,1,R&D 중심(추정)
577,2022,2022-12-31,6.77,DART 설립일,0,2016,연구개발유형,재확인,반도체·ICT HW,계측·정밀기기,27219.0,경기,수도권,A,1,R&D 중심(추정)
577,2023,2023-12-31,7.77,DART 설립일,0,2016,연구개발유형,재확인,반도체·ICT HW,계측·정밀기기,27219.0,경기,수도권,A,1,R&D 중심(추정)
577,2024,2024-12-31,8.77,DART 설립일,0,2016,연구개발유형,재확인,반도체·ICT HW,계측·정밀기기,27219.0,경기,수도권,A,1,R&D 중심(추정)
578,2021,2021-12-31,5.0,NPS 적용일(하한),1,2017,연구개발유형,재확인,반도체·ICT HW,계측·정밀기기,27219.0,충북,충청권,B,0,R&D 중심(추정)
578,2022,2022-12-31,6.0,NPS 적용일(하한),1,2017,연구개발유형,재확인,반도체·ICT HW,계측·정밀기기,27219.0,충북,충청권,B,0,R&D 중심(추정)
578,2023,2023-12-31,7.0,NPS 적용일(하한),1,2017,연구개발유형,재확인,반도체·ICT HW,계측·정밀기기,27219.0,충북,충청권,B,0,R&D 중심(추정)
578,2024,2024-12-31,8.0,NPS 적용일(하한),1,2017,연구개발유형,재확인,반도체·ICT HW,계측·정밀기기,27219.0,충북,충청권,B,0,R&D 중심(추정)
579,2021,2021-12-31,4.3,NPS 적용일(하한),1,2017,연구개발유형,재확인,반도체·ICT HW,광학,27301.0,대전,충청권,B,0,R&D 중심(추정)
579,2022,2022-12-31,5.3,NPS 적용일(하한),1,2017,연구개발유형,재확인,반도체·ICT HW,광학,27301.0,대전,충청권,B,0,R&D 중심(추정)
579,2023,2023-12-31,6.3,NPS 적용일(하한),1,2017,연구개발유형,재확인,반도체·ICT HW,광학,27301.0,대전,충청권,B,0,R&D 중심(추정)
579,2024,2024-12-31,7.3,NPS 적용일(하한),1,2017,연구개발유형,재확인,반도체·ICT HW,광학,27301.0,대전,충청권,B,0,R&D 중심(추정)
580,2021,2021-12-31,2.33,NPS 적용일(하한),1,2019,연구개발유형,재확인,반도체·ICT HW,레이더·항법,27211.0,서울,수도권,B,0,R&D 중심(추정)
580,2022,2022-12-31,3.33,NPS 적용일(하한),1,2019,연구개발유형,재확인,반도체·ICT HW,레이더·항법,27211.0,서울,수도권,B,0,R&D 중심(추정)
580,2023,2023-12-31,4.33,NPS 적용일(하한),1,2019,연구개발유형,재확인,반도체·ICT HW,레이더·항법,27211.0,서울,수도권,B,0,R&D 중심(추정)
580,2024,2024-12-31,5.33,NPS 적용일(하한),1,2019,연구개발유형,재확인,반도체·ICT HW,레이더·항법,27211.0,서울,수도권,B,0,R&D 중심(추정)
581,2021,2021-12-31,0.69,DART 설립일,0,2021,연구개발유형,신규,반도체·ICT HW,반도체장비,29271.0,경기,수도권,A,1,R&D 중심(추정)
581,2022,2022-12-31,1.69,DART 설립일,0,2021,연구개발유형,신규,반도체·ICT HW,반도체장비,29271.0,경기,수도권,A,1,R&D 중심(추정)
581,2023,2023-12-31,2.69,DART 설립일,0,2021,연구개발유형,신규,반도체·ICT HW,반도체장비,29271.0,경기,수도권,A,1,R&D 중심(추정)
581,2024,2024-12-31,3.69,DART 설립일,0,2021,연구개발유형,신규,반도체·ICT HW,반도체장비,29271.0,경기,수도권,A,1,R&D 중심(추정)
582,2021,2021-12-31,4.18,NPS 적용일(하한),1,2017,연구개발유형,재확인,반도체·ICT HW,반도체장비,29271.0,충남,충청권,B,0,R&D 중심(추정)
582,2022,2022-12-31,5.18,NPS 적용일(하한),1,2017,연구개발유형,재확인,반도체·ICT HW,반도체장비,29271.0,충남,충청권,B,0,R&D 중심(추정)
582,2023,2023-12-31,6.18,NPS 적용일(하한),1,2017,연구개발유형,재확인,반도체·ICT HW,반도체장비,29271.0,충남,충청권,B,0,R&D 중심(추정)
582,2024,2024-12-31,7.18,NPS 적용일(하한),1,2017,연구개발유형,재확인,반도체·ICT HW,반도체장비,29271.0,충남,충청권,B,0,R&D 중심(추정)
583,2021,2021-12-31,7.58,DART 설립일,0,2014,연구개발유형,재확인,반도체·ICT HW,반도체장비,29271.0,인천,수도권,A,1,R&D 중심(추정)
583,2022,2022-12-31,8.58,DART 설립일,0,2014,연구개발유형,재확인,반도체·ICT HW,반도체장비,29271.0,인천,수도권,A,1,R&D 중심(추정)
583,2023,2023-12-31,9.58,DART 설립일,0,2014,연구개발유형,재확인,반도체·ICT HW,반도체장비,29271.0,인천,수도권,A,1,R&D 중심(추정)
583,2024,2024-12-31,10.58,DART 설립일,0,2014,연구개발유형,재확인,반도체·ICT HW,반도체장비,29271.0,인천,수도권,A,1,R&D 중심(추정)
584,2021,2021-12-31,7.91,NPS 적용일(하한),1,2014,연구개발유형,재확인,반도체·ICT HW,컴퓨팅HW,26310.0,서울,수도권,B,0,R&D 중심(추정)
584,2022,2022-12-31,8.91,NPS 적용일(하한),1,2014,연구개발유형,재확인,반도체·ICT HW,컴퓨팅HW,26310.0,서울,수도권,B,0,R&D 중심(추정)
584,2023,2023-12-31,9.91,NPS 적용일(하한),1,2014,연구개발유형,재확인,반도체·ICT HW,컴퓨팅HW,26310.0,서울,수도권,B,0,R&D 중심(추정)
584,2024,2024-12-31,10.91,NPS 적용일(하한),1,2014,연구개발유형,재확인,반도체·ICT HW,컴퓨팅HW,26310.0,서울,수도권,B,0,R&D 중심(추정)
586,2021,2021-12-31,0.58,NPS 적용일(하한),1,2021,연구개발유형,재확인,반도체·ICT HW,통신장비,26429.0,서울,수도권,B,0,R&D 중심(추정)
586,2022,2022-12-31,1.58,NPS 적용일(하한),1,2021,연구개발유형,재확인,반도체·ICT HW,통신장비,26429.0,서울,수도권,B,0,R&D 중심(추정)
586,2023,2023-12-31,2.58,NPS 적용일(하한),1,2021,연구개발유형,재확인,반도체·ICT HW,통신장비,26429.0,서울,수도권,B,0,R&D 중심(추정)
586,2024,2024-12-31,3.58,NPS 적용일(하한),1,2021,연구개발유형,재확인,반도체·ICT HW,통신장비,26429.0,서울,수도권,B,0,R&D 중심(추정)
587,2021,2021-12-31,3.74,DART 설립일,0,2018,연구개발유형,재확인,반도체·ICT HW,통신장비,26410.0,경기,수도권,A,1,R&D 중심(추정)
587,2022,2022-12-31,4.74,DART 설립일,0,2018,연구개발유형,재확인,반도체·ICT HW,통신장비,26410.0,경기,수도권,A,1,R&D 중심(추정)
587,2023,2023-12-31,5.74,DART 설립일,0,2018,연구개발유형,재확인,반도체·ICT HW,통신장비,26410.0,경기,수도권,A,1,R&D 중심(추정)
587,2024,2024-12-31,6.74,DART 설립일,0,2018,연구개발유형,재확인,반도체·ICT HW,통신장비,26410.0,경기,수도권,A,1,R&D 중심(추정)
588,2021,2021-12-31,4.61,NPS 적용일(하한),1,2017,연구개발유형,재확인,반도체·ICT HW,통신장비,26410.0,서울,수도권,B,0,R&D 중심(추정)
588,2022,2022-12-31,5.6,NPS 적용일(하한),1,2017,연구개발유형,재확인,반도체·ICT HW,통신장비,26410.0,서울,수도권,B,0,R&D 중심(추정)
588,2023,2023-12-31,6.6,NPS 적용일(하한),1,2017,연구개발유형,재확인,반도체·ICT HW,통신장비,26410.0,서울,수도권,B,0,R&D 중심(추정)
588,2024,2024-12-31,7.61,NPS 적용일(하한),1,2017,연구개발유형,재확인,반도체·ICT HW,통신장비,26410.0,서울,수도권,B,0,R&D 중심(추정)
589,2021,2021-12-31,4.9,NPS 적용일(하한),1,2017,연구개발유형,재확인,반도체·ICT HW,통신장비,26429.0,경기,수도권,B,0,R&D 중심(추정)
589,2022,2022-12-31,5.9,NPS 적용일(하한),1,2017,연구개발유형,재확인,반도체·ICT HW,통신장비,26429.0,경기,수도권,B,0,R&D 중심(추정)
589,2023,2023-12-31,6.9,NPS 적용일(하한),1,2017,연구개발유형,재확인,반도체·ICT HW,통신장비,26429.0,경기,수도권,B,0,R&D 중심(추정)
589,2024,2024-12-31,7.9,NPS 적용일(하한),1,2017,연구개발유형,재확인,반도체·ICT HW,통신장비,26429.0,경기,수도권,B,0,R&D 중심(추정)
590,2021,2021-12-31,0.5,NPS 적용일(하한),1,2021,연구개발유형,재확인,반도체·ICT HW,통신장비,,서울,수도권,B,0,R&D 중심(추정)
590,2022,2022-12-31,1.5,NPS 적용일(하한),1,2021,연구개발유형,재확인,반도체·ICT HW,통신장비,,서울,수도권,B,0,R&D 중심(추정)
590,2023,2023-12-31,2.5,NPS 적용일(하한),1,2021,연구개발유형,재확인,반도체·ICT HW,통신장비,,서울,수도권,B,0,R&D 중심(추정)
590,2024,2024-12-31,3.5,NPS 적용일(하한),1,2021,연구개발유형,재확인,반도체·ICT HW,통신장비,,서울,수도권,B,0,R&D 중심(추정)
591,2021,2021-12-31,7.98,NPS 적용일(하한),1,2014,혁신성장유형,재확인,반도체·ICT HW,PCB,26224.0,경기,수도권,B,0,성장·안정(추정)
591,2022,2022-12-31,8.97,NPS 적용일(하한),1,2014,혁신성장유형,재확인,반도체·ICT HW,PCB,26224.0,경기,수도권,B,0,성장·안정(추정)
591,2023,2023-12-31,9.97,NPS 적용일(하한),1,2014,혁신성장유형,재확인,반도체·ICT HW,PCB,26224.0,경기,수도권,B,0,성장·안정(추정)
591,2024,2024-12-31,10.98,NPS 적용일(하한),1,2014,혁신성장유형,재확인,반도체·ICT HW,PCB,26224.0,경기,수도권,B,0,성장·안정(추정)
592,2021,2021-12-31,4.25,NPS 적용일(하한),1,2017,혁신성장유형,신규,반도체·ICT HW,계측·분석기기,27213.0,충남,충청권,B,0,초기(추정)
592,2022,2022-12-31,5.25,NPS 적용일(하한),1,2017,혁신성장유형,신규,반도체·ICT HW,계측·분석기기,27213.0,충남,충청권,B,0,초기(추정)
592,2023,2023-12-31,6.25,NPS 적용일(하한),1,2017,혁신성장유형,신규,반도체·ICT HW,계측·분석기기,27213.0,충남,충청권,B,0,초기(추정)
592,2024,2024-12-31,7.25,NPS 적용일(하한),1,2017,혁신성장유형,신규,반도체·ICT HW,계측·분석기기,27213.0,충남,충청권,B,0,초기(추정)
593,2021,2021-12-31,6.75,DART 설립일,0,2015,혁신성장유형,재확인,반도체·ICT HW,계측·정밀기기,27219.0,대전,충청권,A,1,성장·안정(추정)
593,2022,2022-12-31,7.75,DART 설립일,0,2015,혁신성장유형,재확인,반도체·ICT HW,계측·정밀기기,27219.0,대전,충청권,A,1,성장·안정(추정)
593,2023,2023-12-31,8.75,DART 설립일,0,2015,혁신성장유형,재확인,반도체·ICT HW,계측·정밀기기,27219.0,대전,충청권,A,1,성장·안정(추정)
593,2024,2024-12-31,9.75,DART 설립일,0,2015,혁신성장유형,재확인,반도체·ICT HW,계측·정밀기기,27219.0,대전,충청권,A,1,성장·안정(추정)
594,2021,2021-12-31,3.5,DART 설립일,0,2018,혁신성장유형,재확인,반도체·ICT HW,반도체·디스플레이 장비,29299.0,충남,충청권,A,1,성장·안정(추정)
594,2022,2022-12-31,4.5,DART 설립일,0,2018,혁신성장유형,재확인,반도체·ICT HW,반도체·디스플레이 장비,29299.0,충남,충청권,A,1,성장·안정(추정)
594,2023,2023-12-31,5.5,DART 설립일,0,2018,혁신성장유형,재확인,반도체·ICT HW,반도체·디스플레이 장비,29299.0,충남,충청권,A,1,성장·안정(추정)
594,2024,2024-12-31,6.5,DART 설립일,0,2018,혁신성장유형,재확인,반도체·ICT HW,반도체·디스플레이 장비,29299.0,충남,충청권,A,1,성장·안정(추정)
595,2021,2021-12-31,6.95,NPS 적용일(하한),1,2015,혁신성장유형,재확인,반도체·ICT HW,반도체장비,29271.0,경기,수도권,B,0,성장·안정(추정)
595,2022,2022-12-31,7.95,NPS 적용일(하한),1,2015,혁신성장유형,재확인,반도체·ICT HW,반도체장비,29271.0,경기,수도권,B,0,성장·안정(추정)
595,2023,2023-12-31,8.94,NPS 적용일(하한),1,2015,혁신성장유형,재확인,반도체·ICT HW,반도체장비,29271.0,경기,수도권,B,0,성장·안정(추정)
595,2024,2024-12-31,9.95,NPS 적용일(하한),1,2015,혁신성장유형,재확인,반도체·ICT HW,반도체장비,29271.0,경기,수도권,B,0,성장·안정(추정)
596,2021,2021-12-31,2.17,NPS 적용일(하한),1,2019,혁신성장유형,재확인,반도체·ICT HW,반도체장비,29271.0,충남,충청권,B,0,성장·안정(추정)
596,2022,2022-12-31,3.16,NPS 적용일(하한),1,2019,혁신성장유형,재확인,반도체·ICT HW,반도체장비,29271.0,충남,충청권,B,0,성장·안정(추정)
596,2023,2023-12-31,4.16,NPS 적용일(하한),1,2019,혁신성장유형,재확인,반도체·ICT HW,반도체장비,29271.0,충남,충청권,B,0,성장·안정(추정)
596,2024,2024-12-31,5.17,NPS 적용일(하한),1,2019,혁신성장유형,재확인,반도체·ICT HW,반도체장비,29271.0,충남,충청권,B,0,성장·안정(추정)
597,2021,2021-12-31,8.0,NPS 적용일(하한),1,2014,혁신성장유형,재확인,반도체·ICT HW,반도체장비,29271.0,충남,충청권,B,0,성장·안정(추정)
597,2022,2022-12-31,9.0,NPS 적용일(하한),1,2014,혁신성장유형,재확인,반도체·ICT HW,반도체장비,29271.0,충남,충청권,B,0,성장·안정(추정)
597,2023,2023-12-31,10.0,NPS 적용일(하한),1,2014,혁신성장유형,재확인,반도체·ICT HW,반도체장비,29271.0,충남,충청권,B,0,성장·안정(추정)
597,2024,2024-12-31,11.0,NPS 적용일(하한),1,2014,혁신성장유형,재확인,반도체·ICT HW,반도체장비,29271.0,충남,충청권,B,0,성장·안정(추정)
598,2021,2021-12-31,2.58,NPS 적용일(하한),1,2019,혁신성장유형,신규,반도체·ICT HW,반도체장비,29271.0,충남,충청권,B,0,초기(추정)
598,2022,2022-12-31,3.58,NPS 적용일(하한),1,2019,혁신성장유형,신규,반도체·ICT HW,반도체장비,29271.0,충남,충청권,B,0,초기(추정)
598,2023,2023-12-31,4.58,NPS 적용일(하한),1,2019,혁신성장유형,신규,반도체·ICT HW,반도체장비,29271.0,충남,충청권,B,0,초기(추정)
598,2024,2024-12-31,5.58,NPS 적용일(하한),1,2019,혁신성장유형,신규,반도체·ICT HW,반도체장비,29271.0,충남,충청권,B,0,초기(추정)
599,2021,2021-12-31,3.16,NPS 적용일(하한),1,2018,혁신성장유형,재확인,반도체·ICT HW,전자·반도체,33999.0,경남,동남권,B,0,성장·안정(추정)
599,2022,2022-12-31,4.16,NPS 적용일(하한),1,2018,혁신성장유형,재확인,반도체·ICT HW,전자·반도체,33999.0,경남,동남권,B,0,성장·안정(추정)
599,2023,2023-12-31,5.16,NPS 적용일(하한),1,2018,혁신성장유형,재확인,반도체·ICT HW,전자·반도체,33999.0,경남,동남권,B,0,성장·안정(추정)
599,2024,2024-12-31,6.17,NPS 적용일(하한),1,2018,혁신성장유형,재확인,반도체·ICT HW,전자·반도체,33999.0,경남,동남권,B,0,성장·안정(추정)
600,2021,2021-12-31,6.5,NPS 적용일(하한),1,2015,혁신성장유형,재확인,반도체·ICT HW,통신장비,26410.0,인천,수도권,B,0,성장·안정(추정)
600,2022,2022-12-31,7.5,NPS 적용일(하한),1,2015,혁신성장유형,재확인,반도체·ICT HW,통신장비,26410.0,인천,수도권,B,0,성장·안정(추정)
600,2023,2023-12-31,8.5,NPS 적용일(하한),1,2015,혁신성장유형,재확인,반도체·ICT HW,통신장비,26410.0,인천,수도권,B,0,성장·안정(추정)
600,2024,2024-12-31,9.5,NPS 적용일(하한),1,2015,혁신성장유형,재확인,반도체·ICT HW,통신장비,26410.0,인천,수도권,B,0,성장·안정(추정)
601,2021,2021-12-31,4.74,DART 설립일,0,2017,벤처투자유형,재확인,에너지·Climate Tech,LED조명·에너지효율,28429.0,부산,동남권,A,1,투자유치 후 성장(추정)
601,2022,2022-12-31,5.74,DART 설립일,0,2017,벤처투자유형,재확인,에너지·Climate Tech,LED조명·에너지효율,28429.0,부산,동남권,A,1,투자유치 후 성장(추정)
601,2023,2023-12-31,6.74,DART 설립일,0,2017,벤처투자유형,재확인,에너지·Climate Tech,LED조명·에너지효율,28429.0,부산,동남권,A,1,투자유치 후 성장(추정)
601,2024,2024-12-31,7.75,DART 설립일,0,2017,벤처투자유형,재확인,에너지·Climate Tech,LED조명·에너지효율,28429.0,부산,동남권,A,1,투자유치 후 성장(추정)
625,2021,2021-12-31,3.61,DART 설립일,0,2018,혁신성장유형,신규,에너지·Climate Tech,ESS,28113.0,경북,대경권,A,1,초기(추정)
625,2022,2022-12-31,4.61,DART 설립일,0,2018,혁신성장유형,신규,에너지·Climate Tech,ESS,28113.0,경북,대경권,A,1,초기(추정)
625,2023,2023-12-31,5.61,DART 설립일,0,2018,혁신성장유형,신규,에너지·Climate Tech,ESS,28113.0,경북,대경권,A,1,초기(추정)
625,2024,2024-12-31,6.61,DART 설립일,0,2018,혁신성장유형,신규,에너지·Climate Tech,ESS,28113.0,경북,대경권,A,1,초기(추정)
701,2021,2021-12-31,2.11,NPS 적용일(하한),1,2019,벤처투자유형,재확인,에너지·Climate Tech,ESS,28113.0,경기,수도권,B,0,투자유치 후 성장(추정)
701,2022,2022-12-31,3.11,NPS 적용일(하한),1,2019,벤처투자유형,재확인,에너지·Climate Tech,ESS,28113.0,경기,수도권,B,0,투자유치 후 성장(추정)
701,2023,2023-12-31,4.11,NPS 적용일(하한),1,2019,벤처투자유형,재확인,에너지·Climate Tech,ESS,28113.0,경기,수도권,B,0,투자유치 후 성장(추정)
701,2024,2024-12-31,5.11,NPS 적용일(하한),1,2019,벤처투자유형,재확인,에너지·Climate Tech,ESS,28113.0,경기,수도권,B,0,투자유치 후 성장(추정)
702,2021,2021-12-31,2.79,NPS 적용일(하한),1,2019,벤처투자유형,재확인,에너지·Climate Tech,기후·환경,22299.0,서울,수도권,B,0,투자유치 후 성장(추정)
702,2022,2022-12-31,3.79,NPS 적용일(하한),1,2019,벤처투자유형,재확인,에너지·Climate Tech,기후·환경,22299.0,서울,수도권,B,0,투자유치 후 성장(추정)
702,2023,2023-12-31,4.79,NPS 적용일(하한),1,2019,벤처투자유형,재확인,에너지·Climate Tech,기후·환경,22299.0,서울,수도권,B,0,투자유치 후 성장(추정)
702,2024,2024-12-31,5.79,NPS 적용일(하한),1,2019,벤처투자유형,재확인,에너지·Climate Tech,기후·환경,22299.0,서울,수도권,B,0,투자유치 후 성장(추정)
703,2021,2021-12-31,2.4,NPS 적용일(하한),1,2019,벤처투자유형,재확인,에너지·Climate Tech,발전·신재생,28111.0,전북,호남권,B,0,투자유치 후 성장(추정)
703,2022,2022-12-31,3.4,NPS 적용일(하한),1,2019,벤처투자유형,재확인,에너지·Climate Tech,발전·신재생,28111.0,전북,호남권,B,0,투자유치 후 성장(추정)
703,2023,2023-12-31,4.4,NPS 적용일(하한),1,2019,벤처투자유형,재확인,에너지·Climate Tech,발전·신재생,28111.0,전북,호남권,B,0,투자유치 후 성장(추정)
703,2024,2024-12-31,5.4,NPS 적용일(하한),1,2019,벤처투자유형,재확인,에너지·Climate Tech,발전·신재생,28111.0,전북,호남권,B,0,투자유치 후 성장(추정)
704,2021,2021-12-31,1.88,NPS 적용일(하한),1,2020,벤처투자유형,재확인,에너지·Climate Tech,발전·신재생,28111.0,대전,충청권,B,0,투자유치 후 성장(추정)
704,2022,2022-12-31,2.88,NPS 적용일(하한),1,2020,벤처투자유형,재확인,에너지·Climate Tech,발전·신재생,28111.0,대전,충청권,B,0,투자유치 후 성장(추정)
704,2023,2023-12-31,3.88,NPS 적용일(하한),1,2020,벤처투자유형,재확인,에너지·Climate Tech,발전·신재생,28111.0,대전,충청권,B,0,투자유치 후 성장(추정)
704,2024,2024-12-31,4.88,NPS 적용일(하한),1,2020,벤처투자유형,재확인,에너지·Climate Tech,발전·신재생,28111.0,대전,충청권,B,0,투자유치 후 성장(추정)
705,2021,2021-12-31,0.39,NPS 적용일(하한),1,2021,벤처투자유형,재확인,에너지·Climate Tech,에너지,33999.0,경기,수도권,B,0,투자유치 후 성장(추정)
705,2022,2022-12-31,1.39,NPS 적용일(하한),1,2021,벤처투자유형,재확인,에너지·Climate Tech,에너지,33999.0,경기,수도권,B,0,투자유치 후 성장(추정)
705,2023,2023-12-31,2.39,NPS 적용일(하한),1,2021,벤처투자유형,재확인,에너지·Climate Tech,에너지,33999.0,경기,수도권,B,0,투자유치 후 성장(추정)
705,2024,2024-12-31,3.39,NPS 적용일(하한),1,2021,벤처투자유형,재확인,에너지·Climate Tech,에너지,33999.0,경기,수도권,B,0,투자유치 후 성장(추정)
706,2021,2021-12-31,1.83,NPS 적용일(하한),1,2020,벤처투자유형,재확인,에너지·Climate Tech,에너지,33999.0,경기,수도권,B,0,투자유치 후 성장(추정)
706,2022,2022-12-31,2.83,NPS 적용일(하한),1,2020,벤처투자유형,재확인,에너지·Climate Tech,에너지,33999.0,경기,수도권,B,0,투자유치 후 성장(추정)
706,2023,2023-12-31,3.83,NPS 적용일(하한),1,2020,벤처투자유형,재확인,에너지·Climate Tech,에너지,33999.0,경기,수도권,B,0,투자유치 후 성장(추정)
706,2024,2024-12-31,4.83,NPS 적용일(하한),1,2020,벤처투자유형,재확인,에너지·Climate Tech,에너지,33999.0,경기,수도권,B,0,투자유치 후 성장(추정)
707,2021,2021-12-31,1.83,DART 설립일,0,2020,벤처투자유형,재확인,에너지·Climate Tech,에너지,25112.0,경기,수도권,A,1,투자유치 후 성장(추정)
707,2022,2022-12-31,2.83,DART 설립일,0,2020,벤처투자유형,재확인,에너지·Climate Tech,에너지,25112.0,경기,수도권,A,1,투자유치 후 성장(추정)
707,2023,2023-12-31,3.83,DART 설립일,0,2020,벤처투자유형,재확인,에너지·Climate Tech,에너지,25112.0,경기,수도권,A,1,투자유치 후 성장(추정)
707,2024,2024-12-31,4.83,DART 설립일,0,2020,벤처투자유형,재확인,에너지·Climate Tech,에너지,25112.0,경기,수도권,A,1,투자유치 후 성장(추정)
708,2021,2021-12-31,2.05,DART 설립일,0,2019,벤처투자유형,재확인,에너지·Climate Tech,에너지,70129.0,경기,수도권,A,1,투자유치 후 성장(추정)
708,2022,2022-12-31,3.05,DART 설립일,0,2019,벤처투자유형,재확인,에너지·Climate Tech,에너지,70129.0,경기,수도권,A,1,투자유치 후 성장(추정)
708,2023,2023-12-31,4.05,DART 설립일,0,2019,벤처투자유형,재확인,에너지·Climate Tech,에너지,70129.0,경기,수도권,A,1,투자유치 후 성장(추정)
708,2024,2024-12-31,5.05,DART 설립일,0,2019,벤처투자유형,재확인,에너지·Climate Tech,에너지,70129.0,경기,수도권,A,1,투자유치 후 성장(추정)
709,2021,2021-12-31,0.83,DART 설립일,0,2021,벤처투자유형,신규,에너지·Climate Tech,에너지 소재,20129.0,경북,대경권,A,1,투자유치 초기(추정)
709,2022,2022-12-31,1.83,DART 설립일,0,2021,벤처투자유형,신규,에너지·Climate Tech,에너지 소재,20129.0,경북,대경권,A,1,투자유치 초기(추정)
709,2023,2023-12-31,2.83,DART 설립일,0,2021,벤처투자유형,신규,에너지·Climate Tech,에너지 소재,20129.0,경북,대경권,A,1,투자유치 초기(추정)
709,2024,2024-12-31,3.83,DART 설립일,0,2021,벤처투자유형,신규,에너지·Climate Tech,에너지 소재,20129.0,경북,대경권,A,1,투자유치 초기(추정)
710,2021,2021-12-31,1.79,NPS 적용일(하한),1,2020,벤처투자유형,재확인,에너지·Climate Tech,에너지 소재,24219.0,전북,호남권,B,0,투자유치 후 성장(추정)
710,2022,2022-12-31,2.79,NPS 적용일(하한),1,2020,벤처투자유형,재확인,에너지·Climate Tech,에너지 소재,24219.0,전북,호남권,B,0,투자유치 후 성장(추정)
710,2023,2023-12-31,3.79,NPS 적용일(하한),1,2020,벤처투자유형,재확인,에너지·Climate Tech,에너지 소재,24219.0,전북,호남권,B,0,투자유치 후 성장(추정)
710,2024,2024-12-31,4.79,NPS 적용일(하한),1,2020,벤처투자유형,재확인,에너지·Climate Tech,에너지 소재,24219.0,전북,호남권,B,0,투자유치 후 성장(추정)
711,2021,2021-12-31,5.16,DART 설립일,0,2016,벤처투자유형,재확인,에너지·Climate Tech,에너지 소재,20111.0,대전,충청권,A,1,투자유치 후 성장(추정)
711,2022,2022-12-31,6.16,DART 설립일,0,2016,벤처투자유형,재확인,에너지·Climate Tech,에너지 소재,20111.0,대전,충청권,A,1,투자유치 후 성장(추정)
711,2023,2023-12-31,7.16,DART 설립일,0,2016,벤처투자유형,재확인,에너지·Climate Tech,에너지 소재,20111.0,대전,충청권,A,1,투자유치 후 성장(추정)
711,2024,2024-12-31,8.16,DART 설립일,0,2016,벤처투자유형,재확인,에너지·Climate Tech,에너지 소재,20111.0,대전,충청권,A,1,투자유치 후 성장(추정)
712,2021,2021-12-31,3.69,NPS 적용일(하한),1,2018,벤처투자유형,재확인,에너지·Climate Tech,에너지 장비,29199.0,경기,수도권,B,0,투자유치 후 성장(추정)
712,2022,2022-12-31,4.69,NPS 적용일(하한),1,2018,벤처투자유형,재확인,에너지·Climate Tech,에너지 장비,29199.0,경기,수도권,B,0,투자유치 후 성장(추정)
712,2023,2023-12-31,5.69,NPS 적용일(하한),1,2018,벤처투자유형,재확인,에너지·Climate Tech,에너지 장비,29199.0,경기,수도권,B,0,투자유치 후 성장(추정)
712,2024,2024-12-31,6.69,NPS 적용일(하한),1,2018,벤처투자유형,재확인,에너지·Climate Tech,에너지 장비,29199.0,경기,수도권,B,0,투자유치 후 성장(추정)
713,2021,2021-12-31,4.97,NPS 적용일(하한),1,2017,벤처투자유형,재확인,에너지·Climate Tech,에너지·기후 R&D,70119.0,경북,대경권,B,0,투자유치 후 성장(추정)
713,2022,2022-12-31,5.97,NPS 적용일(하한),1,2017,벤처투자유형,재확인,에너지·Climate Tech,에너지·기후 R&D,70119.0,경북,대경권,B,0,투자유치 후 성장(추정)
713,2023,2023-12-31,6.97,NPS 적용일(하한),1,2017,벤처투자유형,재확인,에너지·Climate Tech,에너지·기후 R&D,70119.0,경북,대경권,B,0,투자유치 후 성장(추정)
713,2024,2024-12-31,7.98,NPS 적용일(하한),1,2017,벤처투자유형,재확인,에너지·Climate Tech,에너지·기후 R&D,70119.0,경북,대경권,B,0,투자유치 후 성장(추정)
714,2021,2021-12-31,3.3,NPS 적용일(하한),1,2018,벤처투자유형,재확인,에너지·Climate Tech,이차전지,28209.0,충남,충청권,B,0,투자유치 후 성장(추정)
714,2022,2022-12-31,4.3,NPS 적용일(하한),1,2018,벤처투자유형,재확인,에너지·Climate Tech,이차전지,28209.0,충남,충청권,B,0,투자유치 후 성장(추정)
714,2023,2023-12-31,5.3,NPS 적용일(하한),1,2018,벤처투자유형,재확인,에너지·Climate Tech,이차전지,28209.0,충남,충청권,B,0,투자유치 후 성장(추정)
714,2024,2024-12-31,6.31,NPS 적용일(하한),1,2018,벤처투자유형,재확인,에너지·Climate Tech,이차전지,28209.0,충남,충청권,B,0,투자유치 후 성장(추정)
715,2021,2021-12-31,0.67,NPS 적용일(하한),1,2021,벤처투자유형,재확인,에너지·Climate Tech,이차전지,28209.0,대전,충청권,B,0,투자유치 후 성장(추정)
715,2022,2022-12-31,1.67,NPS 적용일(하한),1,2021,벤처투자유형,재확인,에너지·Climate Tech,이차전지,28209.0,대전,충청권,B,0,투자유치 후 성장(추정)
715,2023,2023-12-31,2.67,NPS 적용일(하한),1,2021,벤처투자유형,재확인,에너지·Climate Tech,이차전지,28209.0,대전,충청권,B,0,투자유치 후 성장(추정)
715,2024,2024-12-31,3.67,NPS 적용일(하한),1,2021,벤처투자유형,재확인,에너지·Climate Tech,이차전지,28209.0,대전,충청권,B,0,투자유치 후 성장(추정)
716,2021,2021-12-31,2.07,NPS 적용일(하한),1,2019,벤처투자유형,재확인,에너지·Climate Tech,이차전지,28209.0,대전,충청권,B,0,투자유치 후 성장(추정)
716,2022,2022-12-31,3.07,NPS 적용일(하한),1,2019,벤처투자유형,재확인,에너지·Climate Tech,이차전지,28209.0,대전,충청권,B,0,투자유치 후 성장(추정)
716,2023,2023-12-31,4.07,NPS 적용일(하한),1,2019,벤처투자유형,재확인,에너지·Climate Tech,이차전지,28209.0,대전,충청권,B,0,투자유치 후 성장(추정)
716,2024,2024-12-31,5.07,NPS 적용일(하한),1,2019,벤처투자유형,재확인,에너지·Climate Tech,이차전지,28209.0,대전,충청권,B,0,투자유치 후 성장(추정)
717,2021,2021-12-31,4.53,DART 설립일,0,2017,벤처투자유형,재확인,에너지·Climate Tech,이차전지,28209.0,경남,동남권,A,1,투자유치 후 성장(추정)
717,2022,2022-12-31,5.53,DART 설립일,0,2017,벤처투자유형,재확인,에너지·Climate Tech,이차전지,28209.0,경남,동남권,A,1,투자유치 후 성장(추정)
717,2023,2023-12-31,6.53,DART 설립일,0,2017,벤처투자유형,재확인,에너지·Climate Tech,이차전지,28209.0,경남,동남권,A,1,투자유치 후 성장(추정)
717,2024,2024-12-31,7.53,DART 설립일,0,2017,벤처투자유형,재확인,에너지·Climate Tech,이차전지,28209.0,경남,동남권,A,1,투자유치 후 성장(추정)
718,2021,2021-12-31,1.63,DART 설립일,0,2020,벤처투자유형,신규,에너지·Climate Tech,이차전지,,경남,동남권,A,1,투자유치 초기(추정)
718,2022,2022-12-31,2.63,DART 설립일,0,2020,벤처투자유형,신규,에너지·Climate Tech,이차전지,,경남,동남권,A,1,투자유치 초기(추정)
718,2023,2023-12-31,3.63,DART 설립일,0,2020,벤처투자유형,신규,에너지·Climate Tech,이차전지,,경남,동남권,A,1,투자유치 초기(추정)
718,2024,2024-12-31,4.63,DART 설립일,0,2020,벤처투자유형,신규,에너지·Climate Tech,이차전지,,경남,동남권,A,1,투자유치 초기(추정)
719,2021,2021-12-31,3.06,NPS 적용일(하한),1,2018,벤처투자유형,재확인,에너지·Climate Tech,이차전지,28209.0,울산,동남권,B,0,투자유치 후 성장(추정)
719,2022,2022-12-31,4.06,NPS 적용일(하한),1,2018,벤처투자유형,재확인,에너지·Climate Tech,이차전지,28209.0,울산,동남권,B,0,투자유치 후 성장(추정)
719,2023,2023-12-31,5.06,NPS 적용일(하한),1,2018,벤처투자유형,재확인,에너지·Climate Tech,이차전지,28209.0,울산,동남권,B,0,투자유치 후 성장(추정)
719,2024,2024-12-31,6.06,NPS 적용일(하한),1,2018,벤처투자유형,재확인,에너지·Climate Tech,이차전지,28209.0,울산,동남권,B,0,투자유치 후 성장(추정)
720,2021,2021-12-31,5.39,NPS 적용일(하한),1,2016,벤처투자유형,재확인,에너지·Climate Tech,재생에너지 발전,35114.0,경남,동남권,B,0,투자유치 후 성장(추정)
720,2022,2022-12-31,6.39,NPS 적용일(하한),1,2016,벤처투자유형,재확인,에너지·Climate Tech,재생에너지 발전,35114.0,경남,동남권,B,0,투자유치 후 성장(추정)
720,2023,2023-12-31,7.39,NPS 적용일(하한),1,2016,벤처투자유형,재확인,에너지·Climate Tech,재생에너지 발전,35114.0,경남,동남권,B,0,투자유치 후 성장(추정)
720,2024,2024-12-31,8.39,NPS 적용일(하한),1,2016,벤처투자유형,재확인,에너지·Climate Tech,재생에너지 발전,35114.0,경남,동남권,B,0,투자유치 후 성장(추정)
721,2021,2021-12-31,1.67,NPS 적용일(하한),1,2020,벤처투자유형,신규,에너지·Climate Tech,전력변환·충전,28119.0,경기,수도권,B,0,투자유치 초기(추정)
721,2022,2022-12-31,2.67,NPS 적용일(하한),1,2020,벤처투자유형,신규,에너지·Climate Tech,전력변환·충전,28119.0,경기,수도권,B,0,투자유치 초기(추정)
721,2023,2023-12-31,3.67,NPS 적용일(하한),1,2020,벤처투자유형,신규,에너지·Climate Tech,전력변환·충전,28119.0,경기,수도권,B,0,투자유치 초기(추정)
721,2024,2024-12-31,4.67,NPS 적용일(하한),1,2020,벤처투자유형,신규,에너지·Climate Tech,전력변환·충전,28119.0,경기,수도권,B,0,투자유치 초기(추정)
723,2021,2021-12-31,4.08,DART 설립일,0,2017,벤처투자유형,재확인,에너지·Climate Tech,친환경 소재,20499.0,서울,수도권,A,1,투자유치 후 성장(추정)
723,2022,2022-12-31,5.08,DART 설립일,0,2017,벤처투자유형,재확인,에너지·Climate Tech,친환경 소재,20499.0,서울,수도권,A,1,투자유치 후 성장(추정)
723,2023,2023-12-31,6.08,DART 설립일,0,2017,벤처투자유형,재확인,에너지·Climate Tech,친환경 소재,20499.0,서울,수도권,A,1,투자유치 후 성장(추정)
723,2024,2024-12-31,7.09,DART 설립일,0,2017,벤처투자유형,재확인,에너지·Climate Tech,친환경 소재,20499.0,서울,수도권,A,1,투자유치 후 성장(추정)
724,2021,2021-12-31,0.33,NPS 적용일(하한),1,2021,벤처투자유형,재확인,에너지·Climate Tech,환경·기후 솔루션,72122.0,부산,동남권,B,0,투자유치 후 성장(추정)
724,2022,2022-12-31,1.33,NPS 적용일(하한),1,2021,벤처투자유형,재확인,에너지·Climate Tech,환경·기후 솔루션,72122.0,부산,동남권,B,0,투자유치 후 성장(추정)
724,2023,2023-12-31,2.33,NPS 적용일(하한),1,2021,벤처투자유형,재확인,에너지·Climate Tech,환경·기후 솔루션,72122.0,부산,동남권,B,0,투자유치 후 성장(추정)
724,2024,2024-12-31,3.33,NPS 적용일(하한),1,2021,벤처투자유형,재확인,에너지·Climate Tech,환경·기후 솔루션,72122.0,부산,동남권,B,0,투자유치 후 성장(추정)
725,2021,2021-12-31,4.0,NPS 적용일(하한),1,2018,벤처투자유형,재확인,에너지·Climate Tech,환경·기후 솔루션,72122.0,경기,수도권,B,0,투자유치 후 성장(추정)
725,2022,2022-12-31,5.0,NPS 적용일(하한),1,2018,벤처투자유형,재확인,에너지·Climate Tech,환경·기후 솔루션,72122.0,경기,수도권,B,0,투자유치 후 성장(추정)
725,2023,2023-12-31,6.0,NPS 적용일(하한),1,2018,벤처투자유형,재확인,에너지·Climate Tech,환경·기후 솔루션,72122.0,경기,수도권,B,0,투자유치 후 성장(추정)
725,2024,2024-12-31,7.0,NPS 적용일(하한),1,2018,벤처투자유형,재확인,에너지·Climate Tech,환경·기후 솔루션,72122.0,경기,수도권,B,0,투자유치 후 성장(추정)
726,2021,2021-12-31,1.83,NPS 적용일(하한),1,2020,연구개발유형,재확인,에너지·Climate Tech,ESS,28113.0,경기,수도권,B,0,R&D 중심(추정)
726,2022,2022-12-31,2.83,NPS 적용일(하한),1,2020,연구개발유형,재확인,에너지·Climate Tech,ESS,28113.0,경기,수도권,B,0,R&D 중심(추정)
726,2023,2023-12-31,3.83,NPS 적용일(하한),1,2020,연구개발유형,재확인,에너지·Climate Tech,ESS,28113.0,경기,수도권,B,0,R&D 중심(추정)
726,2024,2024-12-31,4.84,NPS 적용일(하한),1,2020,연구개발유형,재확인,에너지·Climate Tech,ESS,28113.0,경기,수도권,B,0,R&D 중심(추정)
727,2021,2021-12-31,7.5,DART 설립일,0,2014,연구개발유형,재확인,에너지·Climate Tech,ESS,28113.0,광주,호남권,A,1,R&D 중심(추정)
727,2022,2022-12-31,8.5,DART 설립일,0,2014,연구개발유형,재확인,에너지·Climate Tech,ESS,28113.0,광주,호남권,A,1,R&D 중심(추정)
727,2023,2023-12-31,9.5,DART 설립일,0,2014,연구개발유형,재확인,에너지·Climate Tech,ESS,28113.0,광주,호남권,A,1,R&D 중심(추정)
727,2024,2024-12-31,10.5,DART 설립일,0,2014,연구개발유형,재확인,에너지·Climate Tech,ESS,28113.0,광주,호남권,A,1,R&D 중심(추정)
728,2021,2021-12-31,2.73,DART 설립일,0,2019,연구개발유형,재확인,에너지·Climate Tech,발전·신재생,28111.0,대전,충청권,A,1,R&D 중심(추정)
728,2022,2022-12-31,3.73,DART 설립일,0,2019,연구개발유형,재확인,에너지·Climate Tech,발전·신재생,28111.0,대전,충청권,A,1,R&D 중심(추정)
728,2023,2023-12-31,4.73,DART 설립일,0,2019,연구개발유형,재확인,에너지·Climate Tech,발전·신재생,28111.0,대전,충청권,A,1,R&D 중심(추정)
728,2024,2024-12-31,5.73,DART 설립일,0,2019,연구개발유형,재확인,에너지·Climate Tech,발전·신재생,28111.0,대전,충청권,A,1,R&D 중심(추정)
729,2021,2021-12-31,6.46,NPS 적용일(하한),1,2015,연구개발유형,재확인,에너지·Climate Tech,발전·신재생,28111.0,전남,호남권,B,0,R&D 중심(추정)
729,2022,2022-12-31,7.46,NPS 적용일(하한),1,2015,연구개발유형,재확인,에너지·Climate Tech,발전·신재생,28111.0,전남,호남권,B,0,R&D 중심(추정)
729,2023,2023-12-31,8.46,NPS 적용일(하한),1,2015,연구개발유형,재확인,에너지·Climate Tech,발전·신재생,28111.0,전남,호남권,B,0,R&D 중심(추정)
729,2024,2024-12-31,9.46,NPS 적용일(하한),1,2015,연구개발유형,재확인,에너지·Climate Tech,발전·신재생,28111.0,전남,호남권,B,0,R&D 중심(추정)
730,2021,2021-12-31,3.76,DART 설립일,0,2018,연구개발유형,재확인,에너지·Climate Tech,발전·신재생,28111.0,대전,충청권,A,1,R&D 중심(추정)
730,2022,2022-12-31,4.76,DART 설립일,0,2018,연구개발유형,재확인,에너지·Climate Tech,발전·신재생,28111.0,대전,충청권,A,1,R&D 중심(추정)
730,2023,2023-12-31,5.76,DART 설립일,0,2018,연구개발유형,재확인,에너지·Climate Tech,발전·신재생,28111.0,대전,충청권,A,1,R&D 중심(추정)
730,2024,2024-12-31,6.77,DART 설립일,0,2018,연구개발유형,재확인,에너지·Climate Tech,발전·신재생,28111.0,대전,충청권,A,1,R&D 중심(추정)
731,2021,2021-12-31,5.23,NPS 적용일(하한),1,2016,연구개발유형,재확인,에너지·Climate Tech,발전·신재생,28111.0,경기,수도권,B,0,R&D 중심(추정)
731,2022,2022-12-31,6.23,NPS 적용일(하한),1,2016,연구개발유형,재확인,에너지·Climate Tech,발전·신재생,28111.0,경기,수도권,B,0,R&D 중심(추정)
731,2023,2023-12-31,7.23,NPS 적용일(하한),1,2016,연구개발유형,재확인,에너지·Climate Tech,발전·신재생,28111.0,경기,수도권,B,0,R&D 중심(추정)
731,2024,2024-12-31,8.24,NPS 적용일(하한),1,2016,연구개발유형,재확인,에너지·Climate Tech,발전·신재생,28111.0,경기,수도권,B,0,R&D 중심(추정)
732,2021,2021-12-31,3.0,NPS 적용일(하한),1,2019,연구개발유형,재확인,에너지·Climate Tech,에너지,72129.0,서울,수도권,B,0,R&D 중심(추정)
732,2022,2022-12-31,4.0,NPS 적용일(하한),1,2019,연구개발유형,재확인,에너지·Climate Tech,에너지,72129.0,서울,수도권,B,0,R&D 중심(추정)
732,2023,2023-12-31,5.0,NPS 적용일(하한),1,2019,연구개발유형,재확인,에너지·Climate Tech,에너지,72129.0,서울,수도권,B,0,R&D 중심(추정)
732,2024,2024-12-31,6.0,NPS 적용일(하한),1,2019,연구개발유형,재확인,에너지·Climate Tech,에너지,72129.0,서울,수도권,B,0,R&D 중심(추정)
733,2021,2021-12-31,7.84,NPS 적용일(하한),1,2014,연구개발유형,재확인,에너지·Climate Tech,에너지,70129.0,대전,충청권,B,0,R&D 중심(추정)
733,2022,2022-12-31,8.84,NPS 적용일(하한),1,2014,연구개발유형,재확인,에너지·Climate Tech,에너지,70129.0,대전,충청권,B,0,R&D 중심(추정)
733,2023,2023-12-31,9.83,NPS 적용일(하한),1,2014,연구개발유형,재확인,에너지·Climate Tech,에너지,70129.0,대전,충청권,B,0,R&D 중심(추정)
733,2024,2024-12-31,10.84,NPS 적용일(하한),1,2014,연구개발유형,재확인,에너지·Climate Tech,에너지,70129.0,대전,충청권,B,0,R&D 중심(추정)
734,2021,2021-12-31,4.95,NPS 적용일(하한),1,2017,연구개발유형,재확인,에너지·Climate Tech,에너지·전력기기,28909.0,경기,수도권,B,0,R&D 중심(추정)
734,2022,2022-12-31,5.95,NPS 적용일(하한),1,2017,연구개발유형,재확인,에너지·Climate Tech,에너지·전력기기,28909.0,경기,수도권,B,0,R&D 중심(추정)
734,2023,2023-12-31,6.95,NPS 적용일(하한),1,2017,연구개발유형,재확인,에너지·Climate Tech,에너지·전력기기,28909.0,경기,수도권,B,0,R&D 중심(추정)
734,2024,2024-12-31,7.95,NPS 적용일(하한),1,2017,연구개발유형,재확인,에너지·Climate Tech,에너지·전력기기,28909.0,경기,수도권,B,0,R&D 중심(추정)
735,2021,2021-12-31,6.5,NPS 적용일(하한),1,2015,연구개발유형,재확인,에너지·Climate Tech,이차전지,28209.0,서울,수도권,B,0,R&D 중심(추정)
735,2022,2022-12-31,7.5,NPS 적용일(하한),1,2015,연구개발유형,재확인,에너지·Climate Tech,이차전지,28209.0,서울,수도권,B,0,R&D 중심(추정)
735,2023,2023-12-31,8.5,NPS 적용일(하한),1,2015,연구개발유형,재확인,에너지·Climate Tech,이차전지,28209.0,서울,수도권,B,0,R&D 중심(추정)
735,2024,2024-12-31,9.5,NPS 적용일(하한),1,2015,연구개발유형,재확인,에너지·Climate Tech,이차전지,28209.0,서울,수도권,B,0,R&D 중심(추정)
736,2021,2021-12-31,6.5,DART 설립일,0,2015,연구개발유형,재확인,에너지·Climate Tech,이차전지,28202.0,대전,충청권,A,1,R&D 중심(추정)
736,2022,2022-12-31,7.5,DART 설립일,0,2015,연구개발유형,재확인,에너지·Climate Tech,이차전지,28202.0,대전,충청권,A,1,R&D 중심(추정)
736,2023,2023-12-31,8.5,DART 설립일,0,2015,연구개발유형,재확인,에너지·Climate Tech,이차전지,28202.0,대전,충청권,A,1,R&D 중심(추정)
736,2024,2024-12-31,9.5,DART 설립일,0,2015,연구개발유형,재확인,에너지·Climate Tech,이차전지,28202.0,대전,충청권,A,1,R&D 중심(추정)
737,2021,2021-12-31,7.14,NPS 적용일(하한),1,2014,연구개발유형,재확인,에너지·Climate Tech,이차전지,28209.0,부산,동남권,B,0,R&D 중심(추정)
737,2022,2022-12-31,8.14,NPS 적용일(하한),1,2014,연구개발유형,재확인,에너지·Climate Tech,이차전지,28209.0,부산,동남권,B,0,R&D 중심(추정)
737,2023,2023-12-31,9.14,NPS 적용일(하한),1,2014,연구개발유형,재확인,에너지·Climate Tech,이차전지,28209.0,부산,동남권,B,0,R&D 중심(추정)
737,2024,2024-12-31,10.14,NPS 적용일(하한),1,2014,연구개발유형,재확인,에너지·Climate Tech,이차전지,28209.0,부산,동남권,B,0,R&D 중심(추정)
738,2021,2021-12-31,4.62,NPS 적용일(하한),1,2017,연구개발유형,재확인,에너지·Climate Tech,이차전지,28209.0,경기,수도권,B,0,R&D 중심(추정)
738,2022,2022-12-31,5.62,NPS 적용일(하한),1,2017,연구개발유형,재확인,에너지·Climate Tech,이차전지,28209.0,경기,수도권,B,0,R&D 중심(추정)
738,2023,2023-12-31,6.62,NPS 적용일(하한),1,2017,연구개발유형,재확인,에너지·Climate Tech,이차전지,28209.0,경기,수도권,B,0,R&D 중심(추정)
738,2024,2024-12-31,7.62,NPS 적용일(하한),1,2017,연구개발유형,재확인,에너지·Climate Tech,이차전지,28209.0,경기,수도권,B,0,R&D 중심(추정)
739,2021,2021-12-31,0.85,NPS 적용일(하한),1,2021,연구개발유형,신규,에너지·Climate Tech,전력·전동화 부품,30399.0,경기,수도권,B,0,R&D 중심(추정)
739,2022,2022-12-31,1.85,NPS 적용일(하한),1,2021,연구개발유형,신규,에너지·Climate Tech,전력·전동화 부품,30399.0,경기,수도권,B,0,R&D 중심(추정)
739,2023,2023-12-31,2.85,NPS 적용일(하한),1,2021,연구개발유형,신규,에너지·Climate Tech,전력·전동화 부품,30399.0,경기,수도권,B,0,R&D 중심(추정)
739,2024,2024-12-31,3.85,NPS 적용일(하한),1,2021,연구개발유형,신규,에너지·Climate Tech,전력·전동화 부품,30399.0,경기,수도권,B,0,R&D 중심(추정)
740,2021,2021-12-31,4.0,NPS 적용일(하한),1,2018,연구개발유형,재확인,에너지·Climate Tech,친환경 소재,20202.0,경남,동남권,B,0,R&D 중심(추정)
740,2022,2022-12-31,5.0,NPS 적용일(하한),1,2018,연구개발유형,재확인,에너지·Climate Tech,친환경 소재,20202.0,경남,동남권,B,0,R&D 중심(추정)
740,2023,2023-12-31,6.0,NPS 적용일(하한),1,2018,연구개발유형,재확인,에너지·Climate Tech,친환경 소재,20202.0,경남,동남권,B,0,R&D 중심(추정)
740,2024,2024-12-31,7.0,NPS 적용일(하한),1,2018,연구개발유형,재확인,에너지·Climate Tech,친환경 소재,20202.0,경남,동남권,B,0,R&D 중심(추정)
741,2021,2021-12-31,0.58,NPS 적용일(하한),1,2021,혁신성장유형,신규,에너지·Climate Tech,ESS,28113.0,경기,수도권,B,0,초기(추정)
741,2022,2022-12-31,1.58,NPS 적용일(하한),1,2021,혁신성장유형,신규,에너지·Climate Tech,ESS,28113.0,경기,수도권,B,0,초기(추정)
741,2023,2023-12-31,2.58,NPS 적용일(하한),1,2021,혁신성장유형,신규,에너지·Climate Tech,ESS,28113.0,경기,수도권,B,0,초기(추정)
741,2024,2024-12-31,3.58,NPS 적용일(하한),1,2021,혁신성장유형,신규,에너지·Climate Tech,ESS,28113.0,경기,수도권,B,0,초기(추정)
742,2021,2021-12-31,7.74,DART 설립일,0,2014,혁신성장유형,재확인,에너지·Climate Tech,기후·환경,22299.0,인천,수도권,A,1,성장·안정(추정)
742,2022,2022-12-31,8.74,DART 설립일,0,2014,혁신성장유형,재확인,에너지·Climate Tech,기후·환경,22299.0,인천,수도권,A,1,성장·안정(추정)
742,2023,2023-12-31,9.74,DART 설립일,0,2014,혁신성장유형,재확인,에너지·Climate Tech,기후·환경,22299.0,인천,수도권,A,1,성장·안정(추정)
742,2024,2024-12-31,10.74,DART 설립일,0,2014,혁신성장유형,재확인,에너지·Climate Tech,기후·환경,22299.0,인천,수도권,A,1,성장·안정(추정)
744,2021,2021-12-31,8.15,DART 설립일,0,2013,혁신성장유형,재확인,에너지·Climate Tech,발전·신재생,28111.0,경북,대경권,A,1,성장·안정(추정)
744,2022,2022-12-31,9.15,DART 설립일,0,2013,혁신성장유형,재확인,에너지·Climate Tech,발전·신재생,28111.0,경북,대경권,A,1,성장·안정(추정)
744,2023,2023-12-31,10.15,DART 설립일,0,2013,혁신성장유형,재확인,에너지·Climate Tech,발전·신재생,28111.0,경북,대경권,A,1,성장·안정(추정)
744,2024,2024-12-31,11.15,DART 설립일,0,2013,혁신성장유형,재확인,에너지·Climate Tech,발전·신재생,28111.0,경북,대경권,A,1,성장·안정(추정)
745,2021,2021-12-31,5.58,NPS 적용일(하한),1,2016,혁신성장유형,재확인,에너지·Climate Tech,에너지,25119.0,부산,동남권,B,0,성장·안정(추정)
745,2022,2022-12-31,6.58,NPS 적용일(하한),1,2016,혁신성장유형,재확인,에너지·Climate Tech,에너지,25119.0,부산,동남권,B,0,성장·안정(추정)
745,2023,2023-12-31,7.58,NPS 적용일(하한),1,2016,혁신성장유형,재확인,에너지·Climate Tech,에너지,25119.0,부산,동남권,B,0,성장·안정(추정)
745,2024,2024-12-31,8.58,NPS 적용일(하한),1,2016,혁신성장유형,재확인,에너지·Climate Tech,에너지,25119.0,부산,동남권,B,0,성장·안정(추정)
746,2021,2021-12-31,7.16,DART 설립일,0,2014,혁신성장유형,재확인,에너지·Climate Tech,에너지·전력기기,28909.0,경기,수도권,A,1,성장·안정(추정)
746,2022,2022-12-31,8.16,DART 설립일,0,2014,혁신성장유형,재확인,에너지·Climate Tech,에너지·전력기기,28909.0,경기,수도권,A,1,성장·안정(추정)
746,2023,2023-12-31,9.16,DART 설립일,0,2014,혁신성장유형,재확인,에너지·Climate Tech,에너지·전력기기,28909.0,경기,수도권,A,1,성장·안정(추정)
746,2024,2024-12-31,10.17,DART 설립일,0,2014,혁신성장유형,재확인,에너지·Climate Tech,에너지·전력기기,28909.0,경기,수도권,A,1,성장·안정(추정)
747,2021,2021-12-31,5.03,NPS 적용일(하한),1,2016,혁신성장유형,재확인,에너지·Climate Tech,전력·스마트그리드,28123.0,경기,수도권,B,0,성장·안정(추정)
747,2022,2022-12-31,6.03,NPS 적용일(하한),1,2016,혁신성장유형,재확인,에너지·Climate Tech,전력·스마트그리드,28123.0,경기,수도권,B,0,성장·안정(추정)
747,2023,2023-12-31,7.03,NPS 적용일(하한),1,2016,혁신성장유형,재확인,에너지·Climate Tech,전력·스마트그리드,28123.0,경기,수도권,B,0,성장·안정(추정)
747,2024,2024-12-31,8.03,NPS 적용일(하한),1,2016,혁신성장유형,재확인,에너지·Climate Tech,전력·스마트그리드,28123.0,경기,수도권,B,0,성장·안정(추정)
748,2021,2021-12-31,7.16,NPS 적용일(하한),1,2014,혁신성장유형,재확인,에너지·Climate Tech,친환경 소재,20499.0,강원,강원권,B,0,성장·안정(추정)
748,2022,2022-12-31,8.16,NPS 적용일(하한),1,2014,혁신성장유형,재확인,에너지·Climate Tech,친환경 소재,20499.0,강원,강원권,B,0,성장·안정(추정)
748,2023,2023-12-31,9.16,NPS 적용일(하한),1,2014,혁신성장유형,재확인,에너지·Climate Tech,친환경 소재,20499.0,강원,강원권,B,0,성장·안정(추정)
748,2024,2024-12-31,10.17,NPS 적용일(하한),1,2014,혁신성장유형,재확인,에너지·Climate Tech,친환경 소재,20499.0,강원,강원권,B,0,성장·안정(추정)
749,2021,2021-12-31,1.66,NPS 적용일(하한),1,2020,혁신성장유형,재확인,에너지·Climate Tech,친환경 소재,20499.0,강원,강원권,B,0,성장·안정(추정)
749,2022,2022-12-31,2.66,NPS 적용일(하한),1,2020,혁신성장유형,재확인,에너지·Climate Tech,친환경 소재,20499.0,강원,강원권,B,0,성장·안정(추정)
749,2023,2023-12-31,3.66,NPS 적용일(하한),1,2020,혁신성장유형,재확인,에너지·Climate Tech,친환경 소재,20499.0,강원,강원권,B,0,성장·안정(추정)
749,2024,2024-12-31,4.67,NPS 적용일(하한),1,2020,혁신성장유형,재확인,에너지·Climate Tech,친환경 소재,20499.0,강원,강원권,B,0,성장·안정(추정)
750,2021,2021-12-31,6.91,NPS 적용일(하한),1,2015,혁신성장유형,재확인,에너지·Climate Tech,환경 장비,29175.0,전북,호남권,B,0,성장·안정(추정)
750,2022,2022-12-31,7.91,NPS 적용일(하한),1,2015,혁신성장유형,재확인,에너지·Climate Tech,환경 장비,29175.0,전북,호남권,B,0,성장·안정(추정)
750,2023,2023-12-31,8.91,NPS 적용일(하한),1,2015,혁신성장유형,재확인,에너지·Climate Tech,환경 장비,29175.0,전북,호남권,B,0,성장·안정(추정)
750,2024,2024-12-31,9.91,NPS 적용일(하한),1,2015,혁신성장유형,재확인,에너지·Climate Tech,환경 장비,29175.0,전북,호남권,B,0,성장·안정(추정)
842,2021,2021-12-31,0.81,NPS 적용일(하한),1,2021,벤처투자유형,재확인,콘텐츠·미디어,게임,58212.0,경기,수도권,B,0,투자유치 후 성장(추정)
842,2022,2022-12-31,1.81,NPS 적용일(하한),1,2021,벤처투자유형,재확인,콘텐츠·미디어,게임,58212.0,경기,수도권,B,0,투자유치 후 성장(추정)
842,2023,2023-12-31,2.81,NPS 적용일(하한),1,2021,벤처투자유형,재확인,콘텐츠·미디어,게임,58212.0,경기,수도권,B,0,투자유치 후 성장(추정)
842,2024,2024-12-31,3.81,NPS 적용일(하한),1,2021,벤처투자유형,재확인,콘텐츠·미디어,게임,58212.0,경기,수도권,B,0,투자유치 후 성장(추정)
843,2021,2021-12-31,4.81,DART 설립일,0,2017,벤처투자유형,재확인,콘텐츠·미디어,게임,58219.0,서울,수도권,A,1,투자유치 후 성장(추정)
843,2022,2022-12-31,5.81,DART 설립일,0,2017,벤처투자유형,재확인,콘텐츠·미디어,게임,58219.0,서울,수도권,A,1,투자유치 후 성장(추정)
843,2023,2023-12-31,6.81,DART 설립일,0,2017,벤처투자유형,재확인,콘텐츠·미디어,게임,58219.0,서울,수도권,A,1,투자유치 후 성장(추정)
843,2024,2024-12-31,7.81,DART 설립일,0,2017,벤처투자유형,재확인,콘텐츠·미디어,게임,58219.0,서울,수도권,A,1,투자유치 후 성장(추정)
844,2021,2021-12-31,1.83,NPS 적용일(하한),1,2020,벤처투자유형,재확인,콘텐츠·미디어,게임,58212.0,전남,호남권,C,0,투자유치 후 성장(추정)
844,2022,2022-12-31,2.83,NPS 적용일(하한),1,2020,벤처투자유형,재확인,콘텐츠·미디어,게임,58212.0,전남,호남권,C,0,투자유치 후 성장(추정)
844,2023,2023-12-31,3.83,NPS 적용일(하한),1,2020,벤처투자유형,재확인,콘텐츠·미디어,게임,58212.0,전남,호남권,C,0,투자유치 후 성장(추정)
844,2024,2024-12-31,4.84,NPS 적용일(하한),1,2020,벤처투자유형,재확인,콘텐츠·미디어,게임,58212.0,전남,호남권,C,0,투자유치 후 성장(추정)
845,2021,2021-12-31,2.84,NPS 적용일(하한),1,2019,벤처투자유형,재확인,콘텐츠·미디어,게임,58212.0,인천,수도권,B,0,투자유치 후 성장(추정)
845,2022,2022-12-31,3.84,NPS 적용일(하한),1,2019,벤처투자유형,재확인,콘텐츠·미디어,게임,58212.0,인천,수도권,B,0,투자유치 후 성장(추정)
845,2023,2023-12-31,4.84,NPS 적용일(하한),1,2019,벤처투자유형,재확인,콘텐츠·미디어,게임,58212.0,인천,수도권,B,0,투자유치 후 성장(추정)
845,2024,2024-12-31,5.84,NPS 적용일(하한),1,2019,벤처투자유형,재확인,콘텐츠·미디어,게임,58212.0,인천,수도권,B,0,투자유치 후 성장(추정)
846,2021,2021-12-31,6.37,NPS 적용일(하한),1,2015,벤처투자유형,재확인,콘텐츠·미디어,게임,58219.0,서울,수도권,B,0,투자유치 후 성장(추정)
846,2022,2022-12-31,7.37,NPS 적용일(하한),1,2015,벤처투자유형,재확인,콘텐츠·미디어,게임,58219.0,서울,수도권,B,0,투자유치 후 성장(추정)
846,2023,2023-12-31,8.37,NPS 적용일(하한),1,2015,벤처투자유형,재확인,콘텐츠·미디어,게임,58219.0,서울,수도권,B,0,투자유치 후 성장(추정)
846,2024,2024-12-31,9.37,NPS 적용일(하한),1,2015,벤처투자유형,재확인,콘텐츠·미디어,게임,58219.0,서울,수도권,B,0,투자유치 후 성장(추정)
847,2021,2021-12-31,0.33,NPS 적용일(하한),1,2021,벤처투자유형,신규,콘텐츠·미디어,게임,58211.0,경기,수도권,B,0,투자유치 초기(추정)
847,2022,2022-12-31,1.33,NPS 적용일(하한),1,2021,벤처투자유형,신규,콘텐츠·미디어,게임,58211.0,경기,수도권,B,0,투자유치 초기(추정)
847,2023,2023-12-31,2.32,NPS 적용일(하한),1,2021,벤처투자유형,신규,콘텐츠·미디어,게임,58211.0,경기,수도권,B,0,투자유치 초기(추정)
847,2024,2024-12-31,3.33,NPS 적용일(하한),1,2021,벤처투자유형,신규,콘텐츠·미디어,게임,58211.0,경기,수도권,B,0,투자유치 초기(추정)
848,2021,2021-12-31,1.08,NPS 적용일(하한),1,2020,벤처투자유형,신규,콘텐츠·미디어,게임,58219.0,서울,수도권,B,0,투자유치 초기(추정)
848,2022,2022-12-31,2.08,NPS 적용일(하한),1,2020,벤처투자유형,신규,콘텐츠·미디어,게임,58219.0,서울,수도권,B,0,투자유치 초기(추정)
848,2023,2023-12-31,3.08,NPS 적용일(하한),1,2020,벤처투자유형,신규,콘텐츠·미디어,게임,58219.0,서울,수도권,B,0,투자유치 초기(추정)
848,2024,2024-12-31,4.08,NPS 적용일(하한),1,2020,벤처투자유형,신규,콘텐츠·미디어,게임,58219.0,서울,수도권,B,0,투자유치 초기(추정)
849,2021,2021-12-31,4.6,DART 설립일,0,2017,벤처투자유형,재확인,콘텐츠·미디어,게임,,제주,제주권,A,1,투자유치 후 성장(추정)
849,2022,2022-12-31,5.6,DART 설립일,0,2017,벤처투자유형,재확인,콘텐츠·미디어,게임,,제주,제주권,A,1,투자유치 후 성장(추정)
849,2023,2023-12-31,6.6,DART 설립일,0,2017,벤처투자유형,재확인,콘텐츠·미디어,게임,,제주,제주권,A,1,투자유치 후 성장(추정)
849,2024,2024-12-31,7.6,DART 설립일,0,2017,벤처투자유형,재확인,콘텐츠·미디어,게임,,제주,제주권,A,1,투자유치 후 성장(추정)
850,2021,2021-12-31,4.57,DART 설립일,0,2017,벤처투자유형,재확인,콘텐츠·미디어,게임,58212.0,서울,수도권,A,1,투자유치 후 성장(추정)
850,2022,2022-12-31,5.57,DART 설립일,0,2017,벤처투자유형,재확인,콘텐츠·미디어,게임,58212.0,서울,수도권,A,1,투자유치 후 성장(추정)
850,2023,2023-12-31,6.57,DART 설립일,0,2017,벤처투자유형,재확인,콘텐츠·미디어,게임,58212.0,서울,수도권,A,1,투자유치 후 성장(추정)
850,2024,2024-12-31,7.57,DART 설립일,0,2017,벤처투자유형,재확인,콘텐츠·미디어,게임,58212.0,서울,수도권,A,1,투자유치 후 성장(추정)
851,2021,2021-12-31,4.11,NPS 적용일(하한),1,2017,벤처투자유형,재확인,콘텐츠·미디어,게임,58212.0,서울,수도권,B,0,투자유치 후 성장(추정)
851,2022,2022-12-31,5.11,NPS 적용일(하한),1,2017,벤처투자유형,재확인,콘텐츠·미디어,게임,58212.0,서울,수도권,B,0,투자유치 후 성장(추정)
851,2023,2023-12-31,6.11,NPS 적용일(하한),1,2017,벤처투자유형,재확인,콘텐츠·미디어,게임,58212.0,서울,수도권,B,0,투자유치 후 성장(추정)
851,2024,2024-12-31,7.11,NPS 적용일(하한),1,2017,벤처투자유형,재확인,콘텐츠·미디어,게임,58212.0,서울,수도권,B,0,투자유치 후 성장(추정)
852,2021,2021-12-31,0.47,NPS 적용일(하한),1,2021,벤처투자유형,재확인,콘텐츠·미디어,게임,58212.0,충남,충청권,B,0,투자유치 후 성장(추정)
852,2022,2022-12-31,1.47,NPS 적용일(하한),1,2021,벤처투자유형,재확인,콘텐츠·미디어,게임,58212.0,충남,충청권,B,0,투자유치 후 성장(추정)
852,2023,2023-12-31,2.47,NPS 적용일(하한),1,2021,벤처투자유형,재확인,콘텐츠·미디어,게임,58212.0,충남,충청권,B,0,투자유치 후 성장(추정)
852,2024,2024-12-31,3.47,NPS 적용일(하한),1,2021,벤처투자유형,재확인,콘텐츠·미디어,게임,58212.0,충남,충청권,B,0,투자유치 후 성장(추정)
853,2021,2021-12-31,1.16,NPS 적용일(하한),1,2020,벤처투자유형,신규,콘텐츠·미디어,디자인,73203.0,경기,수도권,B,0,투자유치 초기(추정)
853,2022,2022-12-31,2.16,NPS 적용일(하한),1,2020,벤처투자유형,신규,콘텐츠·미디어,디자인,73203.0,경기,수도권,B,0,투자유치 초기(추정)
853,2023,2023-12-31,3.16,NPS 적용일(하한),1,2020,벤처투자유형,신규,콘텐츠·미디어,디자인,73203.0,경기,수도권,B,0,투자유치 초기(추정)
853,2024,2024-12-31,4.16,NPS 적용일(하한),1,2020,벤처투자유형,신규,콘텐츠·미디어,디자인,73203.0,경기,수도권,B,0,투자유치 초기(추정)
854,2021,2021-12-31,0.68,NPS 적용일(하한),1,2021,벤처투자유형,신규,콘텐츠·미디어,방송콘텐츠,60221.0,경기,수도권,B,0,투자유치 초기(추정)
854,2022,2022-12-31,1.68,NPS 적용일(하한),1,2021,벤처투자유형,신규,콘텐츠·미디어,방송콘텐츠,60221.0,경기,수도권,B,0,투자유치 초기(추정)
854,2023,2023-12-31,2.68,NPS 적용일(하한),1,2021,벤처투자유형,신규,콘텐츠·미디어,방송콘텐츠,60221.0,경기,수도권,B,0,투자유치 초기(추정)
854,2024,2024-12-31,3.68,NPS 적용일(하한),1,2021,벤처투자유형,신규,콘텐츠·미디어,방송콘텐츠,60221.0,경기,수도권,B,0,투자유치 초기(추정)
855,2021,2021-12-31,6.94,DART 설립일,0,2015,벤처투자유형,재확인,콘텐츠·미디어,방송콘텐츠,60221.0,서울,수도권,A,1,투자유치 후 성장(추정)
855,2022,2022-12-31,7.94,DART 설립일,0,2015,벤처투자유형,재확인,콘텐츠·미디어,방송콘텐츠,60221.0,서울,수도권,A,1,투자유치 후 성장(추정)
855,2023,2023-12-31,8.94,DART 설립일,0,2015,벤처투자유형,재확인,콘텐츠·미디어,방송콘텐츠,60221.0,서울,수도권,A,1,투자유치 후 성장(추정)
855,2024,2024-12-31,9.94,DART 설립일,0,2015,벤처투자유형,재확인,콘텐츠·미디어,방송콘텐츠,60221.0,서울,수도권,A,1,투자유치 후 성장(추정)
856,2021,2021-12-31,5.49,NPS 적용일(하한),1,2016,벤처투자유형,신규,콘텐츠·미디어,방송콘텐츠,60221.0,부산,동남권,B,0,투자유치 초기(추정)
856,2022,2022-12-31,6.49,NPS 적용일(하한),1,2016,벤처투자유형,신규,콘텐츠·미디어,방송콘텐츠,60221.0,부산,동남권,B,0,투자유치 초기(추정)
856,2023,2023-12-31,7.49,NPS 적용일(하한),1,2016,벤처투자유형,신규,콘텐츠·미디어,방송콘텐츠,60221.0,부산,동남권,B,0,투자유치 초기(추정)
856,2024,2024-12-31,8.49,NPS 적용일(하한),1,2016,벤처투자유형,신규,콘텐츠·미디어,방송콘텐츠,60221.0,부산,동남권,B,0,투자유치 초기(추정)
857,2021,2021-12-31,0.33,NPS 적용일(하한),1,2021,벤처투자유형,신규,콘텐츠·미디어,방송콘텐츠,60221.0,서울,수도권,B,0,투자유치 초기(추정)
857,2022,2022-12-31,1.33,NPS 적용일(하한),1,2021,벤처투자유형,신규,콘텐츠·미디어,방송콘텐츠,60221.0,서울,수도권,B,0,투자유치 초기(추정)
857,2023,2023-12-31,2.33,NPS 적용일(하한),1,2021,벤처투자유형,신규,콘텐츠·미디어,방송콘텐츠,60221.0,서울,수도권,B,0,투자유치 초기(추정)
857,2024,2024-12-31,3.33,NPS 적용일(하한),1,2021,벤처투자유형,신규,콘텐츠·미디어,방송콘텐츠,60221.0,서울,수도권,B,0,투자유치 초기(추정)
858,2021,2021-12-31,7.58,DART 설립일,0,2014,벤처투자유형,재확인,콘텐츠·미디어,애니메이션,59112.0,경기,수도권,A,1,투자유치 후 성장(추정)
858,2022,2022-12-31,8.58,DART 설립일,0,2014,벤처투자유형,재확인,콘텐츠·미디어,애니메이션,59112.0,경기,수도권,A,1,투자유치 후 성장(추정)
858,2023,2023-12-31,9.58,DART 설립일,0,2014,벤처투자유형,재확인,콘텐츠·미디어,애니메이션,59112.0,경기,수도권,A,1,투자유치 후 성장(추정)
858,2024,2024-12-31,10.58,DART 설립일,0,2014,벤처투자유형,재확인,콘텐츠·미디어,애니메이션,59112.0,경기,수도권,A,1,투자유치 후 성장(추정)
859,2021,2021-12-31,7.86,NPS 적용일(하한),1,2014,벤처투자유형,재확인,콘텐츠·미디어,애니메이션,59112.0,서울,수도권,B,0,투자유치 후 성장(추정)
859,2022,2022-12-31,8.86,NPS 적용일(하한),1,2014,벤처투자유형,재확인,콘텐츠·미디어,애니메이션,59112.0,서울,수도권,B,0,투자유치 후 성장(추정)
859,2023,2023-12-31,9.86,NPS 적용일(하한),1,2014,벤처투자유형,재확인,콘텐츠·미디어,애니메이션,59112.0,서울,수도권,B,0,투자유치 후 성장(추정)
859,2024,2024-12-31,10.86,NPS 적용일(하한),1,2014,벤처투자유형,재확인,콘텐츠·미디어,애니메이션,59112.0,서울,수도권,B,0,투자유치 후 성장(추정)
860,2021,2021-12-31,0.64,NPS 적용일(하한),1,2021,벤처투자유형,신규,콘텐츠·미디어,애니메이션,59112.0,대전,충청권,B,0,투자유치 초기(추정)
860,2022,2022-12-31,1.63,NPS 적용일(하한),1,2021,벤처투자유형,신규,콘텐츠·미디어,애니메이션,59112.0,대전,충청권,B,0,투자유치 초기(추정)
860,2023,2023-12-31,2.63,NPS 적용일(하한),1,2021,벤처투자유형,신규,콘텐츠·미디어,애니메이션,59112.0,대전,충청권,B,0,투자유치 초기(추정)
860,2024,2024-12-31,3.64,NPS 적용일(하한),1,2021,벤처투자유형,신규,콘텐츠·미디어,애니메이션,59112.0,대전,충청권,B,0,투자유치 초기(추정)
861,2021,2021-12-31,4.64,NPS 적용일(하한),1,2017,벤처투자유형,재확인,콘텐츠·미디어,애니메이션,59112.0,광주,호남권,B,0,투자유치 후 성장(추정)
861,2022,2022-12-31,5.64,NPS 적용일(하한),1,2017,벤처투자유형,재확인,콘텐츠·미디어,애니메이션,59112.0,광주,호남권,B,0,투자유치 후 성장(추정)
861,2023,2023-12-31,6.64,NPS 적용일(하한),1,2017,벤처투자유형,재확인,콘텐츠·미디어,애니메이션,59112.0,광주,호남권,B,0,투자유치 후 성장(추정)
861,2024,2024-12-31,7.64,NPS 적용일(하한),1,2017,벤처투자유형,재확인,콘텐츠·미디어,애니메이션,59112.0,광주,호남권,B,0,투자유치 후 성장(추정)
862,2021,2021-12-31,3.08,NPS 적용일(하한),1,2018,벤처투자유형,재확인,콘텐츠·미디어,영상제작,59114.0,서울,수도권,B,0,투자유치 후 성장(추정)
862,2022,2022-12-31,4.08,NPS 적용일(하한),1,2018,벤처투자유형,재확인,콘텐츠·미디어,영상제작,59114.0,서울,수도권,B,0,투자유치 후 성장(추정)
862,2023,2023-12-31,5.08,NPS 적용일(하한),1,2018,벤처투자유형,재확인,콘텐츠·미디어,영상제작,59114.0,서울,수도권,B,0,투자유치 후 성장(추정)
862,2024,2024-12-31,6.08,NPS 적용일(하한),1,2018,벤처투자유형,재확인,콘텐츠·미디어,영상제작,59114.0,서울,수도권,B,0,투자유치 후 성장(추정)
863,2021,2021-12-31,4.08,DART 설립일,0,2017,벤처투자유형,신규,콘텐츠·미디어,영상제작,59114.0,서울,수도권,A,1,투자유치 초기(추정)
863,2022,2022-12-31,5.08,DART 설립일,0,2017,벤처투자유형,신규,콘텐츠·미디어,영상제작,59114.0,서울,수도권,A,1,투자유치 초기(추정)
863,2023,2023-12-31,6.08,DART 설립일,0,2017,벤처투자유형,신규,콘텐츠·미디어,영상제작,59114.0,서울,수도권,A,1,투자유치 초기(추정)
863,2024,2024-12-31,7.09,DART 설립일,0,2017,벤처투자유형,신규,콘텐츠·미디어,영상제작,59114.0,서울,수도권,A,1,투자유치 초기(추정)
864,2021,2021-12-31,1.67,NPS 적용일(하한),1,2020,벤처투자유형,재확인,콘텐츠·미디어,영상제작·후반작업,59120.0,서울,수도권,B,0,투자유치 후 성장(추정)
864,2022,2022-12-31,2.67,NPS 적용일(하한),1,2020,벤처투자유형,재확인,콘텐츠·미디어,영상제작·후반작업,59120.0,서울,수도권,B,0,투자유치 후 성장(추정)
864,2023,2023-12-31,3.67,NPS 적용일(하한),1,2020,벤처투자유형,재확인,콘텐츠·미디어,영상제작·후반작업,59120.0,서울,수도권,B,0,투자유치 후 성장(추정)
864,2024,2024-12-31,4.67,NPS 적용일(하한),1,2020,벤처투자유형,재확인,콘텐츠·미디어,영상제작·후반작업,59120.0,서울,수도권,B,0,투자유치 후 성장(추정)
865,2021,2021-12-31,2.33,NPS 적용일(하한),1,2019,벤처투자유형,재확인,콘텐츠·미디어,영상제작·후반작업,59120.0,서울,수도권,B,0,투자유치 후 성장(추정)
865,2022,2022-12-31,3.33,NPS 적용일(하한),1,2019,벤처투자유형,재확인,콘텐츠·미디어,영상제작·후반작업,59120.0,서울,수도권,B,0,투자유치 후 성장(추정)
865,2023,2023-12-31,4.33,NPS 적용일(하한),1,2019,벤처투자유형,재확인,콘텐츠·미디어,영상제작·후반작업,59120.0,서울,수도권,B,0,투자유치 후 성장(추정)
865,2024,2024-12-31,5.33,NPS 적용일(하한),1,2019,벤처투자유형,재확인,콘텐츠·미디어,영상제작·후반작업,59120.0,서울,수도권,B,0,투자유치 후 성장(추정)
866,2021,2021-12-31,3.14,NPS 적용일(하한),1,2018,벤처투자유형,신규,콘텐츠·미디어,영상제작·후반작업,,서울,수도권,B,0,투자유치 초기(추정)
866,2022,2022-12-31,4.14,NPS 적용일(하한),1,2018,벤처투자유형,신규,콘텐츠·미디어,영상제작·후반작업,,서울,수도권,B,0,투자유치 초기(추정)
866,2023,2023-12-31,5.14,NPS 적용일(하한),1,2018,벤처투자유형,신규,콘텐츠·미디어,영상제작·후반작업,,서울,수도권,B,0,투자유치 초기(추정)
866,2024,2024-12-31,6.14,NPS 적용일(하한),1,2018,벤처투자유형,신규,콘텐츠·미디어,영상제작·후반작업,,서울,수도권,B,0,투자유치 초기(추정)
867,2021,2021-12-31,4.8,NPS 적용일(하한),1,2017,벤처투자유형,신규,콘텐츠·미디어,웹툰·출판,58112.0,서울,수도권,B,0,투자유치 초기(추정)
867,2022,2022-12-31,5.8,NPS 적용일(하한),1,2017,벤처투자유형,신규,콘텐츠·미디어,웹툰·출판,58112.0,서울,수도권,B,0,투자유치 초기(추정)
867,2023,2023-12-31,6.8,NPS 적용일(하한),1,2017,벤처투자유형,신규,콘텐츠·미디어,웹툰·출판,58112.0,서울,수도권,B,0,투자유치 초기(추정)
867,2024,2024-12-31,7.8,NPS 적용일(하한),1,2017,벤처투자유형,신규,콘텐츠·미디어,웹툰·출판,58112.0,서울,수도권,B,0,투자유치 초기(추정)
868,2021,2021-12-31,0.33,NPS 적용일(하한),1,2021,벤처투자유형,신규,콘텐츠·미디어,웹툰·출판,58112.0,부산,동남권,B,0,투자유치 초기(추정)
868,2022,2022-12-31,1.33,NPS 적용일(하한),1,2021,벤처투자유형,신규,콘텐츠·미디어,웹툰·출판,58112.0,부산,동남권,B,0,투자유치 초기(추정)
868,2023,2023-12-31,2.33,NPS 적용일(하한),1,2021,벤처투자유형,신규,콘텐츠·미디어,웹툰·출판,58112.0,부산,동남권,B,0,투자유치 초기(추정)
868,2024,2024-12-31,3.33,NPS 적용일(하한),1,2021,벤처투자유형,신규,콘텐츠·미디어,웹툰·출판,58112.0,부산,동남권,B,0,투자유치 초기(추정)
869,2021,2021-12-31,1.0,DART 설립일,0,2020,벤처투자유형,재확인,콘텐츠·미디어,음악,59201.0,서울,수도권,A,1,투자유치 후 성장(추정)
869,2022,2022-12-31,2.0,DART 설립일,0,2020,벤처투자유형,재확인,콘텐츠·미디어,음악,59201.0,서울,수도권,A,1,투자유치 후 성장(추정)
869,2023,2023-12-31,3.0,DART 설립일,0,2020,벤처투자유형,재확인,콘텐츠·미디어,음악,59201.0,서울,수도권,A,1,투자유치 후 성장(추정)
869,2024,2024-12-31,4.0,DART 설립일,0,2020,벤처투자유형,재확인,콘텐츠·미디어,음악,59201.0,서울,수도권,A,1,투자유치 후 성장(추정)
870,2021,2021-12-31,6.67,NPS 적용일(하한),1,2015,연구개발유형,재확인,콘텐츠·미디어,게임,58219.0,경남,동남권,C,0,R&D 중심(추정)
870,2022,2022-12-31,7.67,NPS 적용일(하한),1,2015,연구개발유형,재확인,콘텐츠·미디어,게임,58219.0,경남,동남권,C,0,R&D 중심(추정)
870,2023,2023-12-31,8.67,NPS 적용일(하한),1,2015,연구개발유형,재확인,콘텐츠·미디어,게임,58219.0,경남,동남권,C,0,R&D 중심(추정)
870,2024,2024-12-31,9.67,NPS 적용일(하한),1,2015,연구개발유형,재확인,콘텐츠·미디어,게임,58219.0,경남,동남권,C,0,R&D 중심(추정)
871,2021,2021-12-31,6.42,NPS 적용일(하한),1,2015,연구개발유형,재확인,콘텐츠·미디어,애니메이션,59112.0,대전,충청권,B,0,R&D 중심(추정)
871,2022,2022-12-31,7.42,NPS 적용일(하한),1,2015,연구개발유형,재확인,콘텐츠·미디어,애니메이션,59112.0,대전,충청권,B,0,R&D 중심(추정)
871,2023,2023-12-31,8.42,NPS 적용일(하한),1,2015,연구개발유형,재확인,콘텐츠·미디어,애니메이션,59112.0,대전,충청권,B,0,R&D 중심(추정)
871,2024,2024-12-31,9.42,NPS 적용일(하한),1,2015,연구개발유형,재확인,콘텐츠·미디어,애니메이션,59112.0,대전,충청권,B,0,R&D 중심(추정)
872,2021,2021-12-31,2.16,NPS 적용일(하한),1,2019,연구개발유형,재확인,콘텐츠·미디어,영상제작,59114.0,서울,수도권,B,0,R&D 중심(추정)
872,2022,2022-12-31,3.16,NPS 적용일(하한),1,2019,연구개발유형,재확인,콘텐츠·미디어,영상제작,59114.0,서울,수도권,B,0,R&D 중심(추정)
872,2023,2023-12-31,4.16,NPS 적용일(하한),1,2019,연구개발유형,재확인,콘텐츠·미디어,영상제작,59114.0,서울,수도권,B,0,R&D 중심(추정)
872,2024,2024-12-31,5.16,NPS 적용일(하한),1,2019,연구개발유형,재확인,콘텐츠·미디어,영상제작,59114.0,서울,수도권,B,0,R&D 중심(추정)
873,2021,2021-12-31,4.0,NPS 적용일(하한),1,2018,연구개발유형,재확인,콘텐츠·미디어,영상제작·후반작업,,서울,수도권,B,0,R&D 중심(추정)
873,2022,2022-12-31,5.0,NPS 적용일(하한),1,2018,연구개발유형,재확인,콘텐츠·미디어,영상제작·후반작업,,서울,수도권,B,0,R&D 중심(추정)
873,2023,2023-12-31,6.0,NPS 적용일(하한),1,2018,연구개발유형,재확인,콘텐츠·미디어,영상제작·후반작업,,서울,수도권,B,0,R&D 중심(추정)
873,2024,2024-12-31,7.0,NPS 적용일(하한),1,2018,연구개발유형,재확인,콘텐츠·미디어,영상제작·후반작업,,서울,수도권,B,0,R&D 중심(추정)
874,2021,2021-12-31,6.48,NPS 적용일(하한),1,2015,연구개발유형,재확인,콘텐츠·미디어,영상제작·후반작업,59120.0,서울,수도권,B,0,R&D 중심(추정)
874,2022,2022-12-31,7.48,NPS 적용일(하한),1,2015,연구개발유형,재확인,콘텐츠·미디어,영상제작·후반작업,59120.0,서울,수도권,B,0,R&D 중심(추정)
874,2023,2023-12-31,8.48,NPS 적용일(하한),1,2015,연구개발유형,재확인,콘텐츠·미디어,영상제작·후반작업,59120.0,서울,수도권,B,0,R&D 중심(추정)
874,2024,2024-12-31,9.48,NPS 적용일(하한),1,2015,연구개발유형,재확인,콘텐츠·미디어,영상제작·후반작업,59120.0,서울,수도권,B,0,R&D 중심(추정)
875,2021,2021-12-31,1.48,NPS 적용일(하한),1,2020,연구개발유형,재확인,콘텐츠·미디어,영상제작·후반작업,59120.0,서울,수도권,B,0,R&D 중심(추정)
875,2022,2022-12-31,2.48,NPS 적용일(하한),1,2020,연구개발유형,재확인,콘텐츠·미디어,영상제작·후반작업,59120.0,서울,수도권,B,0,R&D 중심(추정)
875,2023,2023-12-31,3.47,NPS 적용일(하한),1,2020,연구개발유형,재확인,콘텐츠·미디어,영상제작·후반작업,59120.0,서울,수도권,B,0,R&D 중심(추정)
875,2024,2024-12-31,4.48,NPS 적용일(하한),1,2020,연구개발유형,재확인,콘텐츠·미디어,영상제작·후반작업,59120.0,서울,수도권,B,0,R&D 중심(추정)
876,2021,2021-12-31,2.04,DART 설립일,0,2019,연구개발유형,재확인,콘텐츠·미디어,음악,,서울,수도권,A,1,R&D 중심(추정)
876,2022,2022-12-31,3.04,DART 설립일,0,2019,연구개발유형,재확인,콘텐츠·미디어,음악,,서울,수도권,A,1,R&D 중심(추정)
876,2023,2023-12-31,4.04,DART 설립일,0,2019,연구개발유형,재확인,콘텐츠·미디어,음악,,서울,수도권,A,1,R&D 중심(추정)
876,2024,2024-12-31,5.04,DART 설립일,0,2019,연구개발유형,재확인,콘텐츠·미디어,음악,,서울,수도권,A,1,R&D 중심(추정)
877,2021,2021-12-31,4.16,NPS 적용일(하한),1,2017,연구개발유형,재확인,콘텐츠·미디어,콘텐츠,73909.0,서울,수도권,B,0,R&D 중심(추정)
877,2022,2022-12-31,5.16,NPS 적용일(하한),1,2017,연구개발유형,재확인,콘텐츠·미디어,콘텐츠,73909.0,서울,수도권,B,0,R&D 중심(추정)
877,2023,2023-12-31,6.16,NPS 적용일(하한),1,2017,연구개발유형,재확인,콘텐츠·미디어,콘텐츠,73909.0,서울,수도권,B,0,R&D 중심(추정)
877,2024,2024-12-31,7.16,NPS 적용일(하한),1,2017,연구개발유형,재확인,콘텐츠·미디어,콘텐츠,73909.0,서울,수도권,B,0,R&D 중심(추정)
878,2021,2021-12-31,3.25,NPS 적용일(하한),1,2018,혁신성장유형,재확인,콘텐츠·미디어,게임,58219.0,대전,충청권,B,0,성장·안정(추정)
878,2022,2022-12-31,4.25,NPS 적용일(하한),1,2018,혁신성장유형,재확인,콘텐츠·미디어,게임,58219.0,대전,충청권,B,0,성장·안정(추정)
878,2023,2023-12-31,5.25,NPS 적용일(하한),1,2018,혁신성장유형,재확인,콘텐츠·미디어,게임,58219.0,대전,충청권,B,0,성장·안정(추정)
878,2024,2024-12-31,6.25,NPS 적용일(하한),1,2018,혁신성장유형,재확인,콘텐츠·미디어,게임,58219.0,대전,충청권,B,0,성장·안정(추정)
879,2021,2021-12-31,0.59,NPS 적용일(하한),1,2021,혁신성장유형,재확인,콘텐츠·미디어,게임,58212.0,충남,충청권,B,0,성장·안정(추정)
879,2022,2022-12-31,1.59,NPS 적용일(하한),1,2021,혁신성장유형,재확인,콘텐츠·미디어,게임,58212.0,충남,충청권,B,0,성장·안정(추정)
879,2023,2023-12-31,2.58,NPS 적용일(하한),1,2021,혁신성장유형,재확인,콘텐츠·미디어,게임,58212.0,충남,충청권,B,0,성장·안정(추정)
879,2024,2024-12-31,3.59,NPS 적용일(하한),1,2021,혁신성장유형,재확인,콘텐츠·미디어,게임,58212.0,충남,충청권,B,0,성장·안정(추정)
880,2021,2021-12-31,3.41,NPS 적용일(하한),1,2018,혁신성장유형,재확인,콘텐츠·미디어,디자인,73203.0,제주,제주권,B,0,성장·안정(추정)
880,2022,2022-12-31,4.41,NPS 적용일(하한),1,2018,혁신성장유형,재확인,콘텐츠·미디어,디자인,73203.0,제주,제주권,B,0,성장·안정(추정)
880,2023,2023-12-31,5.41,NPS 적용일(하한),1,2018,혁신성장유형,재확인,콘텐츠·미디어,디자인,73203.0,제주,제주권,B,0,성장·안정(추정)
880,2024,2024-12-31,6.41,NPS 적용일(하한),1,2018,혁신성장유형,재확인,콘텐츠·미디어,디자인,73203.0,제주,제주권,B,0,성장·안정(추정)
881,2021,2021-12-31,3.39,DART 설립일,0,2018,혁신성장유형,재확인,콘텐츠·미디어,방송콘텐츠,60221.0,서울,수도권,A,1,성장·안정(추정)
881,2022,2022-12-31,4.39,DART 설립일,0,2018,혁신성장유형,재확인,콘텐츠·미디어,방송콘텐츠,60221.0,서울,수도권,A,1,성장·안정(추정)
881,2023,2023-12-31,5.39,DART 설립일,0,2018,혁신성장유형,재확인,콘텐츠·미디어,방송콘텐츠,60221.0,서울,수도권,A,1,성장·안정(추정)
881,2024,2024-12-31,6.4,DART 설립일,0,2018,혁신성장유형,재확인,콘텐츠·미디어,방송콘텐츠,60221.0,서울,수도권,A,1,성장·안정(추정)
882,2021,2021-12-31,4.91,NPS 적용일(하한),1,2017,혁신성장유형,재확인,콘텐츠·미디어,애니메이션,59112.0,전남,호남권,B,0,성장·안정(추정)
882,2022,2022-12-31,5.91,NPS 적용일(하한),1,2017,혁신성장유형,재확인,콘텐츠·미디어,애니메이션,59112.0,전남,호남권,B,0,성장·안정(추정)
882,2023,2023-12-31,6.91,NPS 적용일(하한),1,2017,혁신성장유형,재확인,콘텐츠·미디어,애니메이션,59112.0,전남,호남권,B,0,성장·안정(추정)
882,2024,2024-12-31,7.91,NPS 적용일(하한),1,2017,혁신성장유형,재확인,콘텐츠·미디어,애니메이션,59112.0,전남,호남권,B,0,성장·안정(추정)
883,2021,2021-12-31,7.34,NPS 적용일(하한),1,2014,혁신성장유형,재확인,콘텐츠·미디어,영상·OTT,60310.0,광주,호남권,B,0,성장·안정(추정)
883,2022,2022-12-31,8.34,NPS 적용일(하한),1,2014,혁신성장유형,재확인,콘텐츠·미디어,영상·OTT,60310.0,광주,호남권,B,0,성장·안정(추정)
883,2023,2023-12-31,9.34,NPS 적용일(하한),1,2014,혁신성장유형,재확인,콘텐츠·미디어,영상·OTT,60310.0,광주,호남권,B,0,성장·안정(추정)
883,2024,2024-12-31,10.34,NPS 적용일(하한),1,2014,혁신성장유형,재확인,콘텐츠·미디어,영상·OTT,60310.0,광주,호남권,B,0,성장·안정(추정)
884,2021,2021-12-31,0.5,NPS 적용일(하한),1,2021,혁신성장유형,신규,콘텐츠·미디어,영상제작,,경기,수도권,B,0,초기(추정)
884,2022,2022-12-31,1.5,NPS 적용일(하한),1,2021,혁신성장유형,신규,콘텐츠·미디어,영상제작,,경기,수도권,B,0,초기(추정)
884,2023,2023-12-31,2.5,NPS 적용일(하한),1,2021,혁신성장유형,신규,콘텐츠·미디어,영상제작,,경기,수도권,B,0,초기(추정)
884,2024,2024-12-31,3.5,NPS 적용일(하한),1,2021,혁신성장유형,신규,콘텐츠·미디어,영상제작,,경기,수도권,B,0,초기(추정)
885,2021,2021-12-31,4.84,NPS 적용일(하한),1,2017,혁신성장유형,재확인,콘텐츠·미디어,영상제작,59114.0,서울,수도권,B,0,성장·안정(추정)
885,2022,2022-12-31,5.83,NPS 적용일(하한),1,2017,혁신성장유형,재확인,콘텐츠·미디어,영상제작,59114.0,서울,수도권,B,0,성장·안정(추정)
885,2023,2023-12-31,6.83,NPS 적용일(하한),1,2017,혁신성장유형,재확인,콘텐츠·미디어,영상제작,59114.0,서울,수도권,B,0,성장·안정(추정)
885,2024,2024-12-31,7.84,NPS 적용일(하한),1,2017,혁신성장유형,재확인,콘텐츠·미디어,영상제작,59114.0,서울,수도권,B,0,성장·안정(추정)
886,2021,2021-12-31,0.95,NPS 적용일(하한),1,2021,혁신성장유형,신규,콘텐츠·미디어,영상제작,59111.0,인천,수도권,B,0,초기(추정)
886,2022,2022-12-31,1.95,NPS 적용일(하한),1,2021,혁신성장유형,신규,콘텐츠·미디어,영상제작,59111.0,인천,수도권,B,0,초기(추정)
886,2023,2023-12-31,2.95,NPS 적용일(하한),1,2021,혁신성장유형,신규,콘텐츠·미디어,영상제작,59111.0,인천,수도권,B,0,초기(추정)
886,2024,2024-12-31,3.95,NPS 적용일(하한),1,2021,혁신성장유형,신규,콘텐츠·미디어,영상제작,59111.0,인천,수도권,B,0,초기(추정)
887,2021,2021-12-31,3.99,NPS 적용일(하한),1,2018,혁신성장유형,신규,콘텐츠·미디어,영상제작,59111.0,경기,수도권,B,0,초기(추정)
887,2022,2022-12-31,4.99,NPS 적용일(하한),1,2018,혁신성장유형,신규,콘텐츠·미디어,영상제작,59111.0,경기,수도권,B,0,초기(추정)
887,2023,2023-12-31,5.99,NPS 적용일(하한),1,2018,혁신성장유형,신규,콘텐츠·미디어,영상제작,59111.0,경기,수도권,B,0,초기(추정)
887,2024,2024-12-31,7.0,NPS 적용일(하한),1,2018,혁신성장유형,신규,콘텐츠·미디어,영상제작,59111.0,경기,수도권,B,0,초기(추정)
888,2021,2021-12-31,5.0,NPS 적용일(하한),1,2017,혁신성장유형,신규,콘텐츠·미디어,영상제작·후반작업,59120.0,서울,수도권,B,0,초기(추정)
888,2022,2022-12-31,6.0,NPS 적용일(하한),1,2017,혁신성장유형,신규,콘텐츠·미디어,영상제작·후반작업,59120.0,서울,수도권,B,0,초기(추정)
888,2023,2023-12-31,7.0,NPS 적용일(하한),1,2017,혁신성장유형,신규,콘텐츠·미디어,영상제작·후반작업,59120.0,서울,수도권,B,0,초기(추정)
888,2024,2024-12-31,8.0,NPS 적용일(하한),1,2017,혁신성장유형,신규,콘텐츠·미디어,영상제작·후반작업,59120.0,서울,수도권,B,0,초기(추정)
889,2021,2021-12-31,0.33,NPS 적용일(하한),1,2021,혁신성장유형,신규,콘텐츠·미디어,영상제작·후반작업,59120.0,강원,강원권,B,0,초기(추정)
889,2022,2022-12-31,1.33,NPS 적용일(하한),1,2021,혁신성장유형,신규,콘텐츠·미디어,영상제작·후반작업,59120.0,강원,강원권,B,0,초기(추정)
889,2023,2023-12-31,2.33,NPS 적용일(하한),1,2021,혁신성장유형,신규,콘텐츠·미디어,영상제작·후반작업,59120.0,강원,강원권,B,0,초기(추정)
889,2024,2024-12-31,3.33,NPS 적용일(하한),1,2021,혁신성장유형,신규,콘텐츠·미디어,영상제작·후반작업,59120.0,강원,강원권,B,0,초기(추정)
890,2021,2021-12-31,3.58,NPS 적용일(하한),1,2018,혁신성장유형,신규,콘텐츠·미디어,영상제작·후반작업,59120.0,서울,수도권,B,0,초기(추정)
890,2022,2022-12-31,4.58,NPS 적용일(하한),1,2018,혁신성장유형,신규,콘텐츠·미디어,영상제작·후반작업,59120.0,서울,수도권,B,0,초기(추정)
890,2023,2023-12-31,5.58,NPS 적용일(하한),1,2018,혁신성장유형,신규,콘텐츠·미디어,영상제작·후반작업,59120.0,서울,수도권,B,0,초기(추정)
890,2024,2024-12-31,6.58,NPS 적용일(하한),1,2018,혁신성장유형,신규,콘텐츠·미디어,영상제작·후반작업,59120.0,서울,수도권,B,0,초기(추정)
891,2021,2021-12-31,2.0,NPS 적용일(하한),1,2020,혁신성장유형,신규,콘텐츠·미디어,웹툰·출판,58112.0,경기,수도권,B,0,초기(추정)
891,2022,2022-12-31,3.0,NPS 적용일(하한),1,2020,혁신성장유형,신규,콘텐츠·미디어,웹툰·출판,58112.0,경기,수도권,B,0,초기(추정)
891,2023,2023-12-31,4.0,NPS 적용일(하한),1,2020,혁신성장유형,신규,콘텐츠·미디어,웹툰·출판,58112.0,경기,수도권,B,0,초기(추정)
891,2024,2024-12-31,5.0,NPS 적용일(하한),1,2020,혁신성장유형,신규,콘텐츠·미디어,웹툰·출판,58112.0,경기,수도권,B,0,초기(추정)
