company_id,feature_year,period_end,fiscal_year_end_month,has_financial,financial_source,financial_period_end,financial_available_date,financial_available_date_is_estimated,financial_available_date_source,n_financial_years,financial_src_mixed,revenue_growth_1y,revenue_cagr_3y,revenue_cagr_best,revenue_cagr_years,asset_growth_1y,asset_cagr_3y,operating_margin,operating_margin_change_1y,net_margin,roa,liabilities_to_assets,current_ratio,cash_ratio,borrowings_to_assets,operating_cashflow_margin,operating_cashflow_positive,rd_to_revenue,revenue_log,turned_profitable_1y,is_profitable,pre_revenue,equity_negative,revenue_base_small,equity_change_ex_net_income
78,2021,2021-12-31,12,1,C_FSC,2021-12-31,2022-04-30,1.0,estimated_fy_plus_4m,1,0.0,0.7964266377910125,,0.3253244556153776,2.0,1.8208751139471289,,0.0717299578059071,0.025438674644023,0.0745931283905967,0.0799806107610276,0.8082081111649702,,,,,,,22.61577520927461,0.0,1.0,0.0,0.0,0.0,-0.0013673655423883
78,2022,2022-12-31,12,1,C_FSC,2022-12-31,2023-04-30,1.0,estimated_fy_plus_4m,2,0.0,0.4085292344786015,0.35249840941839,0.35249840941839,3.0,0.2302472127968977,0.8243371919657299,0.1096608537498662,0.0379308959439591,0.1014229164437787,0.1245074862096138,0.7194641449960599,,,,,,,22.958321273146854,0.0,1.0,0.0,0.0,0.0,0.0001615769914364
78,2023,2023-12-31,12,0,,,,,,2,,,,,,,,,,,,,,,,,,,,,,,,,
78,2024,2024-12-31,12,0,,,,,,2,,,,,,,,,,,,,,,,,,,,,,,,,
101,2021,2021-12-31,12,1,C_FSC,2021-12-31,2022-04-30,1.0,estimated_fy_plus_4m,1,0.0,6.403100775193798,,2.693623849670827,2.0,6.386430678466077,,0.0146596858638743,3.2472178253987583,0.0120418848167539,0.0091853035143769,0.1968849840255591,,,,,,,21.37036907900495,1.0,1.0,0.0,0.0,0.0,5.772861356932153
101,2022,2022-12-31,12,1,B_VENTUREIN,2022-12-31,2023-04-30,1.0,estimated_fy_plus_4m,2,1.0,0.9099403141361256,1.9646610146309813,1.9646610146309813,3.0,3.600552715654952,2.942413399574267,-0.033354842918805,-0.0480145287826794,-0.0170718856925437,-0.0054061777547217,0.0495948535146145,20.32397691854477,3.994499489527442,8.680718319024039e-08,,,0.1556478012799391,22.017441071431836,0.0,0.0,0.0,0.0,0.0,3.594145766773163
101,2023,2023-12-31,12,1,B_VENTUREIN,2023-12-31,2024-04-30,1.0,estimated_fy_plus_4m,3,0.0,0.167643187227144,1.5463291133997927,1.5463291133997927,3.0,-0.3288789963422925,1.8358406456057792,-0.8047021912663932,-0.7713473483475881,-0.748337968412596,-0.4123024603394389,0.0785706534160616,10.184109455537392,2.342728453533912,0.0,,,0.5510819697686091,22.172428418778452,0.0,0.0,0.0,0.0,0.0,-0.0553097176127607
101,2024,2024-12-31,12,0,,,,,,3,,,,,,,,,,,,,,,,,,,,,,,,,
102,2021,2021-12-31,12,1,C_FSC,2021-12-31,2022-04-30,1.0,estimated_fy_plus_4m,1,0.0,-0.1456609894566098,,0.9131598681313832,2.0,-0.2524425287356322,,-0.7190051262578318,-0.835631241424093,-0.7191949876590089,-0.7280415145108591,0.6513549875072073,,,,,,,22.384726777447664,0.0,0.0,0.0,0.0,0.0,0.0
102,2022,2022-12-31,12,1,C_FSC,2022-12-31,2023-04-30,1.0,estimated_fy_plus_4m,2,0.0,-0.1891019555724321,0.4371086138402988,0.4371086138402988,3.0,0.814145685181626,1.023051995395813,-1.4443924139545774,-0.7253872876967457,-1.3954577382346054,-0.6314228202140058,0.4856446657484903,,,,,,,22.175113828805745,0.0,0.0,0.0,0.0,0.0,1.7299634826061887
102,2023,2023-12-31,12,1,A_DART,2023-12-31,2025-04-08,0.0,dart_rcept_dt_restated_report,3,1.0,0.2090111795832356,-0.0573678042315601,-0.0573678042315601,3.0,0.236840008687361,0.1881650056712538,-0.6090155866286876,0.8353768273258898,-0.5958760823730743,-0.2635580773673924,0.5084367695335659,1.882661048793628,0.7061239755690326,0.2278463760391724,-1.0768846063626476,0.0,0.2144980503375802,22.364916647362755,0.0,0.0,0.0,0.0,0.0,0.4196089106896917
102,2024,2024-12-31,12,1,A_DART,2024-12-31,2025-04-08,0.0,dart_rcept_dt,4,0.0,0.6245653300423637,0.1678253999684877,0.1678253999684877,3.0,-0.215828014713807,0.2072549722288832,-0.2734742677345328,0.3355413188941548,-0.2471194601484335,-0.226440018241906,0.5995789177169724,1.509850223306454,0.4858509593209626,0.2905566384853918,-0.177347241572958,0.0,0.1196819950476734,22.850156938158136,0.0,0.0,0.0,0.0,0.0,3.683230890858802e-06
103,2021,2021-12-31,12,1,C_FSC,2021-12-31,2022-04-30,1.0,estimated_fy_plus_4m,1,0.0,-0.3714285714285714,,1.449489742783178,2.0,0.0634278002699055,,-7.015151515151516,-3.0818181818181825,-2.560606060606061,-0.2144670050761421,0.7690355329949239,,,,,,,18.0051652999907,0.0,0.0,0.0,0.0,0.0,0.2860998650472334
103,2022,2022-12-31,12,0,,,,,,1,,,,,,,,,,,,,,,,,,,,,,,,,
103,2023,2023-12-31,12,0,,,,,,1,,,,,,,,,,,,,,,,,,,,,,,,,
103,2024,2024-12-31,12,0,,,,,,1,,,,,,,,,,,,,,,,,,,,,,,,,
104,2021,2021-12-31,12,1,C_FSC,2021-12-31,2022-04-30,1.0,estimated_fy_plus_4m,1,0.0,0.0513307984790873,,0.2159809314575822,2.0,0.4151359294636296,,-1.8553345388788427,-1.385752789829413,-1.8282097649186255,-0.5249221183800623,0.2284527518172378,,,,,,,20.130868559486608,0.0,0.0,0.0,0.0,0.0,1.147685525349008
104,2022,2022-12-31,12,1,A_DART,2022-12-31,2024-03-20,0.0,dart_rcept_dt_restated_report,2,1.0,0.1631499222423147,0.1981092147302108,0.1981092147302108,3.0,-0.5693961412253374,0.2127196531864277,-2.2405995525273674,-0.3852650136485247,-2.2404012477143445,-1.737610503008362,0.94604689221046,1.1647653506456397,0.943148775806638,0.4340061785193849,-2.156755671569501,0.0,,20.28200033463957,0.0,0.0,0.0,0.0,0.0,-9.304413291796468e-05
104,2023,2023-12-31,12,1,A_DART,2023-12-31,2024-03-20,0.0,dart_rcept_dt,3,0.0,1.1871446085557529,0.3880896857757983,0.3880896857757983,3.0,0.0518196106336852,-0.1378044449620938,-0.5370708114653807,1.7035287410619868,-0.5482502079303964,-0.8841819949946881,0.9961607565780404,1.1374315589677373,0.9384982686968552,0.357254519651128,-0.4840943612399592,0.0,,21.064597196030164,0.0,0.0,0.0,0.0,0.0,0.8800850454363014
104,2024,2024-12-31,12,1,A_DART,2024-12-31,2025-03-13,0.0,dart_rcept_dt,4,0.0,0.6411593886505935,0.6102302657432743,0.6102302657432743,3.0,1.4987449016158094,0.0421103295328524,-0.3491905752706893,0.1878802361946913,-0.3435436657348617,-0.3638929551456442,0.3584299501978644,3.8793863784121054,3.294725115739712,0.1598043171486371,-0.3774126039722602,0.0,,21.560000132398,0.0,0.0,0.0,0.0,0.0,2.508556313954616
105,2021,2021-12-31,12,1,A_DART,2021-12-31,2022-04-08,0.0,dart_rcept_dt,1,0.0,-0.0962328776282556,,0.0891575363921264,2.0,0.4756051868167548,,0.0142241373338438,-0.027307315842692,-0.8314326357237242,-0.6429716441927069,1.9719473007383048,0.1482930777139619,0.1108946840837942,0.0363658887580042,0.0082220838608716,1.0,,23.835774953625933,0.0,1.0,0.0,1.0,0.0,-1.014973500248915
105,2022,2022-12-31,12,1,A_DART,2022-12-31,2023-04-13,0.0,dart_rcept_dt,2,0.0,-0.1930619654101313,-0.0144608917510994,-0.0144608917510994,3.0,-0.2138687417371518,0.0467506885253017,-0.1215160571983645,-0.1357401945322084,-0.3221683112268106,-0.2557364866710923,2.4775086380085303,0.0925372242783426,0.0580606129912711,0.0656470798845028,-0.0593595109691707,0.0,,23.6212665550708,0.0,0.0,0.0,1.0,0.0,0.0114740220968978
105,2023,2023-12-31,12,1,A_DART,2023-12-31,2024-04-11,0.0,dart_rcept_dt,3,0.0,-0.19918723809585,-0.1641226253225537,-0.1641226253225537,3.0,-0.1220529198061025,0.0061078225591093,-0.0893808377506252,0.0321352194477392,-0.4107642522155582,-0.2974165706040124,2.981959042026714,0.0952287931502484,0.0582449797271268,0.0747733905214474,0.1249015690350882,1.0,,23.399138440406432,0.0,0.0,0.0,1.0,0.0,-0.0014305062396425
105,2024,2024-12-31,12,1,A_DART,2024-12-31,2025-04-03,0.0,dart_rcept_dt,4,0.0,-0.0930435050002794,-0.1631405159227327,-0.1631405159227327,3.0,-0.167060595386416,-0.1685063491755617,0.0133991863995141,0.1027800241501394,0.1626748599010561,0.1282525501047948,0.9481923034172152,0.436046581324411,0.266494347772418,0.0897705044416,0.1204354604907118,1.0,,23.30147764456734,1.0,1.0,0.0,0.0,0.0,1.918285111248318
106,2021,2021-12-31,12,0,,,,,,0,,,,,,,,,,,,,,,,,,,,,,,,,
106,2022,2022-12-31,12,0,,,,,,0,,,,,,,,,,,,,,,,,,,,,,,,,
106,2023,2023-12-31,12,1,B_VENTUREIN,2023-12-31,2024-04-30,1.0,estimated_fy_plus_4m,1,,,,,,,,,,,0.003476125816112,0.1820442328081695,10.355972421203438,3.4557888610315186,0.1488067558267145,,,,,,0.0,1.0,0.0,,
106,2024,2024-12-31,12,1,B_VENTUREIN,2024-12-31,2025-04-30,1.0,estimated_fy_plus_4m,2,0.0,,,,,2.494053310020275,,-299.1227707903135,,-247.24347662849635,-0.2804598288578063,0.0751360438832689,54.11886952311789,53.617090292907285,0.059978982537619,,,4.317439459357988,15.488298785899136,0.0,0.0,1.0,0.0,1.0,3.393509793344618
107,2021,2021-12-31,12,0,,,,,,0,,,,,,,,,,,,,,,,,,,,,,,,,
107,2022,2022-12-31,12,1,B_VENTUREIN,2022-12-31,2023-04-30,1.0,estimated_fy_plus_4m,1,,,,,,,,-9.038456187048183,,-8.731514473246424,-0.8752428597416773,0.7098781153356376,1.609525349522924,1.2806534636242584,0.6233703232065976,,,0.0,18.92330281036767,,0.0,0.0,0.0,,
107,2023,2023-12-31,12,1,B_VENTUREIN,2023-12-31,2024-04-30,1.0,estimated_fy_plus_4m,2,0.0,2.004016817398143,,2.004016817398143,1.0,0.1052513492207871,,-1.7810056405929369,7.257450546455246,-1.5782564304974636,-0.429989520867738,0.6188723136936473,1.5879020163306117,1.4149540967978205,0.5640077468768345,,,0.0,20.02325314258882,0.0,0.0,0.0,0.0,0.0,0.6063671093323632
107,2024,2024-12-31,12,0,,,,,,2,,,,,,,,,,,,,,,,,,,,,,,,,
108,2021,2021-12-31,12,0,,,,,,0,,,,,,,,,,,,,,,,,,,,,,,,,
108,2022,2022-12-31,12,0,,,,,,0,,,,,,,,,,,,,,,,,,,,,,,,,
108,2023,2023-12-31,12,1,B_VENTUREIN,2023-12-31,2024-04-30,1.0,estimated_fy_plus_4m,1,,,,,,,,-0.0810449302599194,,-0.0994921452536651,-0.0455258038169635,0.270744981601687,3.8522329744669657,2.14057073270884,0.1391718046118808,,,0.294674215444165,22.852416049410728,,0.0,0.0,0.0,,
108,2024,2024-12-31,12,1,B_VENTUREIN,2024-12-31,2025-04-30,1.0,estimated_fy_plus_4m,2,0.0,-0.1843484540813031,,-0.1843484540813031,1.0,-0.0482671418391803,,-0.045089736910065,0.0359551933498544,-0.0227767951938888,-0.0089320479177911,0.2417024243844142,4.803348415173893,0.5255178033286323,0.2154226533931609,,,0.3838553033792768,22.64864800713025,0.0,0.0,0.0,0.0,0.0,0.0009426240727575
109,2021,2021-12-31,12,1,C_FSC,2021-12-31,2022-04-30,1.0,estimated_fy_plus_4m,1,,,,,,,,-6.3951890034364265,,-3.195876288659794,-0.1555444054189663,0.0168924569325974,,,,,,,19.488833825135767,,0.0,0.0,0.0,,
109,2022,2022-12-31,12,1,C_FSC,2022-12-31,2023-04-30,1.0,estimated_fy_plus_4m,2,0.0,1.536082474226804,,1.536082474226804,1.0,3.257066399063389,,-4.571815718157182,1.8233732852792448,-2.200542005420054,-0.0638038738066239,0.0074647389305779,,,,,,,20.419454382564748,0.0,0.0,0.0,0.0,0.0,3.513798294029102
109,2023,2023-12-31,12,1,C_FSC,2023-12-31,2024-04-30,1.0,estimated_fy_plus_4m,3,0.0,-0.5230352303523036,,0.0998281652727155,2.0,-0.0988881467803401,,-10.227272727272728,-5.655457009115545,-6.880681818181818,-0.1055981862574119,0.0118154865713289,,,,,,,19.67914173356237,0.0,0.0,0.0,0.0,0.0,-0.0069147055356932
109,2024,2024-12-31,12,1,C_FSC,2024-12-31,2025-04-30,1.0,estimated_fy_plus_4m,4,0.0,2.6079545454545454,0.6341938708767021,0.6341938708767021,3.0,-0.228461806766655,0.435761109471767,-4.965354330708662,5.261918396564065,-4.659842519685039,-0.3344258589511754,0.0530628390596745,,,,,,,20.96228273741691,0.0,0.0,0.0,0.0,0.0,0.0004359958144401
110,2021,2021-12-31,12,1,A_DART,2021-12-31,2022-04-12,0.0,dart_rcept_dt,1,0.0,0.5870570040547674,,0.981459281044978,2.0,0.5567381250129482,,-0.1967483785003825,0.1090067866570456,-0.1993387422986651,-0.4312686675947971,0.8177317929695855,0.8951720756539405,0.1298731601585199,0.1399021604418832,-0.1991178219408364,0.0,,25.184570043752277,0.0,0.0,0.0,0.0,0.0,1.1842410293092818
110,2022,2022-12-31,12,1,A_DART,2022-12-31,2023-05-11,0.0,dart_rcept_dt,2,0.0,-0.2419926614381838,0.4384051790357435,0.4384051790357435,3.0,-0.4658255577350789,0.2460260765499906,-0.4413510012604194,-0.2446026227600369,-0.4491910214237509,-1.3790422282343484,1.6789183751737142,0.5180879482887613,0.1406985468112199,0.7950642214460113,-0.4797164578209561,0.0,,24.90750783184561,0.0,0.0,0.0,1.0,0.0,0.1917200616946173
110,2023,2023-12-31,12,1,A_DART,2023-12-31,2024-11-05,0.0,dart_rcept_dt,3,0.0,-0.5050415086921226,-0.1587115914147607,-0.1587115914147607,3.0,-0.5233416018348964,-0.2654264182005512,-0.7128297436222149,-0.2714787423617954,-0.787098919059293,-2.5092119331063145,4.210240236543631,0.231841955696089,0.0533538883416023,1.3147731852546551,-0.4179783512641433,0.0,,24.20422645597237,0.0,0.0,0.0,1.0,0.0,0.344767346988883
110,2024,2024-12-31,12,1,A_DART,2024-12-31,2025-03-28,0.0,dart_rcept_dt,4,0.0,-0.0467201441457409,-0.2901702427001482,-0.2901702427001482,3.0,0.9478698455473832,-0.2084407476599823,0.1271738255079815,0.8400035691301964,0.058616120394622,0.0914503938617823,1.7200227049328596,0.5580660907577905,0.3122908842219549,0.5540880583980368,-0.0722802392064665,0.0,,24.15637969530486,1.0,1.0,0.0,1.0,0.0,1.6295962569286548
111,2021,2021-12-31,12,0,,,,,,0,,,,,,,,,,,,,,,,,,,,,,,,,
111,2022,2022-12-31,12,1,C_FSC,2022-12-31,2023-04-30,1.0,estimated_fy_plus_4m,1,,,,,,,,-0.4875389408099688,,0.2118380062305296,0.2193548387096774,0.3193548387096774,,,,,,,20.280098861654235,,0.0,0.0,0.0,,
111,2023,2023-12-31,12,1,C_FSC,2023-12-31,2024-04-30,1.0,estimated_fy_plus_4m,2,0.0,0.646417445482866,,0.646417445482866,1.0,0.5258064516129033,,0.0122989593188268,0.4998379001287957,0.3140964995269631,0.3509513742071881,0.2029598308668076,,,,,,,20.77870054383451,1.0,1.0,0.0,0.0,0.0,0.0
111,2024,2024-12-31,12,1,C_FSC,2024-12-31,2025-04-30,1.0,estimated_fy_plus_4m,3,0.0,0.2138126773888362,,0.4136627488907127,2.0,-0.0718816067653277,,-0.2852689010132502,-0.297567860332077,-0.2603273577552611,-0.3804100227790433,0.5216400911161732,,,,,,,20.972466922579912,0.0,0.0,0.0,0.0,0.0,0.0
112,2021,2021-12-31,12,1,C_FSC,2021-12-31,2022-04-30,1.0,estimated_fy_plus_4m,1,,,,,,,,-412.0642300264645,,-410.280523567699,-1.1006592674490585,0.1414792397336527,,,,,,,16.45320982296996,,0.0,0.0,0.0,,
112,2022,2022-12-31,12,1,A_DART,2022-12-31,2024-04-01,0.0,dart_rcept_dt_restated_report,2,1.0,44.73761354695658,,44.73761354695658,1.0,2.940865795958279,,-16.294607156698394,395.76962286976607,-16.148237552741477,-0.5027811400551545,0.0761628080389943,16.33740798207993,1.5345710890821411,0.0097380524216084,-15.124730468631949,0.0,5.999127454233379,20.276130835891195,0.0,0.0,0.0,0.0,0.0,4.76359062826319
112,2023,2023-12-31,12,1,A_DART,2023-12-31,2024-04-01,0.0,dart_rcept_dt,3,0.0,2.5236581097659214,,11.695027093160268,2.0,-0.5218679457055269,,-5.059713620785614,11.23489353591278,-4.995870381835476,-1.1463333152641195,0.2142135713042613,3.582921128149248,1.1225089370537455,0.0101834339845482,-4.451346916060544,0.0,1.6944306370303888,21.535630521598545,0.0,0.0,0.0,0.0,0.0,-2.88096385672316e-05
112,2024,2024-12-31,12,0,,,,,,3,,,,,,,,,,,,,,,,,,,,,,,,,
113,2021,2021-12-31,12,1,A_DART,2021-12-31,2023-04-06,0.0,dart_rcept_dt_restated_report,1,,,,,,,,-8.365127977570728,,-15.929748027148914,-1.4854028183218129,3.206695042989102,0.1611227068434929,0.1440981108171881,0.2354008734201799,-5.617043009543831,0.0,,19.28640327428508,,0.0,0.0,1.0,,
113,2022,2022-12-31,12,1,A_DART,2022-12-31,2023-04-06,0.0,dart_rcept_dt,2,0.0,5.1024386302833005,,5.1024386302833005,1.0,1.250324506087115,,-2.428339235603074,5.9367887419676535,-3.5247038643558555,-0.8912842720618639,2.546585453586075,0.3426251241192911,0.085375502896252,0.0871729361637332,-1.8267902850544069,0.0,,21.095091741031705,0.0,0.0,0.0,1.0,0.0,0.7320547353373287
113,2023,2023-12-31,12,1,A_DART,2023-12-31,2024-04-04,0.0,dart_rcept_dt,3,0.0,0.1183548051317022,,1.612411063595975,2.0,-0.1413692245725841,,-2.6070309852725884,-0.1786917496695141,-2.624455592477855,-0.8643825568833124,3.618861539680282,0.2229234665570979,0.1477432607208069,0.3053799824986653,-2.708270892464763,0.0,,21.20695042242263,0.0,0.0,0.0,1.0,0.0,0.040135804116009
113,2024,2024-12-31,12,0,,,,,,3,,,,,,,,,,,,,,,,,,,,,,,,,
114,2021,2021-12-31,12,1,C_FSC,2021-12-31,2022-04-30,1.0,estimated_fy_plus_4m,1,,,,,,,,-4.2,,0.1,0.0129870129870129,0.3831168831168831,,,,,,,16.811242831518264,,0.0,0.0,0.0,,
114,2022,2022-12-31,12,1,C_FSC,2022-12-31,2023-04-30,1.0,estimated_fy_plus_4m,2,0.0,1.25,,1.25,1.0,0.2727272727272727,,-6.444444444444445,-2.2444444444444445,-2.8,-0.6428571428571429,0.6479591836734694,,,,,,,17.622173047734595,0.0,0.0,0.0,0.0,0.0,0.6493506493506493
114,2023,2023-12-31,12,0,,,,,,2,,,,,,,,,,,,,,,,,,,,,,,,,
114,2024,2024-12-31,12,0,,,,,,2,,,,,,,,,,,,,,,,,,,,,,,,,
115,2021,2021-12-31,12,1,A_DART,2021-12-31,2022-04-04,0.0,dart_rcept_dt,1,0.0,0.0336181130909358,,1.26143964323614,2.0,-0.2459426675438042,,-18.355172337479548,-6.493210308095032,-36.118824215343416,-0.8788323194434214,3.3787045381766085,0.249173284850391,0.2456007830272415,,-12.700468198444396,0.0,,19.35953680491391,0.0,0.0,0.0,1.0,0.0,0.1769321979127064
115,2022,2022-12-31,12,1,A_DART,2022-12-31,2023-04-07,0.0,dart_rcept_dt,2,0.0,-0.8381950682062667,-0.0611693656685903,-0.0611693656685903,3.0,-0.4486074387032831,0.2552339831826546,-114.02805492912827,-95.67288259164874,-35.14127081706673,-0.2509115945967102,5.521829080006336,0.1214043425415086,0.1186922044078358,,-96.96075211232645,0.0,,17.538173010893445,0.0,0.0,0.0,1.0,0.0,0.0237524068096613
115,2023,2023-12-31,12,1,A_DART,2023-12-31,2024-04-12,0.0,dart_rcept_dt,3,0.0,8.495203737673085,0.1666808013327125,0.1666808013327125,3.0,-0.0227716049819314,-0.2593373421369694,-10.792124661301315,103.23593026782696,-16.652624044024208,-1.1552983553998295,6.4252754656164415,0.0973347039839612,0.0945163228967907,,-8.952726486785997,0.0,,19.78895981229169,0.0,0.0,0.0,1.0,0.0,0.3490862018254652
115,2024,2024-12-31,12,0,,,,,,3,,,,,,,,,,,,,,,,,,,,,,,,,
116,2021,2021-12-31,12,1,C_FSC,2021-12-31,2022-04-30,1.0,estimated_fy_plus_4m,1,0.0,-0.2701806118687799,,0.0403186595290441,2.0,-0.0652298302498569,,0.0169191919191919,-0.015793672069013,0.0159090909090909,0.0257090389716384,0.6904713323811467,,,,,,,22.792657042772746,0.0,1.0,0.0,0.0,0.0,0.0
116,2022,2022-12-31,12,1,C_FSC,2022-12-31,2023-04-30,1.0,estimated_fy_plus_4m,2,0.0,-0.0930555555555555,-0.0061874263835968,-0.0061874263835968,3.0,0.2519893899204244,0.0688491797257611,0.0119727133509675,-0.0049464785682243,0.0084922734233607,0.009941329856584,0.7428292046936115,,,,,,,22.69498296003908,0.0,1.0,0.0,0.0,0.0,0.0
116,2023,2023-12-31,12,1,C_FSC,2023-12-31,2024-04-30,1.0,estimated_fy_plus_4m,3,0.0,0.4900459418070444,-0.0045978370337295,-0.0045978370337295,3.0,-0.0462842242503259,0.0373090173574364,0.0099971970475567,-0.0019755163034108,0.0091563113145846,0.0167464114832535,0.7423103212576897,,,,,,,23.09378991294865,0.0,1.0,0.0,0.0,0.0,-0.0273794002607561
116,2024,2024-12-31,12,1,C_FSC,2024-12-31,2025-04-30,1.0,estimated_fy_plus_4m,4,0.0,-0.3669064748201439,-0.0506724775566447,-0.0506724775566447,3.0,-0.2665755297334244,-0.0432649816724038,0.0157910271546635,0.0057938301071067,0.0100354191263282,0.015843429636533,0.6330382106244176,,,,,,,22.636652794296165,0.0,1.0,0.0,0.0,0.0,-0.0001708817498291
117,2021,2021-12-31,12,1,C_FSC,2021-12-31,2022-04-30,1.0,estimated_fy_plus_4m,1,0.0,,,,,84.52173913043478,,-4.163265306122449,,-3.377551020408163,-0.1682765632943569,0.1108286731062531,,,,,,,18.400478036634848,0.0,0.0,0.0,0.0,1.0,90.08695652173913
117,2022,2022-12-31,12,1,C_FSC,2022-12-31,2023-04-30,1.0,estimated_fy_plus_4m,2,0.0,7.918367346938776,,7.918367346938776,1.0,5.927300457549568,,-3.188787185354691,0.974478120767758,-3.122425629290618,-0.2002788786144136,0.0444738000880669,,,,,,,20.58859093361981,0.0,0.0,0.0,0.0,0.0,7.117437722419929
117,2023,2023-12-31,12,1,C_FSC,2023-12-31,2024-04-30,1.0,estimated_fy_plus_4m,3,0.0,0.2025171624713959,,2.2748266818136145,2.0,-0.4053280493174812,6.0627310349011285,-5.666983824928639,-2.478196639573948,-4.966698382492864,-0.6442058496853017,0.0375169690238183,,,,,,,20.773007928841224,0.0,0.0,0.0,0.0,0.0,-7.338910905621606e-05
117,2024,2024-12-31,12,0,,,,,,3,,,,,,,,,,,,,,,,,,,,,,,,,
118,2021,2021-12-31,12,1,C_FSC,2021-12-31,2022-04-30,1.0,estimated_fy_plus_4m,1,0.0,-0.9242424242424242,,-0.9242424242424242,1.0,0.804953560371517,,-83.8,-81.05757575757576,-73.4,-0.6295025728987993,0.7066895368782161,,,,,,,15.424948470398377,0.0,0.0,1.0,0.0,0.0,1.5510835913312693
118,2022,2022-12-31,12,1,C_FSC,2022-12-31,2023-04-30,1.0,estimated_fy_plus_4m,2,0.0,,,,,0.0874785591766724,2.6535520752024677,,,,0.0615141955835962,0.668769716088328,,,,,,,,0.0,0.0,1.0,0.0,1.0,0.0
118,2023,2023-12-31,12,1,C_FSC,2023-12-31,2024-04-30,1.0,estimated_fy_plus_4m,3,0.0,,-0.2764553148806332,-0.2764553148806332,3.0,0.3233438485804416,0.3746320945943255,-14.52,,-5.6,-0.166865315852205,0.9165673420738976,,,,,,,17.034386382832476,0.0,0.0,0.0,0.0,1.0,0.0
118,2024,2024-12-31,12,0,,,,,,3,,,,,,,,,,,,,,,,,,,,,,,,,
119,2021,2021-12-31,12,1,C_FSC,2021-12-31,2022-04-30,1.0,estimated_fy_plus_4m,1,0.0,,,,,10.0,,,,,-0.3110047846889952,0.0239234449760765,,,,,,,,0.0,0.0,1.0,0.0,1.0,13.157894736842104
119,2022,2022-12-31,12,0,,,,,,1,,,,,,,,,,,,,,,,,,,,,,,,,
119,2023,2023-12-31,12,1,C_FSC,2023-12-31,2024-04-30,1.0,estimated_fy_plus_4m,2,,,,,,,2.2471766198888536,,,,-0.916433525585056,0.7828990248041615,,,,,,,,,0.0,1.0,0.0,,
119,2024,2024-12-31,12,0,,,,,,2,,,,,,,,,,,,,,,,,,,,,,,,,
120,2021,2021-12-31,12,0,,,,,,0,,,,,,,,,,,,,,,,,,,,,,,,,
120,2022,2022-12-31,12,1,B_VENTUREIN,2022-12-31,2023-04-30,1.0,estimated_fy_plus_4m,1,,,,,,,,-0.0351747853954178,,0.069451992079637,0.1245608163627617,0.5725809063526736,0.6550300996267793,0.2014145305725685,0.2399091224244256,,,0.1768233405244414,21.81862851802107,,0.0,0.0,0.0,,
120,2023,2023-12-31,12,1,B_VENTUREIN,2023-12-31,2024-04-30,1.0,estimated_fy_plus_4m,2,0.0,0.0075290935558596,,0.0075290935558596,1.0,1.210172986472724,,-0.1348617772084994,-0.0996869918130815,0.0008719518610878,0.0007128868062209,0.8060098501580861,0.4452062308029837,0.0990831842576028,0.5464007357360903,,,0.0181460252172328,21.82612940942136,0.0,0.0,0.0,0.0,0.0,-0.0002441075320668
120,2024,2024-12-31,12,1,B_VENTUREIN,2024-12-31,2025-04-30,1.0,estimated_fy_plus_4m,3,0.0,-0.3428287685032533,,-0.1862929672290492,2.0,0.3655060478689786,,0.046379310606072,0.1812410878145715,0.0012980368329315,0.0005107401499191,0.8574248004685295,0.124720961113892,0.0054272188762242,0.5032638680358742,,,0.0,21.406318741293557,1.0,1.0,0.0,0.0,0.0,0.0
121,2021,2021-12-31,12,1,C_FSC,2021-12-31,2022-04-30,1.0,estimated_fy_plus_4m,1,0.0,-0.2034739454094293,,0.0592549137741225,2.0,-0.2831732479544646,,-0.4188615123194562,-0.3317872962129821,-0.297649391107335,-0.5215880893300248,1.4754342431761789,,,,,,,21.98484695389266,0.0,0.0,0.0,1.0,0.0,0.0
121,2022,2022-12-31,12,1,C_FSC,2022-12-31,2023-04-30,1.0,estimated_fy_plus_4m,2,0.0,0.1945624468988955,0.1025626527971095,0.1025626527971095,3.0,1.0560794044665012,0.3404856282138351,-0.2614983404457088,0.1573631718737473,-0.2342342342342342,-0.2384745353608496,0.6010137581462708,,,,,,,22.162626919002992,0.0,0.0,0.0,0.0,0.0,1.7861042183622828
121,2023,2023-12-31,12,0,,,,,,2,,,,,,,,,,,,,,,,,,,,,,,,,
121,2024,2024-12-31,12,0,,,,,,2,,,,,,,,,,,,,,,,,,,,,,,,,
122,2021,2021-12-31,12,0,,,,,,0,,,,,,,,,,,,,,,,,,,,,,,,,
122,2022,2022-12-31,12,1,C_FSC,2022-12-31,2023-04-30,1.0,estimated_fy_plus_4m,1,,,,2.244049753059139,2.0,,,0.0679748992029399,,0.0572022739410889,0.090755359254446,0.2525288890449931,,,,,,,23.10660938140828,,1.0,0.0,0.0,,
122,2023,2023-12-31,12,1,A_DART,2023-12-31,2025-03-31,0.0,dart_rcept_dt_restated_report,2,1.0,0.978073720539171,1.7508853802195166,1.7508853802195166,3.0,1.8272023226850715,1.588665843671209,-0.1758316081593463,-0.2438065073622862,-0.2005336868669771,-0.2226034595521937,0.5337952146524287,1.5455883470481175,0.1851685211146625,0.3131036273928408,-0.4375375176556588,0.0,,23.78873288415653,0.0,0.0,0.0,0.0,0.0,1.199929158910236
122,2024,2024-12-31,12,1,A_DART,2024-12-31,2025-03-31,0.0,dart_rcept_dt,3,0.0,0.0305782134995813,,0.4277813842054843,2.0,0.0794770648320373,,-0.2106020550613913,-0.0347704469020449,-0.2159627800728488,-0.2288711323043908,0.7950484684935321,0.8398788313147644,0.2978169271192876,0.7983529456139843,-0.0778713211763076,0.0,0.0004524844091844,23.81885290121727,0.0,0.0,0.0,0.0,0.0,0.0020968304405902
123,2021,2021-12-31,12,1,C_FSC,2021-12-31,2022-04-30,1.0,estimated_fy_plus_4m,1,0.0,0.0235902034395016,,2.040978837201027,2.0,-0.1298715024291392,,-0.1202811426575518,-0.2442582049207448,-0.1776735774841318,-0.1499361819957867,0.6698899526085482,,,,,,,22.67854326147974,0.0,0.0,0.0,0.0,0.0,-0.0665090540645865
123,2022,2022-12-31,12,1,A_DART,2022-12-31,2024-04-02,0.0,dart_rcept_dt_restated_report,2,1.0,0.8344489373508943,1.5694734884302926,1.5694734884302926,3.0,1.5912594228444688,0.457662040486205,0.010508099961834,0.1307892426193859,0.0294560125881333,0.0175975533515167,0.9109153621216364,1.0808435291408658,0.8355345316526342,0.0783529642984357,0.8788456092494279,1.0,0.0070846076938573,23.285287391264443,1.0,1.0,0.0,0.0,0.0,-0.1448684659995803
123,2023,2023-12-31,12,1,A_DART,2023-12-31,2024-04-02,0.0,dart_rcept_dt,3,0.0,0.1327914034204549,0.2860580265052992,0.2860580265052992,3.0,0.3435349712790623,0.4469307757553558,0.0984273886705502,0.0879192887087161,0.0998179389905666,0.0502791470417063,0.780642250539984,1.297933975469785,0.7981320824761201,0.0583185149425941,-0.0949753819543469,0.0,0.0067366034648461,23.409972246404525,0.0,1.0,0.0,0.0,0.0,0.1380783773656238
123,2024,2024-12-31,12,1,A_DART,2024-12-31,2025-03-28,0.0,dart_rcept_dt,4,0.0,-0.286052703348067,0.1405313881772509,0.1405313881772509,3.0,-0.3901054402287008,0.2853010916032246,-0.2228000625857933,-0.3212274512563436,-0.1919128711789084,-0.1131604849490059,0.7534954478608383,1.3422079707897232,1.0666536061569398,0.095620651157247,-0.3317397789609637,0.0,0.0604140133298769,23.07302611282459,0.0,0.0,0.0,0.0,0.0,0.0
124,2021,2021-12-31,12,0,,,,,,0,,,,,,,,,,,,,,,,,,,,,,,,,
124,2022,2022-12-31,12,0,,,,,,0,,,,,,,,,,,,,,,,,,,,,,,,,
124,2023,2023-12-31,12,1,B_VENTUREIN,2023-12-31,2024-04-30,1.0,estimated_fy_plus_4m,1,,,,,,,,-0.8592936752732285,,-0.8580623072233251,-0.6235646922477558,1.4877088985261155,0.4251533814334379,0.3210858026448211,1.3095375804547151,,,0.0,19.62354193066031,,0.0,0.0,1.0,,
124,2024,2024-12-31,12,1,B_VENTUREIN,2024-12-31,2025-04-30,1.0,estimated_fy_plus_4m,2,0.0,0.0804804137396648,,0.0804804137396648,1.0,3.605514899263822,,-2.2967700689348454,-1.4374763936616168,-2.164857126973538,-0.3690886059272816,0.0522595409501071,17.62117433688506,2.659460439809567,0.0,,,0.0,19.700947700426727,0.0,0.0,0.0,0.0,0.0,6.55238477706214
125,2021,2021-12-31,12,1,C_FSC,2021-12-31,2022-04-30,1.0,estimated_fy_plus_4m,1,,,,,,,,-2.320198251971861,,-2.3093924536346195,-0.0735602966948806,0.063151042388711,,,,,,,21.0649388119668,,0.0,0.0,0.0,,
125,2022,2022-12-31,12,0,,,,,,1,,,,,,,,,,,,,,,,,,,,,,,,,
125,2023,2023-12-31,12,0,,,,,,1,,,,,,,,,,,,,,,,,,,,,,,,,
125,2024,2024-12-31,12,0,,,,,,1,,,,,,,,,,,,,,,,,,,,,,,,,
126,2021,2021-12-31,12,1,C_FSC,2021-12-31,2022-04-30,1.0,estimated_fy_plus_4m,1,0.0,11.009507526792044,,11.009507526792044,1.0,4.619887149040314,,0.0381944444444444,2.5259972883625466,0.0989583333333333,0.1149193548387096,0.6633064516129032,,,,,,,20.171618218660164,1.0,1.0,0.0,0.0,0.0,0.7584128350971017
126,2022,2022-12-31,12,1,C_FSC,2022-12-31,2023-04-30,1.0,estimated_fy_plus_4m,2,0.0,1.3541666666666663,,4.317178039397992,2.0,0.9375,,0.2839233038348082,0.2457288593903638,0.2890855457227139,0.4079084287200832,0.4183142559833507,,,,,,,21.027805026464616,0.0,1.0,0.0,0.0,0.0,0.0
126,2023,2023-12-31,12,0,,,,,,2,,,,,,,,,,,,,,,,,,,,,,,,,
126,2024,2024-12-31,12,1,C_FSC,2024-12-31,2025-04-30,1.0,estimated_fy_plus_4m,3,,,0.5054375692687543,0.5054375692687543,3.0,,0.8982740186102394,0.2705959338862151,,0.4058404716423318,0.2350756793575573,0.2240803395188813,,,,,,,21.398869017589917,,1.0,0.0,0.0,,
127,2021,2021-12-31,12,0,,,,,,0,,,,,,,,,,,,,,,,,,,,,,,,,
127,2022,2022-12-31,12,0,,,,,,0,,,,,,,,,,,,,,,,,,,,,,,,,
127,2023,2023-12-31,12,1,B_VENTUREIN,2023-12-31,2024-04-30,1.0,estimated_fy_plus_4m,1,,,,,,,,0.2626104510821612,,0.2802377502887667,0.2375848084854928,0.0985675691165688,6.159314880349678,0.1114697891708187,0.0,,,0.2945665235751358,21.26321405132263,,1.0,0.0,0.0,,
127,2024,2024-12-31,12,1,B_VENTUREIN,2024-12-31,2025-04-30,1.0,estimated_fy_plus_4m,2,0.0,0.4890769838651962,,0.4890769838651962,1.0,0.2607071639330978,,0.237089718190905,-0.0255207328912561,0.245953049820479,0.2462902232136558,0.0406586205869489,15.5627590461319,6.544059530005976,0.0,,,0.0,21.66137050541078,0.0,1.0,0.0,0.0,0.0,-0.0024837300120752
128,2021,2021-12-31,12,0,,,,,,0,,,,,,,,,,,,,,,,,,,,,,,,,
128,2022,2022-12-31,12,0,,,,,,0,,,,,,,,,,,,,,,,,,,,,,,,,
128,2023,2023-12-31,12,1,B_VENTUREIN,2023-12-31,2024-04-30,1.0,estimated_fy_plus_4m,1,,,,,,,,0.0193756246312823,,0.0148672347051201,0.025232136570825,0.4502009335753375,2.416110989252029,0.0447521386268918,0.3922680577335424,,,0.0922582087662538,21.341740655345323,,1.0,0.0,0.0,,
128,2024,2024-12-31,12,1,B_VENTUREIN,2024-12-31,2025-04-30,1.0,estimated_fy_plus_4m,2,0.0,0.4592130251953699,,0.4592130251953699,1.0,0.2593849009504911,,0.0106788488420262,-0.008696775789256,0.0056371975286124,0.0110852960822466,0.5533782998867366,1.739738024101075,0.6682110403181041,0.4868933871576685,,,0.0674385014536053,21.719637921901207,0.0,1.0,0.0,0.0,0.0,-0.0012901810002331
129,2021,2021-12-31,12,0,,,,,,0,,,,,,,,,,,,,,,,,,,,,,,,,
129,2022,2022-12-31,12,0,,,,,,0,,,,,,,,,,,,,,,,,,,,,,,,,
129,2023,2023-12-31,12,1,B_VENTUREIN,2023-12-31,2024-04-30,1.0,estimated_fy_plus_4m,1,,,,,,,,-0.0614325589367906,,-0.0707973875560247,-0.1550965614414789,0.8320004164742891,1.598875968753655,0.0601935352814079,0.5741558928124901,,,0.1095905833588175,21.66598231281702,,0.0,0.0,0.0,,
129,2024,2024-12-31,12,1,B_VENTUREIN,2024-12-31,2025-04-30,1.0,estimated_fy_plus_4m,2,0.0,-0.2318035641589516,,-0.2318035641589516,1.0,0.1792512167791347,,-0.1672980316625742,-0.1058654727257835,-0.1822398294452406,-0.2600723561037707,0.900836386768632,0.730886691360019,0.0349572481912696,0.6807777231781974,,,0.0754716981132075,21.40227251011219,0.0,0.0,0.0,0.0,0.0,0.2556298704235833
130,2021,2021-12-31,12,0,,,,,,0,,,,,,,,,,,,,,,,,,,,,,,,,
130,2022,2022-12-31,12,1,B_VENTUREIN,2022-12-31,2023-04-30,1.0,estimated_fy_plus_4m,1,,,,,,,,0.0063055806645269,,0.0047479887372018,0.0048012168982921,0.6959634930512342,2.4188930621500955,1.4113811919778896,0.2420936181981608,,,0.3025899239255145,20.41027552911409,,1.0,0.0,0.0,,
130,2023,2023-12-31,12,1,B_VENTUREIN,2023-12-31,2024-04-30,1.0,estimated_fy_plus_4m,2,0.0,0.8790794481283597,,0.8790794481283597,1.0,0.3311982299661204,,0.0341193080511465,0.0278137273866196,0.0333973757177477,0.0476712345843167,0.724114325366486,4.264859686866942,1.5326402738736475,0.3550904996177243,,,0.5638917392601649,21.0410575307848,0.0,1.0,0.0,0.0,0.0,-0.0002378483025651
130,2024,2024-12-31,12,0,,,,,,2,,,,,,,,,,,,,,,,,,,,,,,,,
131,2021,2021-12-31,12,0,,,,,,0,,,,,,,,,,,,,,,,,,,,,,,,,
131,2022,2022-12-31,12,0,,,,,,0,,,,,,,,,,,,,,,,,,,,,,,,,
131,2023,2023-12-31,12,0,,,,,,0,,,,,,,,,,,,,,,,,,,,,,,,,
131,2024,2024-12-31,12,0,,,,,,0,,,,,,,,,,,,,,,,,,,,,,,,,
132,2021,2021-12-31,12,0,,,,,,0,,,,,,,,,,,,,,,,,,,,,,,,,
132,2022,2022-12-31,12,0,,,,,,0,,,,,,,,,,,,,,,,,,,,,,,,,
132,2023,2023-12-31,12,1,B_VENTUREIN,2023-12-31,2024-04-30,1.0,estimated_fy_plus_4m,1,,,,,,,,0.0199214993847512,,0.013752203793754,0.0225050920919486,0.6987175311279906,10.956652009805827,0.7342309039262228,0.6615144974427348,,,0.0,20.84587012057528,,1.0,0.0,0.0,,
132,2024,2024-12-31,12,1,B_VENTUREIN,2024-12-31,2025-04-30,1.0,estimated_fy_plus_4m,2,0.0,-0.1089198248111128,,-0.1089198248111128,1.0,-0.0340283477880705,,0.0032571899415274,-0.0166643094432237,0.0174613574768442,0.0263596050180511,0.6652319672217135,6.872938076416338,0.9146508563899868,0.6083585229989015,,,0.0,20.73054924839267,0.0,1.0,0.0,0.0,0.0,-0.0033686703523713
133,2021,2021-12-31,12,1,C_FSC,2021-12-31,2022-04-30,1.0,estimated_fy_plus_4m,1,,,,,,,,0.3232157506152584,,0.3059885151763741,0.4067611777535441,0.1515812431842966,,,,,,,20.921296687445544,,1.0,0.0,0.0,,
133,2022,2022-12-31,12,1,C_FSC,2022-12-31,2023-04-30,1.0,estimated_fy_plus_4m,2,0.0,0.0328137817883511,,0.0328137817883511,1.0,0.2475463467829879,,0.0071485305798252,-0.3160672200354331,0.0182684670373312,0.0201048951048951,0.2998251748251748,,,,,,,20.95358359200862,0.0,1.0,0.0,0.0,0.0,0.0
133,2023,2023-12-31,12,1,C_FSC,2023-12-31,2024-04-30,1.0,estimated_fy_plus_4m,3,0.0,0.0540111199364574,,0.0433586204314162,2.0,0.0201048951048952,,0.0625470987189148,0.0553985681390895,0.0798794272795779,0.0908311910882605,0.2227934875749785,,,,,,,21.00618659229648,0.0,1.0,0.0,0.0,0.0,0.0
133,2024,2024-12-31,12,0,,,,,,3,,,,,,,,,,,,,,,,,,,,,,,,,
134,2021,2021-12-31,12,1,C_FSC,2021-12-31,2022-04-30,1.0,estimated_fy_plus_4m,1,0.0,0.1756652533542635,,0.6120517685512563,2.0,1.0696666209107133,,0.1788132623977775,0.057493409091425,0.1948330686916929,0.5165791575050709,0.0766376453081063,,,,,,,22.52108441265812,0.0,1.0,0.0,0.0,0.0,0.0454529339414329
134,2022,2022-12-31,12,1,C_FSC,2022-12-31,2023-04-30,1.0,estimated_fy_plus_4m,2,0.0,-0.0386757812726488,0.3568836752780804,0.3568836752780804,3.0,0.5702455380869094,1.2184511665358038,0.0346372565914182,-0.1441760058063592,0.0923660175771152,0.1499300699300699,0.2755244755244755,,,,,,,22.481640862154883,0.0,1.0,0.0,0.0,0.0,-0.0211849182637784
134,2023,2023-12-31,12,1,C_FSC,2023-12-31,2024-04-30,1.0,estimated_fy_plus_4m,3,0.0,0.7191108047561605,0.2478215418018821,0.2478215418018821,3.0,0.353006993006993,0.6382845474019123,0.0384923817161186,0.0038551251247004,0.0446070569366479,0.0919991730411412,0.3727517056026462,,,,,,,23.023448045324148,0.0,1.0,0.0,0.0,0.0,-0.0002797202797202
134,2024,2024-12-31,12,0,,,,,,3,,,,,,,,,,,,,,,,,,,,,,,,,
135,2021,2021-12-31,12,1,C_FSC,2021-12-31,2022-04-30,1.0,estimated_fy_plus_4m,1,0.0,1.4807532133676091,,1.4807532133676091,1.0,0.6630986486486488,,0.0722021361370261,-0.0254842391843106,0.0747342263782974,0.1172014466646027,0.7828215485096608,,,,,,,21.38079931127505,0.0,1.0,0.0,0.0,0.0,5.540540540540541e-05
135,2022,2022-12-31,12,1,C_FSC,2022-12-31,2023-04-30,1.0,estimated_fy_plus_4m,2,0.0,-0.0518288354664652,,0.5336814086501389,2.0,0.1031719527128212,,0.1427839966775865,0.0705818605405604,0.1313101948365979,0.1769927213320507,0.6261407444835475,,,,,,,21.32757907155557,0.0,1.0,0.0,0.0,0.0,-8.125503273358994e-07
135,2023,2023-12-31,12,1,C_FSC,2023-12-31,2024-04-30,1.0,estimated_fy_plus_4m,3,0.0,0.4157699884425914,0.4933250008916501,0.4933250008916501,3.0,0.5027333674114252,0.4022142750044184,0.164361376103305,0.0215773794257184,0.1504130687511289,0.1910087687051823,0.5356973056695145,,,,,,,21.67525261609215,0.0,1.0,0.0,0.0,0.0,0.036828645631547
135,2024,2024-12-31,12,0,,,,,,3,,,,,,,,,,,,,,,,,,,,,,,,,
136,2021,2021-12-31,12,1,C_FSC,2021-12-31,2022-04-30,1.0,estimated_fy_plus_4m,1,0.0,0.0693003053300529,,-0.0993737403481574,2.0,0.2199733478333141,,-0.0596621462109487,-0.0476232466813654,-0.0776190601099448,-0.0478348625124416,0.7567600647543653,,,,,,,20.09538566211469,0.0,0.0,0.0,0.0,0.0,0.0
136,2022,2022-12-31,12,1,C_FSC,2022-12-31,2023-04-30,1.0,estimated_fy_plus_4m,2,0.0,0.7780792247649526,0.1298308776893078,0.1298308776893078,3.0,0.2366605776625152,0.3040095741256328,0.1338250790305584,0.1934872252415072,0.1296101159114857,0.1148459383753501,0.6862745098039216,,,,,,,20.670919356574203,1.0,1.0,0.0,0.0,0.0,0.0027065661942492
136,2023,2023-12-31,12,1,C_FSC,2023-12-31,2024-04-30,1.0,estimated_fy_plus_4m,3,0.0,0.6436512118018967,0.4620205854231816,0.4620205854231816,3.0,-0.0924313725490195,0.1104357744094228,-0.0364015194012148,-0.1702265984317733,-0.0532136617889827,-0.0853945346016382,0.7398802065007829,,,,,,,21.16783947242809,0.0,0.0,0.0,0.0,0.0,-0.0001475256769374
136,2024,2024-12-31,12,0,,,,,,3,,,,,,,,,,,,,,,,,,,,,,,,,
138,2021,2021-12-31,12,0,,,,,,0,,,,,,,,,,,,,,,,,,,,,,,,,
138,2022,2022-12-31,12,1,B_VENTUREIN,2022-12-31,2023-04-30,1.0,estimated_fy_plus_4m,1,,,,,,,,0.0302367764713503,,0.0411578617778209,0.0901666972189534,0.8036473517080699,3.299379350834521,2.061477815985909,0.4139342081142931,,,0.0,19.73029922327434,,1.0,0.0,0.0,,
138,2023,2023-12-31,12,1,B_VENTUREIN,2023-12-31,2024-04-30,1.0,estimated_fy_plus_4m,2,0.0,0.8020681501635734,,0.8020681501635734,1.0,1.630723379595409,,0.0147148914881602,-0.0155218849831901,0.0261300164913431,0.0392129095776604,0.5377597054479982,6.07202692163263,1.934891244692221,0.3821263759359286,,,0.0821331799533569,20.31923420092603,0.0,1.0,0.0,0.0,0.0,0.9165094702233472
138,2024,2024-12-31,12,0,,,,,,2,,,,,,,,,,,,,,,,,,,,,,,,,
139,2021,2021-12-31,12,0,,,,,,0,,,,,,,,,,,,,,,,,,,,,,,,,
139,2022,2022-12-31,12,1,B_VENTUREIN,2022-12-31,2023-04-30,1.0,estimated_fy_plus_4m,1,,,,,,,,0.7021225806451613,,0.7223071528751753,0.4215821439511408,0.284872813585717,3.1961438019682715,0.0542740131631881,0.1146037420086401,,,0.0649615708274894,21.994429890812672,,1.0,0.0,0.0,,
139,2023,2023-12-31,12,0,,,,,,1,,,,,,,,,,,,,,,,,,,,,,,,,
139,2024,2024-12-31,12,0,,,,,,1,,,,,,,,,,,,,,,,,,,,,,,,,
140,2021,2021-12-31,12,0,,,,,,0,,,,,,,,,,,,,,,,,,,,,,,,,
140,2022,2022-12-31,12,0,,,,,,0,,,,,,,,,,,,,,,,,,,,,,,,,
140,2023,2023-12-31,12,1,B_VENTUREIN,2023-12-31,2024-04-30,1.0,estimated_fy_plus_4m,1,,,,,,,,-5.174998421858751,,-8.578177795054271,-0.2179285047014235,0.0827157569068943,1.1684190808676715,0.6826670522801283,0.0435471697842472,,,0.0353395661606647,20.908871993531584,,0.0,0.0,0.0,,
140,2024,2024-12-31,12,1,B_VENTUREIN,2024-12-31,2025-04-30,1.0,estimated_fy_plus_4m,2,0.0,5.409964549963952,,5.409964549963952,1.0,0.2012393020914589,,-1.189721123963104,3.985277297895647,-1.232151187260148,-0.1670356187422923,0.0520934742455055,8.976448349315756,1.515813904333318,0.0005352469327557,,,0.1983035697625479,22.766725734022028,0.0,0.0,0.0,0.0,0.0,0.4220280804345689
141,2021,2021-12-31,12,0,,,,,,0,,,,,,,,,,,,,,,,,,,,,,,,,
141,2022,2022-12-31,12,1,B_VENTUREIN,2022-12-31,2023-04-30,1.0,estimated_fy_plus_4m,1,,,,,,,,0.0072882268224203,,0.0271539924148992,0.1817676887898263,0.2890725873349058,3.019376169681846,1.5611728009981285,0.0,,,0.0,21.341693242855037,,1.0,0.0,0.0,,
141,2023,2023-12-31,12,1,B_VENTUREIN,2023-12-31,2024-04-30,1.0,estimated_fy_plus_4m,2,0.0,0.2165546789424823,,0.2165546789424823,1.0,9.348607474410857,,0.0257469881759165,0.0184587613534961,0.043636350752502,0.0343384854305048,0.9007833571543332,1.0685756933382806,0.0084155081204952,0.0174257497515959,,,0.0,21.53771607284014,0.0,1.0,0.0,0.0,0.0,-0.039528827912546
141,2024,2024-12-31,12,0,,,,,,2,,,,,,,,,,,,,,,,,,,,,,,,,
142,2021,2021-12-31,12,1,C_FSC,2021-12-31,2022-04-30,1.0,estimated_fy_plus_4m,1,0.0,,,,,3.954545454545454,,0.2367601246105919,,0.2180685358255451,0.6422018348623854,0.4495412844036697,,,,,,,19.58695168109429,1.0,1.0,0.0,0.0,1.0,0.0454545454545454
142,2022,2022-12-31,12,1,C_FSC,2022-12-31,2023-04-30,1.0,estimated_fy_plus_4m,2,0.0,1.7943925233644862,,1.7943925233644862,1.0,5.73394495412844,,0.1505016722408027,-0.0862584523697892,0.1426978818283166,0.1743869209809264,0.2002724795640326,,,,,,,20.61456642002307,0.0,1.0,0.0,0.0,0.0,3.660550458715597
142,2023,2023-12-31,12,0,,,,,,2,,,,,,,,,,,,,,,,,,,,,,,,,
142,2024,2024-12-31,12,0,,,,,,2,,,,,,,,,,,,,,,,,,,,,,,,,
143,2021,2021-12-31,12,0,,,,,,0,,,,,,,,,,,,,,,,,,,,,,,,,
143,2022,2022-12-31,12,1,C_FSC,2022-12-31,2023-04-30,1.0,estimated_fy_plus_4m,1,,,,,,,,-0.0414338919925512,,-0.0870577281191806,-0.6493055555555556,0.1666666666666666,,,,,,,21.48780301359303,,0.0,0.0,0.0,,
143,2023,2023-12-31,12,1,C_FSC,2023-12-31,2024-04-30,1.0,estimated_fy_plus_4m,2,0.0,0.2844506517690874,,0.2844506517690874,1.0,0.1215277777777776,,0.0369699166364624,0.0784038086290137,0.0086988039144617,0.0743034055727554,0.1826625386996904,,,,,,,21.73813413218156,1.0,1.0,0.0,0.0,0.0,0.0
143,2024,2024-12-31,12,1,C_FSC,2024-12-31,2025-04-30,1.0,estimated_fy_plus_4m,3,0.0,0.0366074664733599,,0.1538939015093241,2.0,-0.1393188854489164,,-0.0223776223776223,-0.0593475390140848,0.0031468531468531,0.0323741007194244,0.0179856115107913,,,,,,,21.774087461778173,0.0,0.0,0.0,0.0,0.0,0.0
144,2021,2021-12-31,12,1,C_FSC,2021-12-31,2022-04-30,1.0,estimated_fy_plus_4m,1,0.0,20.46969696969697,,20.46969696969697,1.0,8.38888888888889,,0.0402258292166549,-0.050683261692436,0.0359915314043754,0.150887573964497,0.8047337278106509,,,,,,,21.071807797654955,0.0,1.0,0.0,0.0,0.0,0.0
144,2022,2022-12-31,12,0,,,,,,1,,,,,,,,,,,,,,,,,,,,,,,,,
144,2023,2023-12-31,12,0,,,,,,1,,,,,,,,,,,,,,,,,,,,,,,,,
144,2024,2024-12-31,12,0,,,,,,1,,,,,,,,,,,,,,,,,,,,,,,,,
145,2021,2021-12-31,12,0,,,,,,0,,,,,,,,,,,,,,,,,,,,,,,,,
145,2022,2022-12-31,12,0,,,,,,0,,,,,,,,,,,,,,,,,,,,,,,,,
145,2023,2023-12-31,12,0,,,,,,0,,,,,,,,,,,,,,,,,,,,,,,,,
145,2024,2024-12-31,12,1,B_VENTUREIN,2024-12-31,2025-04-30,1.0,estimated_fy_plus_4m,1,,,,,,,,0.0114078723488216,,0.0286804286918029,0.0574337162480171,0.225984741518062,3.3103347200724054,2.4328734296337053,0.1743162445308278,,,0.5240767736229657,21.267446543100935,,1.0,0.0,0.0,,
146,2021,2021-12-31,12,1,C_FSC,2021-12-31,2022-04-30,1.0,estimated_fy_plus_4m,1,0.0,0.3066666666666666,,0.4517323726225952,2.0,-0.0366868381240544,,0.1318027210884353,-0.0796787603930461,0.153344671201814,0.2124067530427954,0.3305850019630938,,,,,,,21.98399697509096,0.0,1.0,0.0,0.0,0.0,-0.037821482602118
146,2022,2022-12-31,12,1,C_FSC,2022-12-31,2023-04-30,1.0,estimated_fy_plus_4m,2,0.0,-0.0266439909297052,0.2706178312414673,0.2706178312414673,3.0,0.6937573616018846,0.9290133041294032,0.0457192778101339,-0.0860834432783014,0.0340710541642399,0.0271210013908205,0.4163189615206305,,,,,,,21.95699159942169,0.0,1.0,0.0,0.0,0.0,0.2732626619552414
146,2023,2023-12-31,12,1,C_FSC,2023-12-31,2024-04-30,1.0,estimated_fy_plus_4m,3,0.0,0.617355853232382,0.2717859917600842,0.2717859917600842,3.0,1.2088548910523875,0.5331875784747249,0.1784299603889089,0.1327106825787749,0.3039250990277277,0.1771434568160352,0.5691048378633645,,,,,,,22.43778422583102,0.0,1.0,0.0,0.0,0.0,-0.0231803430690774
146,2024,2024-12-31,12,1,C_FSC,2024-12-31,2025-04-30,1.0,estimated_fy_plus_4m,4,0.0,-0.0930860640979474,0.1260243742102231,0.1260243742102231,3.0,0.1700073459964319,0.6358205391420868,0.0301766924756799,-0.1482532679132289,0.0408973595394083,0.0184769934523275,0.6177235626513589,,,,,,,22.340076503709923,0.0,1.0,0.0,0.0,0.0,-0.0052471403085318
147,2021,2021-12-31,12,0,,,,,,0,,,,,,,,,,,,,,,,,,,,,,,,,
147,2022,2022-12-31,12,1,C_FSC,2022-12-31,2023-04-30,1.0,estimated_fy_plus_4m,1,,,,,,,,0.0817783064456174,,0.0752917998661809,0.1020621543655442,0.7841886801960117,,,,,,,19.880299913490447,,1.0,0.0,0.0,,
147,2023,2023-12-31,12,1,C_FSC,2023-12-31,2024-04-30,1.0,estimated_fy_plus_4m,2,0.0,4.383602984908185,,4.383602984908185,1.0,2.571564440749279,,0.0866332222114336,0.0048549157658162,0.0797963124790972,0.1630475995647596,0.7765275296582446,,,,,,,21.56365776331236,0.0,1.0,0.0,0.0,0.0,0.0
147,2024,2024-12-31,12,1,C_FSC,2024-12-31,2025-04-30,1.0,estimated_fy_plus_4m,3,0.0,1.6926678965595363,,2.8073947687735723,2.0,1.3903707478974257,,0.0616479893429954,-0.0249852328684382,0.0562763756696687,0.1295314520787668,0.751158477339143,,,,,,,22.55419024854182,0.0,1.0,0.0,0.0,0.0,0.06172283230725
148,2021,2021-12-31,12,0,,,,,,0,,,,,,,,,,,,,,,,,,,,,,,,,
148,2022,2022-12-31,12,1,B_VENTUREIN,2022-12-31,2023-04-30,1.0,estimated_fy_plus_4m,1,,,,,,,,-0.4924029125910808,,-0.4528026266711409,-0.2900142099987735,0.2247820461039954,13.4199481357188,13.284432725344493,0.1697849164678185,,,0.0,21.195296161057964,,0.0,0.0,0.0,,
148,2023,2023-12-31,12,1,B_VENTUREIN,2023-12-31,2024-04-30,1.0,estimated_fy_plus_4m,2,0.0,-0.3057478390714837,,-0.3057478390714837,1.0,-0.3756533223712202,,-0.8629378369661213,-0.3705349243750404,-0.8630447497297982,-0.6146601964111581,0.3730141971943457,5.923279502161899,5.073074074308541,0.2719401296610538,,,0.0,20.83037612086649,0.0,0.0,0.0,0.0,0.0,-3.994939211007496e-07
148,2024,2024-12-31,12,1,B_VENTUREIN,2024-12-31,2025-04-30,1.0,estimated_fy_plus_4m,3,0.0,0.2834526893052198,,-0.0560509531761449,2.0,-0.4208391880443601,,-0.3970155877683479,0.4659222491977733,-0.4127986582255088,-0.6515094935799844,0.5689331350578586,2.291273789662019,1.9875210436121784,0.4225874949455221,,,0.0,21.079929980826822,0.0,0.0,0.0,0.0,0.0,0.0
149,2021,2021-12-31,12,1,C_FSC,2021-12-31,2022-04-30,1.0,estimated_fy_plus_4m,1,0.0,27.90909090909091,,27.90909090909091,1.0,0.9551282051282052,,0.0157232704402515,0.9702687249857062,0.0125786163522012,0.0262295081967213,0.8229508196721311,,,,,,,20.2707091213044,1.0,1.0,0.0,0.0,0.0,0.0
149,2022,2022-12-31,12,1,C_FSC,2022-12-31,2023-04-30,1.0,estimated_fy_plus_4m,2,0.0,0.4182389937106918,,5.4031242374328485,2.0,0.5114754098360657,,-0.5698447893569845,-0.585568059797236,0.0909090909090909,0.1778741865509761,0.7049891540130152,,,,,,,20.6201250780269,0.0,0.0,0.0,0.0,0.0,0.0
149,2023,2023-12-31,12,0,,,,,,2,,,,,,,,,,,,,,,,,,,,,,,,,
149,2024,2024-12-31,12,0,,,,,,2,,,,,,,,,,,,,,,,,,,,,,,,,
150,2021,2021-12-31,12,0,,,,,,0,,,,,,,,,,,,,,,,,,,,,,,,,
150,2022,2022-12-31,12,0,,,,,,0,,,,,,,,,,,,,,,,,,,,,,,,,
150,2023,2023-12-31,12,1,B_VENTUREIN,2023-12-31,2024-04-30,1.0,estimated_fy_plus_4m,1,,,,,,,,-0.3172267989564189,,0.1526610032258479,0.517861658252461,0.5656482426081422,15.925480261769051,2.245936246569559,0.5054583344232564,,,0.3927964631340847,20.472352756686043,,0.0,0.0,0.0,,
150,2024,2024-12-31,12,1,B_VENTUREIN,2024-12-31,2025-04-30,1.0,estimated_fy_plus_4m,2,0.0,0.0555668367412509,,0.0555668367412509,1.0,-0.4827879358602108,,-0.5585078275861229,-0.241281028629704,-0.1337800093994345,-0.9261769292367346,1.0863826020988747,8.761480260693684,2.999101056258896,0.9772748345766428,,,0.4846918276056036,20.526430665338285,0.0,0.0,0.0,1.0,0.0,0.0
151,2021,2021-12-31,12,1,C_FSC,2021-12-31,2022-04-30,1.0,estimated_fy_plus_4m,1,0.0,0.0676156583629892,,0.5132998169159548,2.0,3.776387150604923,,-2.511111111111111,-1.5217872676947408,-2.578888888888889,-0.2027251288322124,0.1369551925932395,,,,,,,20.617905321288585,0.0,0.0,0.0,0.0,0.0,4.585314977054652
151,2022,2022-12-31,12,1,A_DART,2022-12-31,2024-04-09,0.0,dart_rcept_dt_restated_report,2,1.0,2.96256478,1.085813359365734,1.085813359365734,3.0,0.0040497229452354,1.5740735963271095,-1.843287175792801,0.66782393531831,-7.606492398255926,-2.3598290557078894,4.295937136465826,0.1758632234707974,0.1699814379011799,,-1.4463125423305032,0.0,,21.994796808623335,0.0,0.0,0.0,1.0,0.0,-1.8029438665385624
151,2023,2023-12-31,12,1,A_DART,2023-12-31,2024-04-09,0.0,dart_rcept_dt,3,0.0,1.273322900729966,1.1265918523075826,1.1265918523075826,3.0,1.390634301338293,1.2548758200399115,-1.0469812094807904,0.7963059663120107,0.0069964444281175,0.0020640560087851,2.342926460447479,0.3635505549187349,0.3456561023820322,,-0.7569025697845962,0.0,,22.816039402678356,0.0,0.0,0.0,1.0,0.0,0.0805566728507746
151,2024,2024-12-31,12,1,A_DART,2024-12-31,2025-04-08,0.0,dart_rcept_dt,4,0.0,0.2339383328828703,1.2317402837550508,1.2317402837550508,3.0,-0.1700423052335735,0.2582727007106429,-1.2353155090540602,-0.1883342995732697,-1.0815040659485398,-0.4743618407520744,3.0508623193124054,0.2364876201396701,0.1692275845291678,,-1.3479936183662844,0.0,,23.026250353560226,0.0,0.0,0.0,1.0,0.0,0.0344977574633788
251,2021,2021-12-31,12,1,C_FSC,2021-12-31,2022-04-30,1.0,estimated_fy_plus_4m,1,0.0,0.4572045929018788,,0.29845783667518,2.0,1.0904131396083383,,-0.6987497152582876,-0.2227580659889764,0.449947779444442,0.0949085014644359,0.4708941097402213,,,,,,,20.363731093390378,0.0,0.0,0.0,0.0,0.0,0.2121370814908401
251,2022,2022-12-31,12,1,C_FSC,2022-12-31,2023-04-30,1.0,estimated_fy_plus_4m,2,0.0,-0.1978564500623925,0.1058662392749916,0.1058662392749916,3.0,0.3161885139390363,0.5415221203608556,-1.7160924241422977,-1.01734270888401,-1.692945309583727,-0.2176305858134361,0.4712059495374855,,,,,,,20.143263396205107,0.0,0.0,0.0,0.0,0.0,0.4533296425277505
251,2023,2023-12-31,12,1,C_FSC,2023-12-31,2024-04-30,1.0,estimated_fy_plus_4m,3,0.0,0.3615289955116745,0.1675258560496029,0.1675258560496029,3.0,-0.1958775147626033,0.3030391862301629,-2.6556349335446194,-0.9395425094023218,-2.6921040618326257,-0.5859675070667847,0.6428367073066271,,,,,,,20.451871725850133,0.0,0.0,0.0,0.0,0.0,0.229598632144557
251,2024,2024-12-31,12,0,,,,,,3,,,,,,,,,,,,,,,,,,,,,,,,,
252,2021,2021-12-31,12,1,C_FSC,2021-12-31,2022-04-30,1.0,estimated_fy_plus_4m,1,,,,0.6125661561445928,2.0,,,0.026542800265428,,0.0039814200398142,0.0027322404371584,0.4098360655737705,,,,,,,21.13338675659077,,1.0,0.0,0.0,,
252,2022,2022-12-31,12,1,C_FSC,2022-12-31,2023-04-30,1.0,estimated_fy_plus_4m,2,0.0,-0.6031851360318514,0.0105109045545648,0.0105109045545648,3.0,0.6812386156648451,1.0045916055542166,-1.459866220735786,-1.486409021001214,-1.479933110367893,-0.2397074756229685,0.2109967497291441,,,,,,,20.209101311914907,0.0,0.0,0.0,0.0,0.0,1.139344262295082
252,2023,2023-12-31,12,1,C_FSC,2023-12-31,2024-04-30,1.0,estimated_fy_plus_4m,3,0.0,1.5234113712374584,,0.000663349990031,2.0,-0.3851570964247021,,-0.6381709741550696,0.8216952465807164,-0.6620278330019881,-0.4400881057268722,0.2955947136563877,,,,,,,21.134713016732125,0.0,0.0,0.0,0.0,0.0,-0.0853196099674973
252,2024,2024-12-31,12,1,C_FSC,2024-12-31,2025-04-30,1.0,estimated_fy_plus_4m,4,0.0,2.3386348575215377,0.4952539910560865,0.4952539910560865,3.0,0.5559471365638766,0.1716452055662978,0.0204446208813021,0.6586155950363717,0.0160778086542278,0.0229331823329558,0.2658550396375991,,,,,,,22.34027501487683,1.0,1.0,0.0,0.0,0.0,0.4022026431718061
253,2021,2021-12-31,12,0,,,,,,0,,,,,,,,,,,,,,,,,,,,,,,,,
253,2022,2022-12-31,12,1,B_VENTUREIN,2022-12-31,2023-04-30,1.0,estimated_fy_plus_4m,1,,,,0.1557744409562258,2.0,,,-1.341929374945821,,-1.0224606965594347,-0.217778611014058,0.1407823709927726,8.266825306029059,2.063631163482439,0.0946859409368037,,,1.3435186275969833,19.92452922564069,,0.0,0.0,0.0,,
253,2023,2023-12-31,12,1,B_VENTUREIN,2023-12-31,2024-04-30,1.0,estimated_fy_plus_4m,2,0.0,1.100229608110301,0.4103849001064883,0.4103849001064883,3.0,2.079232248516508,1.407038087667292,-0.9698112049377332,0.3721181700080876,-0.7245279065115723,-0.1052562877300704,0.0486072161296512,30.320546274356897,4.264809093908401,0.0245998829045573,,,0.8585111235523402,20.666575901588573,0.0,0.0,0.0,0.0,0.0,2.394450267629812
253,2024,2024-12-31,12,0,,,,,,2,,,,,,,,,,,,,,,,,,,,,,,,,
254,2021,2021-12-31,12,1,C_FSC,2021-12-31,2022-04-30,1.0,estimated_fy_plus_4m,1,0.0,0.5381456732125338,,2.314310080851897,2.0,0.6265518212301944,,0.0561056159170392,-0.1054608990639022,0.0609174043930898,0.0590719889211497,0.6681018813587328,,,,,,,20.239074029845305,0.0,1.0,0.0,0.0,0.0,0.0
254,2022,2022-12-31,12,1,C_FSC,2022-12-31,2023-04-30,1.0,estimated_fy_plus_4m,2,0.0,0.2041642661819716,1.3649611107302753,1.3649611107302753,3.0,0.1629645366632832,0.7616353643113125,0.1469002695417789,0.0907946536247397,0.137466307277628,0.1380243572395128,0.5764546684709067,,,,,,,20.424859801131653,0.0,1.0,0.0,0.0,0.0,0.000152648931064
254,2023,2023-12-31,12,1,C_FSC,2023-12-31,2024-04-30,1.0,estimated_fy_plus_4m,3,0.0,0.9743935309973046,0.5406558628406741,0.5406558628406741,3.0,0.7023004059539919,0.4766929206738315,0.0587030716723549,-0.088197197869424,0.0546075085324232,0.0635930047694753,0.6875993640699523,,,,,,,21.10512107941544,0.0,1.0,0.0,0.0,0.0,0.0
254,2024,2024-12-31,12,0,,,,,,3,,,,,,,,,,,,,,,,,,,,,,,,,
255,2021,2021-12-31,12,1,C_FSC,2021-12-31,2022-04-30,1.0,estimated_fy_plus_4m,1,0.0,0.6828229141743856,,0.759675482889479,2.0,0.2884070975289163,,0.0124293303354263,-0.0036608361204645,0.0518909392866294,0.1102853307106611,0.5667698612377161,,,,,,,21.80644667080854,0.0,1.0,0.0,0.0,0.0,0.1677746899790322
255,2022,2022-12-31,12,1,C_FSC,2022-12-31,2023-04-30,1.0,estimated_fy_plus_4m,2,0.0,0.2626685772568677,0.5753782541617538,0.5753782541617538,3.0,0.4310062873624662,0.2924794634640724,0.003485254691689,-0.0089440756437373,0.0214477211796246,0.0402212166918049,0.6561085972850679,,,,,,,22.039674070602132,0.0,1.0,0.0,0.0,0.0,0.0013238067213408
255,2023,2023-12-31,12,1,C_FSC,2023-12-31,2024-04-30,1.0,estimated_fy_plus_4m,3,0.0,0.1820375335120643,0.3593136736177298,0.3593136736177298,3.0,-0.016088486676722,0.2195985452815358,0.0206396008165116,0.0171543461248226,0.0328872760263098,0.0740929994890138,0.5763924374041901,,,,,,,22.20691374332221,0.0,1.0,0.0,0.0,0.0,0.0
255,2024,2024-12-31,12,0,,,,,,3,,,,,,,,,,,,,,,,,,,,,,,,,
256,2021,2021-12-31,12,0,,,,,,0,,,,,,,,,,,,,,,,,,,,,,,,,
256,2022,2022-12-31,12,0,,,,,,0,,,,,,,,,,,,,,,,,,,,,,,,,
256,2023,2023-12-31,12,1,B_VENTUREIN,2023-12-31,2024-04-30,1.0,estimated_fy_plus_4m,1,,,,,,,,-5.181375808931317,,-4.88858378919518,-0.7085792583924598,0.8284262333652395,0.83557299729973,0.1226325832583258,0.6702877614700103,,,2.185880796596232,19.449192404940987,,0.0,0.0,0.0,,
256,2024,2024-12-31,12,1,B_VENTUREIN,2024-12-31,2025-04-30,1.0,estimated_fy_plus_4m,2,0.0,-0.1075476420322499,,-0.1075476420322499,1.0,0.1868016432259425,,-4.05148832178198,1.129887487149337,-2.071948239253235,-0.225834961737061,0.7973070750957938,0.8120913864969387,0.052978802310615,0.6854753665272971,,,2.1708264893233444,19.33541025775957,0.0,0.0,0.0,0.0,0.0,0.3370038333992358
257,2021,2021-12-31,12,1,A_DART,2021-12-31,2022-04-04,0.0,dart_rcept_dt,1,0.0,-0.1295815552719578,,-0.1295815552719578,1.0,1.020874591191681,,-0.3732440104196651,-0.0672046518297291,-0.3345423815429468,-0.3355014363507679,0.630086732986456,2.801893790698469,0.2336600159952497,0.1421230194841004,-0.4277050804069058,0.0,,22.92416534776855,0.0,0.0,0.0,0.0,0.0,2.367262875761609
257,2022,2022-12-31,12,1,A_DART,2022-12-31,2023-04-07,0.0,dart_rcept_dt,2,0.0,0.6640919536396948,,0.2035183131849354,2.0,4.374573072018284,,-0.2930702817229393,0.0801737286967257,-0.4133258054175577,-0.1283420905124664,0.8268806527388527,1.0228687936985166,0.0180408615482347,0.1168231579482411,-0.4746419484785262,0.0,,23.433444949241533,0.0,0.0,0.0,0.0,0.0,1.2503132586964358
257,2023,2023-12-31,12,1,A_DART,2023-12-31,2024-03-29,0.0,dart_rcept_dt,3,0.0,0.8998863616769335,0.4013426621160649,0.4013426621160649,3.0,0.223649590391229,1.3687185884055235,-0.1668426576672134,0.1262276240557259,-0.4040848328741818,-0.1948137894164271,0.2118392173169337,2.61463176234779,0.5138631038412261,0.0640058550307055,-0.2692320395146838,0.0,,24.075239023981545,0.0,0.0,0.0,0.0,0.0,1.0296970852533915
257,2024,2024-12-31,12,1,A_DART,2024-12-31,2025-04-02,0.0,dart_rcept_dt,4,0.0,0.1003721313943128,0.5152402895646877,0.5152402895646877,3.0,-0.0406907932231035,0.8477925759017153,-0.2133208554175092,-0.0464781977502958,-0.210021771097957,-0.1161428372130868,0.2784969943246362,2.381991619669753,0.1879381354670761,0.0706822140013711,-0.1582540826994199,0.0,,24.170887447842453,0.0,0.0,0.0,0.0,0.0,0.015400586418218
258,2021,2021-12-31,12,1,C_FSC,2021-12-31,2022-04-30,1.0,estimated_fy_plus_4m,1,0.0,1.6009019165727172,,0.8228023556173973,2.0,0.6729095225534161,,-0.6339401820546163,1.029532196750344,-0.6859557867360208,-0.124763481551561,0.2410517187007253,,,,,,,22.252360996697973,0.0,0.0,0.0,0.0,0.0,0.5842126088103403
258,2022,2022-12-31,12,1,A_DART,2022-12-31,2024-04-12,0.0,dart_rcept_dt_restated_report,2,1.0,0.6590296378413525,0.766489670662015,0.766489670662015,3.0,0.553886774558499,1.340446859073205,-0.7789222052347634,-0.144982023180147,-0.7872288582408683,-0.1528717163124414,0.284068074788113,0.9047165119724204,0.4713512432007087,0.18518988447481,-0.8403537188452188,0.0,0.0145045091063736,22.75859387262998,0.0,0.0,0.0,0.0,0.0,0.5910742069536424
258,2023,2023-12-31,12,1,A_DART,2023-12-31,2024-04-12,0.0,dart_rcept_dt,3,0.0,0.3478987954718646,0.7983675941868249,0.7983675941868249,3.0,0.1037787138548655,0.420990843247029,-0.9675946321975398,-0.1886724269627764,-0.950658108076656,-0.2254372939393324,0.5729473581084676,0.3799857931872307,0.1181041949490436,0.4780526402106027,-0.8650672024034223,0.0,0.0055756127634719,23.057140804758507,0.0,0.0,0.0,0.0,0.0,0.0042725769627486
258,2024,2024-12-31,12,1,C_FSC,2024-12-31,2025-04-30,1.0,estimated_fy_plus_4m,4,1.0,0.8073351670056201,0.59288116252186,0.59288116252186,3.0,0.0553470549484256,0.2187058499316863,-0.518122695941962,0.4494719362555778,-0.5533338106013014,-0.2247149728554132,0.8120090391577419,,,,,,,23.648994281739736,0.0,0.0,0.0,0.0,0.0,0.0084953497960452
259,2021,2021-12-31,12,0,,,,,,0,,,,,,,,,,,,,,,,,,,,,,,,,
259,2022,2022-12-31,12,0,,,,,,0,,,,,,,,,,,,,,,,,,,,,,,,,
259,2023,2023-12-31,12,0,,,,,,0,,,,,,,,,,,,,,,,,,,,,,,,,
259,2024,2024-12-31,12,0,,,,,,0,,,,,,,,,,,,,,,,,,,,,,,,,
260,2021,2021-12-31,12,1,C_FSC,2021-12-31,2022-04-30,1.0,estimated_fy_plus_4m,1,,,,,,,,0.0103986135181975,,0.0675909878682842,0.1428571428571428,0.4139194139194139,,,,,,,20.17335282447237,,1.0,0.0,0.0,,
260,2022,2022-12-31,12,1,C_FSC,2022-12-31,2023-04-30,1.0,estimated_fy_plus_4m,2,0.0,0.3466204506065857,,0.3466204506065857,1.0,0.1794871794871795,,0.0373230373230373,0.0269244238048397,0.0592020592020592,0.1428571428571428,0.3571428571428571,,,,,,,20.47095090833192,0.0,1.0,0.0,0.0,0.0,0.0036630036630036
260,2023,2023-12-31,12,1,C_FSC,2023-12-31,2024-04-30,1.0,estimated_fy_plus_4m,3,0.0,0.7503217503217503,,0.5352586310211005,2.0,1.9627329192546583,,0.3426470588235294,0.3053240215004921,0.3367647058823529,0.480083857442348,0.1981132075471698,,,,,,,21.03075053669437,0.0,1.0,0.0,0.0,0.0,0.3105590062111801
260,2024,2024-12-31,12,0,,,,,,3,,,,,,,,,,,,,,,,,,,,,,,,,
262,2021,2021-12-31,12,1,C_FSC,2021-12-31,2022-04-30,1.0,estimated_fy_plus_4m,1,0.0,0.3498862031078324,,0.3498862031078324,1.0,0.5266165609836713,,-0.1062997095360456,0.2269444725720263,0.0700326418144167,0.0832797377927248,0.784584133476093,,,,,,,20.991167816848105,0.0,0.0,0.0,0.0,0.0,0.0
262,2022,2022-12-31,12,0,,,,,,1,,,,,,,,,,,,,,,,,,,,,,,,,
262,2023,2023-12-31,12,1,C_FSC,2023-12-31,2024-04-30,1.0,estimated_fy_plus_4m,2,,,0.1690066197054471,0.1690066197054471,3.0,,0.3678952426705979,-0.1845282804216045,,0.0509759916020379,0.042788762564743,0.7986532136334584,,,,,,,21.159610557490076,,0.0,0.0,0.0,,
262,2024,2024-12-31,12,0,,,,,,2,,,,,,,,,,,,,,,,,,,,,,,,,
263,2021,2021-12-31,12,1,C_FSC,2021-12-31,2022-04-30,1.0,estimated_fy_plus_4m,1,,,,,,,,0.0,,0.124401913875598,0.0720221606648199,0.6232686980609419,,,,,,,19.157844809929085,,0.0,0.0,0.0,,
263,2022,2022-12-31,12,1,C_FSC,2022-12-31,2023-04-30,1.0,estimated_fy_plus_4m,2,0.0,0.4545454545454546,,0.4545454545454546,1.0,-0.1994459833795013,,0.0098684210526315,0.0098684210526315,0.0592105263157894,0.0622837370242214,0.1245674740484429,,,,,,,19.532538259370497,0.0,1.0,0.0,0.0,0.0,0.2742382271468144
263,2023,2023-12-31,12,1,C_FSC,2023-12-31,2024-04-30,1.0,estimated_fy_plus_4m,3,0.0,0.9407894736842106,,0.6801685948669061,2.0,0.4325259515570934,,0.1745762711864406,0.1647078501338091,0.1745762711864406,0.2487922705314009,0.1400966183574879,,,,,,,20.19563309486404,0.0,1.0,0.0,0.0,0.0,0.0
263,2024,2024-12-31,12,0,,,,,,3,,,,,,,,,,,,,,,,,,,,,,,,,
264,2021,2021-12-31,12,0,,,,,,0,,,,,,,,,,,,,,,,,,,,,,,,,
264,2022,2022-12-31,12,0,,,,,,0,,,,,,,,,,,,,,,,,,,,,,,,,
264,2023,2023-12-31,12,1,C_FSC,2023-12-31,2024-04-30,1.0,estimated_fy_plus_4m,1,,,1.6504988434885894,1.6504988434885894,3.0,,0.4782521162079693,-2.7218749008282823,,-1.0066789863368837,-0.4298278620603394,0.0527180909000891,,,,,,,19.83079660664826,,0.0,0.0,0.0,,
264,2024,2024-12-31,12,0,,,,,,1,,,,,,,,,,,,,,,,,,,,,,,,,
265,2021,2021-12-31,12,0,,,,,,0,,,,,,,,,,,,,,,,,,,,,,,,,
265,2022,2022-12-31,12,0,,,,,,0,,,,,,,,,,,,,,,,,,,,,,,,,
265,2023,2023-12-31,12,1,B_VENTUREIN,2023-12-31,2024-04-30,1.0,estimated_fy_plus_4m,1,,,,,,,,-4.000502877304448,,-7.250362917925216,-0.7871165929241455,0.2479139167446553,7.645626905144521,2.7350128631034307,0.1928281386125004,,,0.5791681856056661,20.236260901039437,,0.0,0.0,0.0,,
265,2024,2024-12-31,12,1,B_VENTUREIN,2024-12-31,2025-04-30,1.0,estimated_fy_plus_4m,2,0.0,-0.3676732892407041,,-0.3676732892407041,1.0,-0.1533478126978243,,-7.098586510596023,-3.0980836332915755,-15.00399699388998,-1.216529888300624,0.307793998362708,0.4481914125428243,0.1713148691970835,0.2208171894377761,,,0.7718213217618687,19.777911830036825,0.0,0.0,0.0,0.0,0.0,0.8639493329427568
266,2021,2021-12-31,12,1,C_FSC,2021-12-31,2022-04-30,1.0,estimated_fy_plus_4m,1,0.0,1.4491017964071855,,1.203969642548,2.0,-0.2693561532192339,,-1.5452322738386308,-0.3775676031799482,-1.5364303178484109,-1.7523703290574455,0.8655883993307306,,,,,,,21.438663626441176,0.0,0.0,0.0,0.0,0.0,0.8158109209453953
266,2022,2022-12-31,12,1,A_DART,2022-12-31,2024-04-11,0.0,dart_rcept_dt_restated_report,2,1.0,0.0601354894865526,0.7268615908296274,0.7268615908296274,3.0,9.853259678750698,2.4743548108006896,-3.757203259745169,-2.211970985906538,-3.6546456089003407,-0.4071547180615963,0.1101598375337223,11.494604551218892,2.9839346451353275,,-3.3011972756671346,0.0,2.6227101536012736,21.49706034666717,0.0,0.0,0.0,0.0,0.0,13.942210639709984
266,2023,2023-12-31,12,1,A_DART,2023-12-31,2024-04-11,0.0,dart_rcept_dt,3,0.0,0.8100835199975149,0.6750287856131947,0.6750287856131947,3.0,-0.2120580999524924,0.8418462474170418,-1.9255991548711444,1.8316041048740248,-2.9050317785008084,-0.7434803734830503,2.526092279356247,0.2745260098780617,0.2051709589416905,,-1.8118580898665144,0.0,1.5197876922981366,22.090433334525358,0.0,0.0,0.0,1.0,0.0,-1.5064928745798052
266,2024,2024-12-31,12,1,A_DART,2024-12-31,2025-08-04,0.0,dart_rcept_dt,4,0.0,-0.0676331975803707,0.2139913617236215,0.2139913617236215,3.0,-0.272773271347252,0.8389704078180666,-3.3043892156910597,-1.3787900608199148,-4.976560205165761,-1.6329197897895025,4.691298338613354,0.1193439898241183,0.0776254073268303,0.5201438665705316,-2.4522963744282333,0.0,,22.02040435763041,0.0,0.0,0.0,1.0,0.0,0.0291843809660863
267,2021,2021-12-31,12,1,A_DART,2021-12-31,2022-04-14,0.0,dart_rcept_dt,1,0.0,,,,,-0.3526694965143857,,,,,-1.591676397780313,3.5935516667709893,0.1264037907213861,0.1163649279191549,,,0.0,,,0.0,0.0,1.0,1.0,1.0,0.0098839514130926
267,2022,2022-12-31,12,1,A_DART,2022-12-31,2023-04-14,0.0,dart_rcept_dt,2,0.0,,,,,0.7752484881004045,0.3336992702606129,,,,-1.0656125253522446,3.476569280497212,0.1286658539315935,0.0897091846633112,0.110211830491237,,0.0,,,0.0,0.0,1.0,1.0,1.0,0.0887528204248337
267,2023,2023-12-31,12,1,A_DART,2023-12-31,2024-04-12,0.0,dart_rcept_dt,3,0.0,,,,,0.7591292376254009,0.2644286378308922,-28.90131968706082,,-28.802101051619054,-0.4406069224189594,0.1124251157241499,3.911903158138728,3.3155660105051643,0.0571232943341009,-23.702041718194355,0.0,18.61944196813968,19.84401358552144,0.0,0.0,0.0,0.0,1.0,4.81301272953618
267,2024,2024-12-31,12,1,A_DART,2024-12-31,2025-03-25,0.0,dart_rcept_dt,4,0.0,4.572240164070534,,4.572240164070534,1.0,-0.0248441352208454,0.4494736068305012,-6.613518089899476,22.287801597161344,-8.903460745492488,-0.778290597660475,0.1281334334984767,3.099182308128063,2.3108551552285164,0.0623578961665568,-5.685554404469355,0.0,4.150798070312091,21.561810742461056,0.0,0.0,0.0,0.0,0.0,0.7215855521640605
268,2021,2021-12-31,12,1,C_FSC,2021-12-31,2022-04-30,1.0,estimated_fy_plus_4m,1,,,,,,,,-0.2548112002918642,,-0.2396251368113827,-0.5854106899144919,0.192769406456285,,,,,,,18.28956927808465,,0.0,0.0,0.0,,
268,2022,2022-12-31,12,0,,,,,,1,,,,,,,,,,,,,,,,,,,,,,,,,
268,2023,2023-12-31,12,0,,,,,,1,,,,,,,,,,,,,,,,,,,,,,,,,
268,2024,2024-12-31,12,0,,,,,,1,,,,,,,,,,,,,,,,,,,,,,,,,
269,2021,2021-12-31,12,0,,,,,,0,,,,,,,,,,,,,,,,,,,,,,,,,
269,2022,2022-12-31,12,1,B_VENTUREIN,2022-12-31,2023-04-30,1.0,estimated_fy_plus_4m,1,,,,,,,,-93.1231543624161,,-93.76013422818792,-1.3127050476187343,0.4360655475837327,0.513689008886568,0.3981602045028014,0.3993480760114429,,,70.24154362416107,17.210018951475632,,0.0,0.0,0.0,,
269,2023,2023-12-31,12,1,B_VENTUREIN,2023-12-31,2024-04-30,1.0,estimated_fy_plus_4m,2,0.0,9.026845637583891,,9.026845637583891,1.0,0.8682151349162239,,-4.553159303882196,88.5699950585339,-4.500505354752343,-0.3381797981007122,0.2441069117637443,0.6019377324117918,0.5767278036991813,0.2137591482628422,,,1.296040829986613,19.515285011222936,0.0,0.0,0.0,0.0,0.0,1.480028132897402
269,2024,2024-12-31,12,0,,,,,,2,,,,,,,,,,,,,,,,,,,,,,,,,
270,2021,2021-12-31,12,1,C_FSC,2021-12-31,2022-04-30,1.0,estimated_fy_plus_4m,1,0.0,,,,,0.1422044545973728,,-0.076797385620915,40.92153594771242,-0.0766051518646674,-0.019925,0.7769,,,,,,,16.15770090555068,0.0,0.0,0.0,0.0,1.0,-2.8555111364934324e-05
270,2022,2022-12-31,12,1,C_FSC,2022-12-31,2023-04-30,1.0,estimated_fy_plus_4m,2,0.0,2.8446751249519417,,2.8446751249519417,1.0,28.675,3.0368192129928757,-6.95,-6.873202614379085,-7.125,-0.2401010951979781,0.8112889637742208,,,,,,,17.50439001207821,0.0,0.0,0.0,0.0,0.0,12.5019
270,2023,2023-12-31,12,1,C_FSC,2023-12-31,2024-04-30,1.0,estimated_fy_plus_4m,3,0.0,2.025,,2.4102994374364872,2.0,0.5914069081718618,2.7783768533966424,-1.3471074380165289,5.602892561983471,-1.6198347107438016,-0.1037586024351508,0.9857067231339331,,,,,,,18.61130110356101,0.0,0.0,0.0,0.0,0.0,-0.0008424599831508
270,2024,2024-12-31,12,1,C_FSC,2024-12-31,2025-04-30,1.0,estimated_fy_plus_4m,4,0.0,28.50413223140496,6.000933582299679,6.000933582299679,3.0,1.5103229221810484,3.9124768800695433,-0.55406162464986,0.7930458133666689,-0.5647058823529412,-0.4251370729649937,0.4213412062420919,,,,,,,21.99583143273796,0.0,0.0,0.0,0.0,0.0,2.505558496559026
271,2021,2021-12-31,12,1,C_FSC,2021-12-31,2022-04-30,1.0,estimated_fy_plus_4m,1,0.0,0.0825147347740669,,1.0667166785646658,2.0,0.7776365946632782,,0.1978221415607985,0.1094134971600127,0.2105263157894736,0.082916368834882,0.4406719085060758,,,,,,,20.82039254767713,0.0,1.0,0.0,0.0,0.0,0.1842439644218551
271,2022,2022-12-31,12,1,C_FSC,2022-12-31,2023-04-30,1.0,estimated_fy_plus_4m,2,0.0,0.3675136116152451,0.8009342137472972,0.8009342137472972,3.0,0.7701929949964261,0.8613828262643508,0.2222959522229595,0.0244738106621609,0.2149966821499668,0.0654149000605693,0.2305673329295376,,,,,,,21.13338675659077,0.0,1.0,0.0,0.0,0.0,0.6869192280200143
271,2023,2023-12-31,12,0,,,,,,2,,,,,,,,,,,,,,,,,,,,,,,,,
271,2024,2024-12-31,12,0,,,,,,2,,,,,,,,,,,,,,,,,,,,,,,,,
272,2021,2021-12-31,12,1,C_FSC,2021-12-31,2022-04-30,1.0,estimated_fy_plus_4m,1,,,,,,,,-1.117834394904459,,-0.3726114649681528,-0.4398496240601504,0.1992481203007518,,,,,,,19.56490354387253,,0.0,0.0,0.0,,
272,2022,2022-12-31,12,1,C_FSC,2022-12-31,2023-04-30,1.0,estimated_fy_plus_4m,2,0.0,-0.3885350318471338,,-0.3885350318471338,1.0,11.87593984962406,,-7.583333333333333,-6.465498938428874,-6.96875,-0.3906569343065693,0.0154744525547445,,,,,,,19.073005929992057,0.0,0.0,0.0,0.0,0.0,16.906015037593985
272,2023,2023-12-31,12,1,C_FSC,2023-12-31,2024-04-30,1.0,estimated_fy_plus_4m,3,0.0,-0.5885416666666667,,-0.4984101708687684,2.0,0.92992700729927,,-15.658227848101266,-8.074894514767934,-9.620253164556962,-0.1149773071104387,0.0068078668683812,,,,,,,18.184958410431296,0.0,0.0,0.0,0.0,0.0,1.1541605839416058
272,2024,2024-12-31,12,0,,,,,,3,,,,,,,,,,,,,,,,,,,,,,,,,
273,2021,2021-12-31,12,1,C_FSC,2021-12-31,2022-04-30,1.0,estimated_fy_plus_4m,1,0.0,0.2691960318732065,,0.4519367087275687,2.0,-0.0285173833085209,,-6.828794913143533,3.1142324587736674,-3.922394449449938,-0.6161244203739895,0.5577868202239898,,,,,,,18.97601882409946,0.0,0.0,0.0,0.0,0.0,0.5688773097469131
273,2022,2022-12-31,12,1,C_FSC,2022-12-31,2023-04-30,1.0,estimated_fy_plus_4m,2,0.0,0.18197678088756,0.3557140764897126,0.3557140764897126,3.0,-0.1314543114079053,-0.2138824074791708,-6.662031529934988,0.1667633832085444,-3.3786214028733315,-0.7222257394585831,0.8193831090316749,,,,,,,19.143207098971267,0.0,0.0,0.0,0.0,0.0,0.341946894358427
273,2023,2023-12-31,12,1,C_FSC,2023-12-31,2024-04-30,1.0,estimated_fy_plus_4m,3,0.0,-0.6731209003558891,-0.2114275480975287,-0.2114275480975287,3.0,1.706344206437096,0.3168518294257267,-30.678782027478647,-24.016750497543654,-14.07334571110286,-0.3633581544930236,0.292448535753553,,,,,,,18.025042196661936,0.0,0.0,0.0,0.0,0.0,2.7176331513250007
273,2024,2024-12-31,12,1,C_FSC,2024-12-31,2025-04-30,1.0,estimated_fy_plus_4m,4,0.0,1.2734051243965836,-0.0423114149940579,-0.0423114149940579,3.0,-0.483091455817198,0.0670787476060095,-14.551363217624806,16.127418809853843,-8.366837191373149,-0.9500839834881932,0.5812703467063931,,,,,,,18.84632095899716,0.0,0.0,0.0,0.0,0.0,0.0
274,2021,2021-12-31,12,0,,,,,,0,,,,,,,,,,,,,,,,,,,,,,,,,
274,2022,2022-12-31,12,1,B_VENTUREIN,2022-12-31,2023-04-30,1.0,estimated_fy_plus_4m,1,,,,,,,,-4.348103358684869,,0.0869802878872745,0.0008453575480708,0.0044173850741037,159.03027423497795,156.82178438330536,0.0,,,0.0,18.81395855439503,,0.0,0.0,0.0,,
274,2023,2023-12-31,12,1,B_VENTUREIN,2023-12-31,2024-04-30,1.0,estimated_fy_plus_4m,2,0.0,0.2182099161172335,,0.2182099161172335,1.0,-0.0007238238731096,,-6.697487231190242,-2.3493838725053724,0.0762694024972578,0.0009036630712454,0.0028010404727244,200.85340706720405,31.918595932139844,0.0,,,0.0,19.01134105375689,0.0,0.0,0.0,0.0,0.0,-8.46079010793279e-06
274,2024,2024-12-31,12,0,,,,,,2,,,,,,,,,,,,,,,,,,,,,,,,,
275,2021,2021-12-31,12,1,A_DART,2021-12-31,2023-04-11,0.0,dart_rcept_dt_restated_report,1,1.0,2.0527914004351118,,2.798141891939288,2.0,4.090320329758623,,0.1924278424681586,0.1000187719521951,0.1771590347097623,0.1699718663736775,0.5402387455436606,2.151482589024839,0.7759559308077324,0.3713841025751748,0.0934587058284808,1.0,0.0480733768712978,23.36741905117282,0.0,1.0,0.0,0.0,0.0,1.1106395225142898
275,2022,2022-12-31,12,1,A_DART,2022-12-31,2023-04-11,0.0,dart_rcept_dt,2,0.0,-0.1207261880986516,1.3321447527266574,1.3321447527266574,3.0,0.8248433605101435,2.015980676540892,0.0944190121104918,-0.0980088303576668,0.0742505033831291,0.0343250901799789,0.5978757068592979,2.7683655489461434,0.8839639671040888,0.5182310818157411,-0.1852329770422662,0.0,0.0905918552143836,23.23876012523817,0.0,1.0,0.0,0.0,0.0,0.211414679067459
275,2023,2023-12-31,12,1,A_DART,2023-12-31,2024-04-08,0.0,dart_rcept_dt,3,0.0,0.1709154425292329,0.4648132753661584,0.4648132753661584,3.0,0.0845862328805895,1.159790354971285,0.0720025559871582,-0.0224164561233335,0.0410043105296075,0.0204645992597091,0.6087725411816862,1.4774774781172992,0.4083332165779064,0.5447200545480806,0.0508067317815937,1.0,0.053072594872874,23.3965459976216,0.0,1.0,0.0,0.0,0.0,0.0
275,2024,2024-12-31,12,1,A_DART,2024-12-31,2025-04-09,0.0,dart_rcept_dt,4,0.0,0.3832625084701289,0.1250835099920424,0.1250835099920424,3.0,0.0385880206366153,0.2714842827232158,0.0464383429318062,-0.025564213055352,0.0300240615190188,0.0199574233155674,0.6033509039088251,1.410791749316854,0.4602752140808337,0.5435234901417227,0.0914090846663389,1.0,0.0529541200341625,23.72099084318911,0.0,1.0,0.0,0.0,0.0,0.0
276,2021,2021-12-31,12,0,,,,,,0,,,,,,,,,,,,,,,,,,,,,,,,,
276,2022,2022-12-31,12,1,B_VENTUREIN,2022-12-31,2023-04-30,1.0,estimated_fy_plus_4m,1,,,,,,,,0.0501002902253448,,0.0510541679272979,0.054790299220363,0.6967330105953367,8.655653283148421,4.069521327275448,0.6229730227412286,,,0.0755111159668762,21.079439855442946,,1.0,0.0,0.0,,
276,2023,2023-12-31,12,1,B_VENTUREIN,2023-12-31,2024-04-30,1.0,estimated_fy_plus_4m,2,0.0,0.4303024954897412,,0.4303024954897412,1.0,0.2762934886444177,,0.0754534424017243,0.0253531521763795,0.0611947709064343,0.0735976802267479,0.5714567542372432,8.929185569490988,3.683870437645623,0.472422953459078,,,0.0273137779309845,21.437325812651828,0.0,1.0,0.0,0.0,0.0,0.1497469731099271
276,2024,2024-12-31,12,1,B_VENTUREIN,2024-12-31,2025-04-30,1.0,estimated_fy_plus_4m,3,0.0,0.0192957234757862,,0.2074358024050133,2.0,0.5885511840607456,,0.0895582543463839,0.0141048119446595,0.1038462813323706,0.0801382309785973,0.6515506499688232,18.818296184321326,4.898708492700397,0.6075964758662976,,,0.0474277179941326,21.45643773428516,0.0,1.0,0.0,0.0,0.0,-0.0023172998951178
277,2021,2021-12-31,12,1,C_FSC,2021-12-31,2022-04-30,1.0,estimated_fy_plus_4m,1,0.0,0.4654987625351161,,0.2593731747084242,2.0,0.8955540602140268,,0.025538520459092,0.0510323868725933,0.0936298336463753,0.1052631578947368,0.7597456344184134,,,,,,,21.621152243444428,1.0,1.0,0.0,0.0,0.0,0.0
277,2022,2022-12-31,12,1,C_FSC,2022-12-31,2023-04-30,1.0,estimated_fy_plus_4m,2,0.0,1.0360502116598287,0.4780840150111918,0.4780840150111918,3.0,0.6397840375199768,0.5521897723943132,0.1661568582407067,0.1406183377816147,0.1952463549331219,0.2725504524420473,0.4296839079014924,,,,,,,22.33216400374404,0.0,1.0,0.0,0.0,0.0,0.2480169772490022
277,2023,2023-12-31,12,0,,,,,,2,,,,,,,,,,,,,,,,,,,,,,,,,
277,2024,2024-12-31,12,0,,,,,,2,,,,,,,,,,,,,,,,,,,,,,,,,
278,2021,2021-12-31,12,0,,,,,,0,,,,,,,,,,,,,,,,,,,,,,,,,
278,2022,2022-12-31,12,0,,,,,,0,,,,,,,,,,,,,,,,,,,,,,,,,
278,2023,2023-12-31,12,0,,,,,,0,,,,,,,,,,,,,,,,,,,,,,,,,
278,2024,2024-12-31,12,0,,,,,,0,,,,,,,,,,,,,,,,,,,,,,,,,
279,2021,2021-12-31,12,0,,,,,,0,,,,,,,,,,,,,,,,,,,,,,,,,
279,2022,2022-12-31,12,1,C_FSC,2022-12-31,2023-04-30,1.0,estimated_fy_plus_4m,1,,,,,,,,-0.0353776170400233,,0.0128548083868224,0.0091393249923426,0.4983696426106551,,,,,,,21.39217667580859,,0.0,0.0,0.0,,
279,2023,2023-12-31,12,1,C_FSC,2023-12-31,2024-04-30,1.0,estimated_fy_plus_4m,2,0.0,-0.1165057296976093,,-0.1165057296976093,1.0,-0.0831342050182156,,-0.0157901938796691,0.0195874231603542,0.006289869761196,0.0043091154793692,0.4485766174873503,,,,,,,21.26830620333868,0.0,0.0,0.0,0.0,0.0,0.0
279,2024,2024-12-31,12,0,,,,,,2,,,,,,,,,,,,,,,,,,,,,,,,,
280,2021,2021-12-31,12,0,,,,,,0,,,,,,,,,,,,,,,,,,,,,,,,,
280,2022,2022-12-31,12,0,,,,,,0,,,,,,,,,,,,,,,,,,,,,,,,,
280,2023,2023-12-31,12,0,,,,,,0,,,,,,,,,,,,,,,,,,,,,,,,,
280,2024,2024-12-31,12,0,,,,,,0,,,,,,,,,,,,,,,,,,,,,,,,,
281,2021,2021-12-31,12,1,C_FSC,2021-12-31,2022-04-30,1.0,estimated_fy_plus_4m,1,0.0,-0.0815456838661342,,-0.2046619621162999,2.0,0.0609656479140787,,0.1110071718116619,0.0392737990709965,0.0857499220455254,0.0569476082004555,0.6556222820459723,,,,,,,21.88860175765743,0.0,1.0,0.0,0.0,0.0,-0.0218918364306909
281,2022,2022-12-31,12,1,C_FSC,2022-12-31,2023-04-30,1.0,estimated_fy_plus_4m,2,0.0,0.2566261303398816,-0.0736611798738567,-0.0736611798738567,3.0,0.1370884241043695,0.1419561388357362,0.0838709677419354,-0.0271362040697265,0.0622828784119106,0.0457111637224549,0.6696412311054453,,,,,,,22.117032212905,0.0,1.0,0.0,0.0,0.0,-0.020708221163802
281,2023,2023-12-31,12,1,C_FSC,2023-12-31,2024-04-30,1.0,estimated_fy_plus_4m,3,0.0,-0.0640198511166253,0.0260694593980395,0.0260694593980395,3.0,-0.0318703332726278,0.0531163687308908,0.0890774125132555,0.00520644477132,0.0601802757158006,0.0427012791572611,0.6160647103085026,,,,,,,22.050871201717623,0.0,1.0,0.0,0.0,0.0,0.0
281,2024,2024-12-31,12,0,,,,,,3,,,,,,,,,,,,,,,,,,,,,,,,,
282,2021,2021-12-31,12,1,C_FSC,2021-12-31,2022-04-30,1.0,estimated_fy_plus_4m,1,0.0,1.0458715596330277,,0.7143641623221029,2.0,0.1251851851851853,,0.0627802690582959,0.0409912782326078,0.0835201793721973,0.0980908492429229,0.6451612903225806,,,,,,,21.30212387110423,0.0,1.0,0.0,0.0,0.0,0.0
282,2022,2022-12-31,12,1,C_FSC,2022-12-31,2023-04-30,1.0,estimated_fy_plus_4m,2,0.0,0.1233183856502242,0.4890284947889889,0.4890284947889889,3.0,-0.2231731402238315,0.0325135045928424,0.0668662674650698,0.0040859984067739,0.0274451097804391,0.0466101694915254,0.4966101694915254,,,,,,,21.418411020169028,0.0,1.0,0.0,0.0,0.0,0.0
282,2023,2023-12-31,12,1,C_FSC,2023-12-31,2024-04-30,1.0,estimated_fy_plus_4m,3,0.0,0.0359281437125749,0.3352736784935419,0.3352736784935419,3.0,0.2652542372881357,0.0341304982925005,0.0274566473988439,-0.0394096200662259,0.0081888246628131,0.0113864701942397,0.5914266577361018,,,,,,,21.45370880225005,0.0,1.0,0.0,0.0,0.0,-0.0008474576271186
282,2024,2024-12-31,12,1,C_FSC,2024-12-31,2025-04-30,1.0,estimated_fy_plus_4m,4,0.0,-0.171995183044316,-0.0123074283598862,-0.0123074283598862,3.0,0.1068191560616209,0.0284730128571188,-0.0542265049699291,-0.081683152368773,-0.0706657249999709,-0.0735076530380682,0.5527791242380397,,,,,,,21.26497249521558,0.0,0.0,0.0,0.0,0.0,0.1677789685197588
283,2021,2021-12-31,12,1,C_FSC,2021-12-31,2022-04-30,1.0,estimated_fy_plus_4m,1,,,,0.0299538118772786,2.0,,,0.1941898201208845,,0.1660422975304322,0.1049967096695739,0.6907925523336476,,,,,,,22.14503592674164,,1.0,0.0,0.0,,
283,2022,2022-12-31,12,0,,,,,,1,,,,,,,,,,,,,,,,,,,,,,,,,
283,2023,2023-12-31,12,0,,,,,,1,,,,,,,,,,,,,,,,,,,,,,,,,
283,2024,2024-12-31,12,0,,,,,,1,,,,,,,,,,,,,,,,,,,,,,,,,
284,2021,2021-12-31,12,0,,,,,,0,,,,,,,,,,,,,,,,,,,,,,,,,
284,2022,2022-12-31,12,1,B_VENTUREIN,2022-12-31,2023-04-30,1.0,estimated_fy_plus_4m,1,,,,,,,,0.0294603153663738,,0.0266944407639146,0.0347942332110892,0.6798369298443844,1.1900711621452034,0.3247027137402082,0.5963618596621292,,,0.0288057165279297,22.876350537413828,,1.0,0.0,0.0,,
284,2023,2023-12-31,12,1,B_VENTUREIN,2023-12-31,2024-04-30,1.0,estimated_fy_plus_4m,2,0.0,-0.0353251121974512,,-0.0353251121974512,1.0,-0.1720520614821832,,0.026098979642076,-0.0033613357242978,0.1090036177125266,0.1655408950524184,0.4505453904606669,1.7259275284487872,0.3842325890368772,0.3656289750725133,,,0.0466443317788954,22.840386399174275,0.0,1.0,0.0,0.0,0.0,-0.0023023503165788
284,2024,2024-12-31,12,1,B_VENTUREIN,2024-12-31,2025-04-30,1.0,estimated_fy_plus_4m,3,0.0,0.1234013985246262,,0.0410173476359412,2.0,-0.1142649047737616,,0.0154873915875623,-0.0106115880545136,0.057716205253131,0.1111714483031351,0.2702028113966704,2.798927685617406,0.8306533112423432,0.2167185346359562,,,0.0437462315028201,22.956747445193223,0.0,1.0,0.0,0.0,0.0,-0.0015162633596257
285,2021,2021-12-31,12,0,,,,,,0,,,,,,,,,,,,,,,,,,,,,,,,,
285,2022,2022-12-31,12,1,B_VENTUREIN,2022-12-31,2023-04-30,1.0,estimated_fy_plus_4m,1,,,,,,,,,,,-0.191541464123393,0.8115587935376345,0.8816017796917116,0.070473991511602,0.7422870054316154,,,,,,0.0,1.0,0.0,,
285,2023,2023-12-31,12,1,B_VENTUREIN,2023-12-31,2024-04-30,1.0,estimated_fy_plus_4m,2,0.0,,,,,0.3590988174318634,,-1.9100219022186,,-1.749953794322887,-0.2345825903085969,0.4053369415999627,2.017626020332297,0.0279674745846279,0.3506551980908337,,,0.0,20.348055890507023,0.0,0.0,0.0,0.0,1.0,0.938585308920141
285,2024,2024-12-31,12,0,,,,,,2,,,,,,,,,,,,,,,,,,,,,,,,,
286,2021,2021-12-31,12,1,C_FSC,2021-12-31,2022-04-30,1.0,estimated_fy_plus_4m,1,0.0,0.1629141067679063,,0.0753931979163453,2.0,-0.1076676793218242,,0.0365102940305231,0.002714423141549,0.027999790578513,0.0414301848635336,0.782949458130489,,,,,,,21.095944633336533,0.0,1.0,0.0,0.0,0.0,0.0
286,2022,2022-12-31,12,1,C_FSC,2022-12-31,2023-04-30,1.0,estimated_fy_plus_4m,2,0.0,-0.2337171349487261,-0.039476720767093,-0.039476720767093,3.0,0.0860793763404033,0.0946849571181829,0.0604962466849462,0.0239859526544231,0.0600593338427653,0.0627003761628387,0.7374518534091165,,,,,,,20.829740731453416,0.0,1.0,0.0,0.0,0.0,0.0
286,2023,2023-12-31,12,1,C_FSC,2023-12-31,2024-04-30,1.0,estimated_fy_plus_4m,3,0.0,0.7949215624578594,0.1694834384786303,0.1694834384786303,3.0,0.0608167463791511,0.0092750078602896,0.0463537417214728,-0.0141425049634734,0.131971605459533,0.2331176966033676,0.5193860723208787,,,,,,,21.41470205464382,0.0,1.0,0.0,0.0,0.0,0.0
286,2024,2024-12-31,12,0,,,,,,3,,,,,,,,,,,,,,,,,,,,,,,,,
287,2021,2021-12-31,12,0,,,,,,0,,,,,,,,,,,,,,,,,,,,,,,,,
287,2022,2022-12-31,12,0,,,,,,0,,,,,,,,,,,,,,,,,,,,,,,,,
287,2023,2023-12-31,12,1,B_VENTUREIN,2023-12-31,2024-04-30,1.0,estimated_fy_plus_4m,1,,,,,,,,-1.0627940734721977,,-1.043441568810304,-0.4980846475641218,0.5835941984798675,0.5995439103483268,0.0608805232622267,0.238124510337668,,,0.1230329431264534,21.78782932171845,,0.0,0.0,0.0,,
287,2024,2024-12-31,12,1,B_VENTUREIN,2024-12-31,2025-04-30,1.0,estimated_fy_plus_4m,2,0.0,2.031333923995016,,2.031333923995016,1.0,-0.0373428285777267,,-0.4537795574620567,0.6090145160101408,-0.463226431679169,-0.6962905211213122,1.0682696178507556,0.4729290447215418,0.0025806502973386,0.2269924990243703,,,0.0822380015231682,22.89683208330525,0.0,0.0,0.0,1.0,0.0,0.1881630248163627
288,2021,2021-12-31,12,1,C_FSC,2021-12-31,2022-04-30,1.0,estimated_fy_plus_4m,1,0.0,-0.0192757944060267,,-0.005664961473965,2.0,0.1730466633536092,,0.1425742574257425,-0.0158820321819211,0.0336633663366336,0.0213836477987421,0.6520754716981132,,,,,,,21.64950689967373,0.0,1.0,0.0,0.0,0.0,5.754568537206384e-05
288,2022,2022-12-31,12,1,C_FSC,2022-12-31,2023-04-30,1.0,estimated_fy_plus_4m,2,0.0,0.165148514851485,0.048291966408148,0.048291966408148,3.0,-0.0362264150943396,0.0750291606368958,0.159755268524813,0.0171810110990704,0.0720598232494901,0.0553380318454711,0.5841816758026624,,,,,,,21.802355459125657,0.0,1.0,0.0,0.0,0.0,-0.000503144654088
288,2023,2023-12-31,12,1,C_FSC,2023-12-31,2024-04-30,1.0,estimated_fy_plus_4m,3,0.0,0.4109449354180829,0.1725897182063027,0.1725897182063027,3.0,0.0360219263899765,0.054111176661463,0.2083835220428812,0.0486282535180681,0.0804625391471934,0.0841521793902746,0.5147392290249433,,,,,,,22.14661510601731,0.0,1.0,0.0,0.0,0.0,-0.0002610284521012
288,2024,2024-12-31,12,0,,,,,,3,,,,,,,,,,,,,,,,,,,,,,,,,
289,2021,2021-12-31,12,1,A_DART,2021-12-31,2023-04-03,0.0,dart_rcept_dt_restated_report,1,1.0,-0.2423736494969819,,0.6953918149226952,2.0,0.2101846456381153,,-3.005652200897164,-1.341265882989719,-3.530909357158996,-0.7249684508074363,1.3494223796161693,0.4899084930544112,0.2921796531753378,0.6775672836254314,-2.323269654877379,0.0,,21.355973540330844,0.0,0.0,0.0,1.0,0.0,0.0811133212353174
289,2022,2022-12-31,12,1,A_DART,2022-12-31,2023-04-03,0.0,dart_rcept_dt,2,0.0,0.360619817773437,0.5755262818566989,0.5755262818566989,3.0,0.7377209716985327,0.2238262461847266,-2.5968781805223378,0.408774020374826,-2.9589928486410133,-0.4757000574994561,0.886087383317171,0.4000976153481319,0.1672744548012034,0.3454209661827387,-2.6091700475965145,0.0,,21.663913884619884,0.0,0.0,0.0,0.0,0.0,1.37400468872198
289,2023,2023-12-31,12,1,A_DART,2023-12-31,2024-04-09,0.0,dart_rcept_dt,3,0.0,-0.135083587549744,-0.037526751718826,-0.037526751718826,3.0,0.4536579791430573,0.4513248756900274,-3.323720584605553,-0.7268424040832153,-3.700318391593013,-0.353948669718836,1.1548087164420315,0.3268369428567607,0.2352606562815561,0.5088054268823002,-3.009890652919846,0.0,,21.518791474894872,0.0,0.0,0.0,1.0,0.0,0.1755687653641734
289,2024,2024-12-31,12,1,A_DART,2024-12-31,2025-04-30,0.0,dart_rcept_dt,4,0.0,1.8102412909152743,0.4898807665296851,0.4898807665296851,3.0,-0.4538014512114509,0.1132625685482622,-1.1723315765982232,2.15138900800733,-2.1481135083076905,-1.0571861988901972,2.326999585285832,0.1421455320641508,0.0282083741541212,0.8969324969750313,-0.3902868667387955,0.0,,22.552061823207147,0.0,0.0,0.0,1.0,0.0,0.0074370363490119
290,2021,2021-12-31,12,1,A_DART,2021-12-31,2022-04-06,0.0,dart_rcept_dt,1,0.0,-0.0122926693795704,,-0.0122926693795704,1.0,0.3344087051179298,,0.0879180185217482,-0.0328166481347575,0.076801742159714,0.0985578339679885,0.6655418963286697,0.778891703514034,0.0662060520938478,0.39583408460902,0.1035760301836391,1.0,0.009154768162863,23.950116737789145,0.0,1.0,0.0,0.0,0.0,-0.1100182146424057
290,2022,2022-12-31,12,1,A_DART,2022-12-31,2023-04-05,0.0,dart_rcept_dt,2,0.0,-0.2830951203224309,,-0.158517852230309,2.0,0.1055714476084495,,0.1031170945438158,0.0151990760220675,0.0735958879114618,0.0612418568950259,0.7070507349929994,0.6325683455742311,0.0164927458830192,0.5092461501333856,0.0690623622889386,1.0,0.0113628615925376,23.61730462627898,0.0,1.0,0.0,0.0,0.0,-0.0782890090633727
290,2023,2023-12-31,12,1,A_DART,2023-12-31,2024-04-01,0.0,dart_rcept_dt,3,0.0,-0.3453984877940864,-0.2260927070865658,-0.2260927070865658,3.0,0.216799904848757,0.2153413730624529,0.0169270710488807,-0.0861900234949351,0.0234595056670555,0.0105019874442828,0.7487441598970807,0.7532470395090543,0.1286021232084014,0.5510012755717005,0.1451469415951928,1.0,0.017358545307314,23.19357601948333,0.0,1.0,0.0,0.0,0.0,0.0
290,2024,2024-12-31,12,1,A_DART,2024-12-31,2025-03-28,0.0,dart_rcept_dt,4,0.0,-0.5826334584738345,-0.4192551189247202,-0.4192551189247202,3.0,0.0876474795753687,0.1352670846640176,-0.5381410441324677,-0.5550681151813484,-0.6054530053629597,-0.1040069953653566,0.8729984702492842,0.6556826423125867,0.0398156869235491,0.6658629579581475,-0.9089577881436046,0.0,0.0524746748472535,22.319785572674466,0.0,0.0,0.0,0.0,0.0,0.0
291,2021,2021-12-31,12,0,,,,,,0,,,,,,,,,,,,,,,,,,,,,,,,,
291,2022,2022-12-31,12,0,,,,,,0,,,,,,,,,,,,,,,,,,,,,,,,,
291,2023,2023-12-31,12,1,B_VENTUREIN,2023-12-31,2024-04-30,1.0,estimated_fy_plus_4m,1,,,,,,,,0.0004013393008128,,0.0128735217523646,0.0134791226577498,0.9367215910539572,0.4880597392272891,0.2078547841805941,0.8073875488563899,,,0.1378397573926473,21.51968009344754,,1.0,0.0,0.0,,
291,2024,2024-12-31,12,1,B_VENTUREIN,2024-12-31,2025-04-30,1.0,estimated_fy_plus_4m,2,0.0,1.5107660394800626,,1.5107660394800626,1.0,0.5095937471375513,,0.0628485660076166,0.0624472267068038,0.0539741643575609,0.0939931790999214,0.7396294669889454,1.475306581091384,0.6206709012953749,0.378452361292518,,,0.0547417908506968,22.440267995040685,0.0,1.0,0.0,0.0,0.0,0.1878838041834951
292,2021,2021-12-31,12,1,C_FSC,2021-12-31,2022-04-30,1.0,estimated_fy_plus_4m,1,0.0,-0.1682603331276989,,0.5597809458978207,2.0,1.017733045770429,,-0.0654552197292786,-0.1050912468730171,-0.0776933061375857,-0.0497624703087886,0.6646080760095012,,,,,,,22.4083676533015,0.0,0.0,0.0,0.0,0.0,0.4327821710999281
292,2022,2022-12-31,12,1,C_FSC,2022-12-31,2023-04-30,1.0,estimated_fy_plus_4m,2,0.0,0.7086964583719637,0.6079185550977679,0.6079185550977679,3.0,0.0749406175771971,0.5495017743950421,-0.2659793814432989,-0.2005241617140202,-0.281823114487249,-0.2869296210363495,0.6433543254888963,,,,,,,22.9440984280682,0.0,0.0,0.0,0.0,0.0,0.3564133016627078
292,2023,2023-12-31,12,1,A_DART,2023-12-31,2025-03-28,0.0,dart_rcept_dt_restated_report,3,1.0,-0.2542138616386327,0.0195821262324706,0.0195821262324706,3.0,0.0826882660479504,0.3291802209158814,-0.9593201926105128,-0.6933408111672139,-1.1266168364365643,-0.7901069624599832,2.306232939827553,0.3002622948752292,0.0403626559046417,0.3392207135455923,-0.2305943457307388,0.0,,22.65078203039011,0.0,0.0,0.0,1.0,0.0,-0.9154492140095016
292,2024,2024-12-31,12,1,A_DART,2024-12-31,2025-03-28,0.0,dart_rcept_dt,4,0.0,0.1687563730150274,0.1420043007192406,0.1420043007192406,3.0,1.0038743124539158,0.3261300833642699,-0.8984568583230882,0.0608633342874247,-1.4475272744299774,-0.5920929923621636,2.243213676295221,0.3478087635242633,0.0388164426654815,0.2763965130544668,-1.1059556830007575,0.0,,22.806722284843087,0.0,0.0,0.0,1.0,0.0,0.0014689269866742
293,2021,2021-12-31,12,1,C_FSC,2021-12-31,2022-04-30,1.0,estimated_fy_plus_4m,1,0.0,1.6415960050871885,,1.6415960050871885,1.0,11.066497853132224,,0.2032040472175379,0.1419261473086351,0.1989881956155143,0.4306569343065693,0.4781021897810219,,,,,,,20.893852137521947,0.0,1.0,0.0,0.0,0.0,0.1296928327645051
293,2022,2022-12-31,12,1,C_FSC,2022-12-31,2023-04-30,1.0,estimated_fy_plus_4m,2,0.0,0.3642866779089375,,0.89839254058741,2.0,1.7933120437956205,,0.0692237046705775,-0.1339803425469603,0.0481773054379238,0.0509252091315609,0.7623540325399236,,,,,,,21.204483849279708,0.0,1.0,0.0,0.0,0.0,-0.0003284671532846
293,2023,2023-12-31,12,1,C_FSC,2023-12-31,2024-04-30,1.0,estimated_fy_plus_4m,3,0.0,0.1144771093987555,0.5895751449974682,0.5895751449974682,3.0,0.3643099556748881,2.582651633613157,0.0418644320632538,-0.0273592726073236,0.0116904096052012,0.0100943450886014,0.8157179884859057,,,,,,,21.312869184015085,0.0,1.0,0.0,0.0,0.0,0.0
293,2024,2024-12-31,12,1,C_FSC,2024-12-31,2025-04-30,1.0,estimated_fy_plus_4m,4,0.0,0.117885644602897,0.1934147194827307,0.1934147194827307,3.0,-0.0763125976526494,0.5211983333423691,0.0682366224124477,0.0263721903491938,0.026963771663906,0.0281774325488614,0.7723146292481283,,,,,,,21.42430826783032,0.0,1.0,0.0,0.0,0.0,9.576723199659835e-07
294,2021,2021-12-31,12,1,C_FSC,2021-12-31,2022-04-30,1.0,estimated_fy_plus_4m,1,0.0,42.9076376554174,,42.9076376554174,1.0,6.433479885130499,,0.0275080906148867,2.1696750533147093,0.046925566343042,0.0991452991452991,0.8307692307692308,,,,,,,20.93514619598191,1.0,1.0,0.0,0.0,0.0,1.0394292103992475
294,2022,2022-12-31,12,1,C_FSC,2022-12-31,2023-04-30,1.0,estimated_fy_plus_4m,2,0.0,0.36084142394822,,6.729898585958338,2.0,0.8393162393162392,,0.0023781212841854,-0.0251299693307012,0.0178359096313912,0.0278810408921933,0.8801115241635687,,,,,,,21.243249398497166,0.0,1.0,0.0,0.0,0.0,0.0
294,2023,2023-12-31,12,1,C_FSC,2023-12-31,2024-04-30,1.0,estimated_fy_plus_4m,3,0.0,0.3448275862068966,3.315237804022333,3.315237804022333,3.0,2.1319702602230484,2.4985552366142403,0.1971706454465075,0.194792524162322,0.1870026525198939,0.1255192878338279,0.8367952522255193,,,,,,,21.53951521464034,0.0,1.0,0.0,0.0,0.0,-0.0018587360594795
294,2024,2024-12-31,12,1,C_FSC,2024-12-31,2025-04-30,1.0,estimated_fy_plus_4m,4,0.0,0.7824933687002653,0.4830894682655844,0.4830894682655844,3.0,0.0068249258160237,0.7967017791430526,0.0786210317460317,-0.1185496137004757,0.0711805555555555,0.084585912172119,0.7739463601532567,,,,,,,22.11752836771548,0.0,1.0,0.0,0.0,0.0,-0.0207715133531157
295,2021,2021-12-31,12,0,,,,,,0,,,,,,,,,,,,,,,,,,,,,,,,,
295,2022,2022-12-31,12,1,A_DART,2022-12-31,2024-04-12,0.0,dart_rcept_dt_restated_report,1,,,,,,,,-12.75243278039495,,-34.52454674467472,-0.5787071704724635,0.1364542045938308,0.4244288054532098,0.0200558346748657,0.0739871643129873,-6.942529388647198,0.0,,19.83825542949816,,0.0,0.0,0.0,,
295,2023,2023-12-31,12,1,A_DART,2023-12-31,2024-04-12,0.0,dart_rcept_dt,2,0.0,2.154522092635738,,2.154522092635738,1.0,0.1434439475750673,,-6.252710505736917,6.4997222746580325,-6.904853298268832,-0.3193037558891429,0.4869423043495598,0.6719545508413325,0.3290390500313844,0.1172155080004519,-5.077727269589207,0.0,,20.987092437832477,0.0,0.0,0.0,0.0,0.0,0.0882128685515648
295,2024,2024-12-31,12,1,A_DART,2024-12-31,2025-08-13,0.0,dart_rcept_dt,3,0.0,-0.1433315054851407,,0.6438916302518609,2.0,-0.2272667587220269,,-8.193517559020616,-1.9408070532837,-12.126500199664433,-0.6216819377416447,0.8873517152410552,0.0748890080547334,0.0020569020593255,0.2923324217721617,-4.344684844467504,0.0,,20.83238818174415,0.0,0.0,0.0,0.0,0.0,0.0543836773508155
296,2021,2021-12-31,12,1,C_FSC,2021-12-31,2022-04-30,1.0,estimated_fy_plus_4m,1,0.0,0.5106593406593407,,0.5106593406593407,1.0,1.055368,,-0.6067760238597513,-1.1672155842993115,-0.5239288572052084,-0.5606742928760202,1.160664173033734,,,,,,,19.432063450007547,0.0,0.0,0.0,1.0,0.0,-0.001832
296,2022,2022-12-31,12,1,C_FSC,2022-12-31,2023-04-30,1.0,estimated_fy_plus_4m,2,0.0,0.8985960573215974,,0.6935559831702842,2.0,2.405716153992861,,-0.5766283524904214,0.0301476713693298,0.0632183908045977,0.0377142857142857,1.0102857142857142,,,,,,,20.073178145846917,0.0,0.0,0.0,1.0,0.0,-0.0028102023579232
296,2023,2023-12-31,12,1,C_FSC,2023-12-31,2024-04-30,1.0,estimated_fy_plus_4m,3,0.0,-0.7126436781609196,-0.0624236936346948,-0.0624236936346948,3.0,1.5325714285714285,1.607473566069508,-4.506666666666667,-3.9300383141762456,-1.2533333333333334,-0.0848375451263537,0.2761732851985559,,,,,,,18.82614585206053,0.0,0.0,0.0,0.0,0.0,2.0582857142857143
296,2024,2024-12-31,12,1,C_FSC,2024-12-31,2025-04-30,1.0,estimated_fy_plus_4m,4,0.0,0.2133333333333333,-0.1284790729712827,-0.1284790729712827,3.0,0.2590252707581226,1.2144618349182772,-1.2967032967032968,3.2099633699633703,-1.3516483516483515,-0.0881720430107526,0.3344086021505376,,,,,,,19.01951724504107,0.0,0.0,0.0,0.0,0.0,0.2251805054151624
297,2021,2021-12-31,12,1,C_FSC,2021-12-31,2022-04-30,1.0,estimated_fy_plus_4m,1,,,,,,,,-0.0060744115413819,,0.0417615793470007,0.0592034445640473,0.8331539289558665,,,,,,,20.99862225970756,,0.0,0.0,0.0,,
297,2022,2022-12-31,12,1,C_FSC,2022-12-31,2023-04-30,1.0,estimated_fy_plus_4m,2,0.0,0.3059984813971146,,0.3059984813971146,1.0,0.0204520990312162,,0.0226744186046511,0.028748830146033,0.05,0.090717299578059,0.7457805907172996,,,,,,,21.265590127771773,1.0,1.0,0.0,0.0,0.0,0.0
297,2023,2023-12-31,12,1,C_FSC,2023-12-31,2024-04-30,1.0,estimated_fy_plus_4m,3,0.0,1.988372093023256,,0.975552939138278,2.0,1.809071729957806,,0.0412451361867704,0.0185707175821192,0.02568093385214,0.0495681562147953,0.8220052572286894,,,,,,,22.360318916413483,0.0,1.0,0.0,0.0,0.0,0.1065400843881856
297,2024,2024-12-31,12,1,C_FSC,2024-12-31,2025-04-30,1.0,estimated_fy_plus_4m,4,0.0,-0.3252731517509727,0.3809197635396106,0.3809197635396106,3.0,-0.3030056327450244,0.2594905314928639,0.043448624259536,0.0022034880727656,0.0413840908671501,0.0773257417719773,0.6674304561833009,,,,,,,21.96687157714248,0.0,1.0,0.0,0.0,0.0,-9.12504693954187e-05
298,2021,2021-12-31,12,1,A_DART,2021-12-31,2022-04-06,0.0,dart_rcept_dt,1,0.0,0.4497156358933052,,3.704514178014378,2.0,2.3090814870938434,,-0.0390443715253353,-0.1079405733406784,-0.0541512852569401,-0.0628904632995869,0.9424983633268096,0.4645164343679376,0.0269150004500386,0.522518629801715,0.1471518976153201,1.0,,24.28509338225393,0.0,0.0,0.0,0.0,0.0,0.1964031082982177
298,2022,2022-12-31,12,1,A_DART,2022-12-31,2023-04-04,0.0,dart_rcept_dt,2,0.0,0.4146960576189993,2.1518405276624875,2.1518405276624875,3.0,0.3529725992726664,1.87871862158228,0.0227486307724591,0.0617930022977945,0.0032490336487206,0.0039455211556613,0.8098856385820603,0.3765344533426796,0.0157347052045705,0.4417953540587045,0.0567259671643278,1.0,,24.63200809000699,1.0,1.0,0.0,0.0,0.0,0.1943797030400422
298,2023,2023-12-31,12,1,A_DART,2023-12-31,2024-04-01,0.0,dart_rcept_dt,3,0.0,0.0546382651540573,0.2932520147007895,0.2932520147007895,3.0,0.1521203439689926,0.7278184328023591,-0.0338745166876636,-0.0566231474601228,-0.0567180548618031,-0.0630488507748044,0.8768864190991064,0.2314170379091737,0.037526222856768,0.5314326063404649,0.0252653635017191,1.0,,24.685205921508164,0.0,0.0,0.0,0.0,0.0,0.0243671633983695
298,2024,2024-12-31,12,1,A_DART,2024-12-31,2025-04-02,0.0,dart_rcept_dt,4,0.0,-0.3220338861602637,0.0038254876956029,0.0038254876956029,3.0,-0.1891399837333413,0.081212133606594,-0.2293660227916082,-0.1954915061039445,-0.260745675020411,-0.2423455568139268,1.0905146878216068,0.0757430879085557,0.000338148024274,0.6529914967867885,-0.0169194227685271,0.0,,24.296547949629996,0.0,0.0,0.0,1.0,0.0,0.0
299,2021,2021-12-31,12,1,A_DART,2021-12-31,2022-04-05,0.0,dart_rcept_dt,1,0.0,0.8857110444008842,,0.8857110444008842,1.0,0.2592797849539077,,0.0174249531550367,8.591604173661255e-05,0.0025012060590142,0.0018113149514218,0.4951121747395423,0.9045812196534054,0.1936165198166174,0.2950120262263476,-0.0128849800595503,0.0,0.0018524153578406,23.45817718774317,0.0,1.0,0.0,0.0,0.0,0.217240592062749
299,2022,2022-12-31,12,1,A_DART,2022-12-31,2023-04-04,0.0,dart_rcept_dt,2,0.0,-0.208499686456441,,0.2216959044278785,2.0,-0.2108212172644186,,-0.6123018380914025,-0.6297267912464393,-0.6529850073116185,-0.4742675388206742,0.8293032426298036,0.3735771914294059,0.0365328067081651,0.6328821862475531,-0.3553471799032006,0.0,0.056937486710616,23.224352184220447,0.0,0.0,0.0,0.0,0.0,0.0041043129153645
299,2023,2023-12-31,12,1,A_DART,2023-12-31,2024-04-03,0.0,dart_rcept_dt,3,0.0,0.165545439735576,0.2026847804076703,0.2026847804076703,3.0,0.7725059297527801,0.2077075362797669,-0.366859832881551,0.2454420052098515,-0.4425638830447332,-0.2113672379351565,0.9742778321009647,0.9757941753730356,0.0699490234202807,0.3951440534443627,-0.4608297698124999,0.0,0.0673376150615863,23.377541350286247,0.0,0.0,0.0,0.0,0.0,0.2495456203524717
299,2024,2024-12-31,12,1,A_DART,2024-12-31,2025-04-02,0.0,dart_rcept_dt,4,0.0,0.2312302649046462,0.0433736414739935,0.0433736414739935,3.0,0.0787359400756786,0.1469894287136068,-0.192677355055032,0.174182477826519,-0.3644197078158748,-0.1986495991123359,1.1411615735679972,0.8546361184709627,0.0265251834692505,0.5341177408813361,-0.3032609656611208,0.0,0.1408142224989044,23.58555523515811,0.0,0.0,0.0,1.0,0.0,0.0362922313796316
300,2021,2021-12-31,12,1,C_FSC,2021-12-31,2022-04-30,1.0,estimated_fy_plus_4m,1,0.0,0.3353700657800214,,0.2923751993457049,2.0,0.2721044221309647,,0.0225512136340161,-0.0690645059865447,0.0049061800654157,0.0071152165772063,0.7382349269754088,,,,,,,23.17582145651675,0.0,1.0,0.0,0.0,0.0,-0.0166844013891996
300,2022,2022-12-31,12,1,C_FSC,2022-12-31,2023-04-30,1.0,estimated_fy_plus_4m,2,0.0,0.1415045618867274,0.2399903176507587,0.2399903176507587,3.0,-0.0441892397952814,0.1755919198744777,0.0012818579399788,-0.0212693556940372,-0.0236012667772583,-0.040877628313961,0.780723520961212,,,,,,,23.308168639893086,0.0,1.0,0.0,0.0,0.0,-0.0131069779053801
300,2023,2023-12-31,12,1,C_FSC,2023-12-31,2024-04-30,1.0,estimated_fy_plus_4m,3,0.0,-0.1492233448951893,0.0905149344552023,0.0905149344552023,3.0,-0.0474076008880762,0.0501885118926159,0.0674466010812727,0.0661647431412938,0.0515820260568997,0.0797916095420893,0.7109953386344942,,,,,,,23.14656300510272,0.0,1.0,0.0,0.0,0.0,-0.0199817160767924
300,2024,2024-12-31,12,1,C_FSC,2024-12-31,2025-04-30,1.0,estimated_fy_plus_4m,4,0.0,0.2848797305681112,0.0765938584559549,0.0765938584559549,3.0,0.0556168083356183,-0.0131258468678663,0.0658207481145796,-0.001625852966693,0.0484909670753819,0.0913010676173222,0.6286913112758483,,,,,,,23.397228124181,0.0,1.0,0.0,0.0,0.0,0.0065760899369344
401,2021,2021-12-31,12,0,,,,,,0,,,,,,,,,,,,,,,,,,,,,,,,,
401,2022,2022-12-31,12,1,B_VENTUREIN,2022-12-31,2023-04-30,1.0,estimated_fy_plus_4m,1,,,,,,,,-0.2078614911304575,,-0.1212695303649025,-0.1511249227409775,0.7876624008182397,3.7638697328792183,1.2989416500126665,0.5647360016063602,,,0.0641915196801627,20.49310270592929,,0.0,0.0,0.0,,
401,2023,2023-12-31,12,1,B_VENTUREIN,2023-12-31,2024-04-30,1.0,estimated_fy_plus_4m,2,0.0,0.5932434881999586,,0.5932434881999586,1.0,0.3879187282145244,,-0.0001469566928107,0.2077145344376468,0.0029715275358127,0.0042509135338643,0.8427580189228382,4.174903147202563,1.0058864597735766,0.677629073038629,,,0.0079008974629428,20.95887457401565,0.0,0.0,0.0,0.0,0.0,1.5687111155732229e-06
401,2024,2024-12-31,12,0,,,,,,2,,,,,,,,,,,,,,,,,,,,,,,,,
402,2021,2021-12-31,12,1,C_FSC,2021-12-31,2022-04-30,1.0,estimated_fy_plus_4m,1,0.0,-0.6521739130434783,,0.0690449676496975,2.0,0.1606714628297361,,-22.7,-17.517391304347825,-22.675,-0.6246556473829201,0.2706611570247934,,,,,,,17.50439001207821,0.0,0.0,0.0,0.0,0.0,0.7993605115907274
402,2022,2022-12-31,12,1,C_FSC,2022-12-31,2023-04-30,1.0,estimated_fy_plus_4m,2,0.0,4.1,0.7996471971685408,0.7996471971685408,3.0,0.6308539944903582,0.0784331669790798,-3.627450980392157,19.07254901960784,-3.6666666666666665,-0.3158783783783784,0.4467905405405405,,,,,,,19.13363055180849,0.0,0.0,0.0,0.0,0.0,0.6880165289256198
402,2023,2023-12-31,12,0,,,,,,2,,,,,,,,,,,,,,,,,,,,,,,,,
402,2024,2024-12-31,12,0,,,,,,2,,,,,,,,,,,,,,,,,,,,,,,,,
403,2021,2021-12-31,12,0,,,,,,0,,,,,,,,,,,,,,,,,,,,,,,,,
403,2022,2022-12-31,12,0,,,,,,0,,,,,,,,,,,,,,,,,,,,,,,,,
403,2023,2023-12-31,12,1,B_VENTUREIN,2023-12-31,2024-04-30,1.0,estimated_fy_plus_4m,1,,,,,,,,,,,-0.2432637675367159,0.0232910919985639,19.022186358220274,18.14891009178269,0.0,,,,,,0.0,1.0,0.0,,
403,2024,2024-12-31,12,1,B_VENTUREIN,2024-12-31,2025-04-30,1.0,estimated_fy_plus_4m,2,0.0,,,,,-0.235593052124138,,,,,-0.2956172672962668,0.0178830568530991,17.70560730492936,15.427740726450972,0.0,,,,,0.0,0.0,1.0,0.0,1.0,0.0
404,2021,2021-12-31,12,0,,,,,,0,,,,,,,,,,,,,,,,,,,,,,,,,
404,2022,2022-12-31,12,1,B_VENTUREIN,2022-12-31,2023-04-30,1.0,estimated_fy_plus_4m,1,,,,,,,,,,,-1.34341250806225,0.1368153722283276,7.88339187737684,7.747046186895811,0.0473901531791921,,,,,,0.0,1.0,0.0,,
404,2023,2023-12-31,12,1,B_VENTUREIN,2023-12-31,2024-04-30,1.0,estimated_fy_plus_4m,2,0.0,,,,,-0.7001677137521012,,-98.42888096269876,,-98.81506050201672,-2.3426620345857128,0.463770509681692,1.864713125004008,1.695602126472531,0.158055537554786,,,49.12213740458015,17.216674605737527,0.0,0.0,0.0,0.0,1.0,0.0
404,2024,2024-12-31,12,0,,,,,,2,,,,,,,,,,,,,,,,,,,,,,,,,
405,2021,2021-12-31,12,1,C_FSC,2021-12-31,2022-04-30,1.0,estimated_fy_plus_4m,1,0.0,8.41595380667237,,8.41595380667237,1.0,0.9668316991769932,,-4.685502736832542,51.8207419167175,-3.885452769765382,-0.1449834144952396,0.4160344625940509,,,,,,,19.209796978120703,0.0,0.0,0.0,0.0,0.0,1.0813178775514558
405,2022,2022-12-31,12,1,C_FSC,2022-12-31,2023-04-30,1.0,estimated_fy_plus_4m,2,0.0,-0.5827749892116559,,0.9820624179302296,2.0,-0.2141674280009424,0.415468602738074,-19.4178660860098,-14.732363349177255,-14.17075666848122,-0.2807437125231871,0.5376267201587507,,,,,,,18.33566736962541,0.0,0.0,0.0,0.0,0.0,0.0
405,2023,2023-12-31,12,1,C_FSC,2023-12-31,2024-04-30,1.0,estimated_fy_plus_4m,3,0.0,2.309744148067501,1.3514894011497949,1.3514894011497949,3.0,-0.3397610111729433,0.006775868478613,-4.5625,14.855366086009798,-4.595394736842105,-0.4563868016987912,0.7562887945115975,,,,,,,19.532538259370497,0.0,0.0,0.0,0.0,0.0,-0.000141279496139
405,2024,2024-12-31,12,0,,,,,,3,,,,,,,,,,,,,,,,,,,,,,,,,
406,2021,2021-12-31,12,0,,,,,,0,,,,,,,,,,,,,,,,,,,,,,,,,
406,2022,2022-12-31,12,1,B_VENTUREIN,2022-12-31,2023-04-30,1.0,estimated_fy_plus_4m,1,,,,,,,,-0.8695432257549263,,-0.966312213091433,-2.0172558717897062,0.6495995165021431,1.4003805436916787,0.3613748152946177,0.1736702072232912,,,0.1303319861768097,20.21413710597648,,0.0,0.0,0.0,,
406,2023,2023-12-31,12,0,,,,,,1,,,,,,,,,,,,,,,,,,,,,,,,,
406,2024,2024-12-31,12,0,,,,,,1,,,,,,,,,,,,,,,,,,,,,,,,,
407,2021,2021-12-31,12,0,,,,,,0,,,,,,,,,,,,,,,,,,,,,,,,,
407,2022,2022-12-31,12,1,B_VENTUREIN,2022-12-31,2023-04-30,1.0,estimated_fy_plus_4m,1,,,,,,,,-5.289691549706144,,-4.849695119550409,-0.2308321030652805,0.016893022869961,44.66474129515132,43.33965550394935,0.0,,,4.1369953985757375,20.45137574551123,,0.0,0.0,0.0,,
407,2023,2023-12-31,12,1,B_VENTUREIN,2023-12-31,2024-04-30,1.0,estimated_fy_plus_4m,2,0.0,-0.3874068493761959,,-0.3874068493761959,1.0,-0.5001769424580628,,-8.617542709498284,-3.3278511597921403,-17.452497868274353,-1.018111199070337,0.0463763978872121,68.57470569891635,58.553549154128014,0.0,,,6.261047480707347,19.96132148003569,0.0,0.0,0.0,0.0,0.0,0.0024116023278068
407,2024,2024-12-31,12,0,,,,,,2,,,,,,,,,,,,,,,,,,,,,,,,,
408,2021,2021-12-31,12,0,,,,,,0,,,,,,,,,,,,,,,,,,,,,,,,,
408,2022,2022-12-31,12,1,B_VENTUREIN,2022-12-31,2023-04-30,1.0,estimated_fy_plus_4m,1,,,,,,,,-17.337412405647626,,-17.1039695577135,-0.2982623989841165,0.0188092196070304,23.1163440777298,3.031886181369525,0.0,,,7.824218668773783,18.38175278794153,,0.0,0.0,0.0,,
408,2023,2023-12-31,12,1,B_VENTUREIN,2023-12-31,2024-04-30,1.0,estimated_fy_plus_4m,2,0.0,-0.7607452537896904,,-0.7607452537896904,1.0,-0.2771812568476318,1.5142623009110654,-69.16013384321224,-51.82272143756461,-67.21758213106206,-0.3879856244673011,0.0305352146873637,8.33156645839735,2.3812694185530403,0.0,,,31.448374760994263,16.951526376965322,0.0,0.0,0.0,0.0,0.0,-1.8130416801964901e-07
408,2024,2024-12-31,12,1,B_VENTUREIN,2024-12-31,2025-04-30,1.0,estimated_fy_plus_4m,3,0.0,6.450851729532418,,0.3351597805505995,2.0,0.3321081154838474,,-6.741401734525455,62.41873210868678,-6.888235671501642,-0.2223858715443621,0.297377388852255,1.551025887156212,0.2047399000579998,0.2824425784823193,,,1.8881890131168384,18.95985472893379,0.0,0.0,0.0,0.0,0.0,0.2627465213729195
409,2021,2021-12-31,12,0,,,,,,0,,,,,,,,,,,,,,,,,,,,,,,,,
409,2022,2022-12-31,12,0,,,,,,0,,,,,,,,,,,,,,,,,,,,,,,,,
409,2023,2023-12-31,12,1,B_VENTUREIN,2023-12-31,2024-04-30,1.0,estimated_fy_plus_4m,1,,,,,,,,-2.809989098855713,,-2.7607898022008324,-1.933258103793176,0.9961538577585676,0.7266994087614183,0.3405434618516236,0.2728772364170587,,,1.657820797409108,21.66051264828201,,0.0,0.0,0.0,,
409,2024,2024-12-31,12,1,B_VENTUREIN,2024-12-31,2025-04-30,1.0,estimated_fy_plus_4m,2,0.0,2.25978684208774,,2.25978684208774,1.0,0.3308192513380719,,-0.1182332478175449,2.691755851038168,-0.1327413317632073,-0.2276841483248825,0.790629845486498,0.4723503568790015,0.165945960613188,0.4214586765472425,,,0.3184215427689091,22.842174455660224,0.0,0.0,0.0,0.0,0.0,0.5777941378560294
410,2021,2021-12-31,12,0,,,,,,0,,,,,,,,,,,,,,,,,,,,,,,,,
410,2022,2022-12-31,12,1,B_VENTUREIN,2022-12-31,2023-04-30,1.0,estimated_fy_plus_4m,1,,,,,,,,,,,-1.094548805063703,0.1790712311813677,4.045038479959043,1.8687924229162196,0.0,,,,,,0.0,1.0,0.0,,
410,2023,2023-12-31,12,1,B_VENTUREIN,2023-12-31,2024-04-30,1.0,estimated_fy_plus_4m,2,0.0,,,,,-0.5826478911678908,,,,,-1.6991349128009414,0.6223757682165287,0.2019926162258975,0.1418860040225511,0.3434521196834471,,,,,0.0,0.0,1.0,0.0,1.0,0.045810896369573
410,2024,2024-12-31,12,0,,,,,,2,,,,,,,,,,,,,,,,,,,,,,,,,
411,2021,2021-12-31,12,0,,,,,,0,,,,,,,,,,,,,,,,,,,,,,,,,
411,2022,2022-12-31,12,0,,,,,,0,,,,,,,,,,,,,,,,,,,,,,,,,
411,2023,2023-12-31,12,1,A_DART,2023-12-31,2025-04-02,0.0,dart_rcept_dt_restated_report,1,,,,,,,,,,,-0.4271493636750603,12.212432434593437,0.0206711600488605,0.0110884599357562,,,0.0,,,,0.0,1.0,1.0,,
411,2024,2024-12-31,12,1,A_DART,2024-12-31,2025-04-02,0.0,dart_rcept_dt,2,0.0,,,,,2.8431359433667787,,-14.35999640625,,-31.217411045,-1.5173975730703957,5.319249628325365,0.1566950252563154,0.0383309196415474,,-12.63226898125,0.0,,20.5001222856322,0.0,0.0,0.0,1.0,1.0,0.44453409304698
412,2021,2021-12-31,12,1,C_FSC,2021-12-31,2022-04-30,1.0,estimated_fy_plus_4m,1,0.0,5.859171855141412,,2.543783379021228,2.0,0.7686992670942481,,0.3590483056957462,1.9063330725976455,0.3590483056957462,0.089487870619946,0.2889487870619946,,,,,,,21.050408978279105,1.0,1.0,0.0,0.0,0.0,0.3178792771375358
412,2022,2022-12-31,12,1,C_FSC,2022-12-31,2023-04-30,1.0,estimated_fy_plus_4m,2,0.0,-0.1183922134102379,1.2287939337595213,1.2287939337595213,3.0,0.0596601976639712,0.5907151705190994,-1.146394720270856,-1.5054430259666025,-1.0938141463374742,-0.2268107442264375,0.3860591021651824,,,,,,,20.924400969995272,0.0,0.0,0.0,0.0,0.0,0.1798598382749326
412,2023,2023-12-31,12,0,,,,,,2,,,,,,,,,,,,,,,,,,,,,,,,,
412,2024,2024-12-31,12,0,,,,,,2,,,,,,,,,,,,,,,,,,,,,,,,,
413,2021,2021-12-31,12,0,,,,,,0,,,,,,,,,,,,,,,,,,,,,,,,,
413,2022,2022-12-31,12,0,,,,,,0,,,,,,,,,,,,,,,,,,,,,,,,,
413,2023,2023-12-31,12,1,B_VENTUREIN,2023-12-31,2024-04-30,1.0,estimated_fy_plus_4m,1,,,,,,,,-1.7216882515930847,,-0.2859579972013001,-0.1390946859169749,1.2515769234941263,2.819378841072244,0.2708830816908578,1.175820867999436,,,0.0,19.698102875001307,,0.0,0.0,1.0,,
413,2024,2024-12-31,12,1,B_VENTUREIN,2024-12-31,2025-04-30,1.0,estimated_fy_plus_4m,2,0.0,0.0480768694701982,,0.0480768694701982,1.0,-0.0153190727744091,,-0.9919943614771866,0.7296938901158981,-0.239639879250502,-0.1240694891588429,0.7505032951719466,2.872501233958539,0.1490210595590654,0.6854425830402608,,,0.0,19.745059806941377,0.0,0.0,0.0,0.0,0.0,0.6194204297692784
414,2021,2021-12-31,12,0,,,,,,0,,,,,,,,,,,,,,,,,,,,,,,,,
414,2022,2022-12-31,12,0,,,,,,0,,,,,,,,,,,,,,,,,,,,,,,,,
414,2023,2023-12-31,12,1,A_DART,2023-12-31,2025-03-24,0.0,dart_rcept_dt_restated_report,1,,,,,,,,-63.008554454545454,,-56.63158612121212,-0.3874003857734276,0.0184880056059131,41.16058057683168,5.561777346804275,,-50.37255390909091,0.0,30.39715118181818,17.312018119430753,,0.0,0.0,0.0,,
414,2024,2024-12-31,12,1,A_DART,2024-12-31,2025-03-24,0.0,dart_rcept_dt,2,0.0,1.7009318787878789,,1.7009318787878789,1.0,-0.5501061055313203,,-35.604349057887454,27.404205396658,-34.966933668415585,-1.4360263355887972,0.1034443046598533,4.336461994271823,3.075391238774494,,-30.31699234401164,0.0,11.584418877112132,18.305614973185637,0.0,0.0,0.0,0.0,0.0,0.067902419668198
415,2021,2021-12-31,12,0,,,,,,0,,,,,,,,,,,,,,,,,,,,,,,,,
415,2022,2022-12-31,12,1,B_VENTUREIN,2022-12-31,2023-04-30,1.0,estimated_fy_plus_4m,1,,,,,,,,,,,-0.552881679748202,0.1404930416670984,59.5630150694608,55.821638803861546,0.1172475543842237,,,,,,0.0,1.0,0.0,,
415,2023,2023-12-31,12,1,B_VENTUREIN,2023-12-31,2024-04-30,1.0,estimated_fy_plus_4m,2,0.0,,,,,1.9974370399538528,,,,,-0.2433886273673778,0.0497172558743109,77.79704764091964,75.69598611855368,0.0392871250111234,,,,,0.0,0.0,1.0,0.0,1.0,2.718447824112933
415,2024,2024-12-31,12,1,B_VENTUREIN,2024-12-31,2025-04-30,1.0,estimated_fy_plus_4m,3,0.0,,,,,-0.314756663356835,,,,,-0.576365126093208,0.0833365254087647,63.02282908867751,59.22327912447581,0.0573340346556622,,,,,0.0,0.0,1.0,0.0,1.0,0.0728051559109943
416,2021,2021-12-31,12,1,C_FSC,2021-12-31,2022-04-30,1.0,estimated_fy_plus_4m,1,0.0,,,,,1.5222972972972977,,,,,-0.3064559335654969,0.0715242432360032,,,,,,,,0.0,0.0,1.0,0.0,1.0,2.5
416,2022,2022-12-31,12,1,C_FSC,2022-12-31,2023-04-30,1.0,estimated_fy_plus_4m,2,0.0,,,,,-0.029199035628181,1.001473839884894,,,,-0.5601545253863135,0.1352097130242825,,,,,,,,0.0,0.0,1.0,0.0,1.0,0.4548620412536833
416,2023,2023-12-31,12,1,C_FSC,2023-12-31,2024-04-30,1.0,estimated_fy_plus_4m,3,0.0,,,,,1.0038631346578368,0.6992795975010209,-28.337209302325583,,-33.104651162790695,-0.3920407601211787,0.1349490498485265,,,,,,,18.269857854217783,0.0,0.0,0.0,0.0,1.0,1.6542494481236203
416,2024,2024-12-31,12,1,C_FSC,2024-12-31,2025-04-30,1.0,estimated_fy_plus_4m,4,0.0,6.978244186046512,,6.978244186046512,1.0,-0.2464230239603415,0.1359920495469389,-4.164292720465102,24.17291658186048,-10.844386405471855,-1.359649270275466,0.2076811300771351,,,,,,,20.346576214658835,0.0,0.0,0.0,0.0,0.0,0.7566226934728725
417,2021,2021-12-31,12,1,C_FSC,2021-12-31,2022-04-30,1.0,estimated_fy_plus_4m,1,0.0,0.0928270383220313,,0.5103391060979139,2.0,1.0842708869001467,,0.061582955621821,0.0291740295849183,0.0690959979205197,0.041578183662278,0.0586370411601733,,,,,,,22.43592672212037,0.0,1.0,0.0,0.0,0.0,1.289428775754773
417,2022,2022-12-31,12,1,C_FSC,2022-12-31,2023-04-30,1.0,estimated_fy_plus_4m,2,0.0,0.0335707623059213,0.3309540132102275,0.3309540132102275,3.0,0.0055749177330577,0.3492410921959479,0.0358408733011402,-0.0257420823206808,-0.6234255337752685,-0.3855875377210749,1.9024950421262747,,,,,,,22.46894628852376,0.0,1.0,0.0,1.0,0.0,-1.4611521800576857
417,2023,2023-12-31,12,1,A_DART,2023-12-31,2025-04-03,0.0,dart_rcept_dt_restated_report,3,1.0,-0.2993532385691017,-0.0750244452775922,-0.0750244452775922,3.0,0.0877444352643961,0.3161290897131978,-0.5439028919793236,-0.5797437652804639,-2.899436137754331,-1.1551122761896977,2.8856750247677416,0.2134203700122285,0.0599151777138672,0.0396946646265618,-0.1894515800820192,0.0,,22.11319486291196,0.0,0.0,0.0,1.0,0.0,0.1078294777490454
417,2024,2024-12-31,12,1,A_DART,2024-12-31,2025-04-03,0.0,dart_rcept_dt,4,0.0,0.7056226961737162,0.0729366990172171,0.0729366990172171,3.0,0.1258561110695997,0.0718682264612544,-0.1366462254964968,0.4072566664828267,0.8963344387608414,0.5409795046894496,2.0874196028889687,0.2328943367382707,0.053714318307184,0.2159510602173757,-0.0923714118530287,0.0,,22.64712512466888,0.0,0.0,0.0,1.0,0.0,0.0523319382402966
418,2021,2021-12-31,12,0,,,,,,0,,,,,,,,,,,,,,,,,,,,,,,,,
418,2022,2022-12-31,12,1,B_VENTUREIN,2022-12-31,2023-04-30,1.0,estimated_fy_plus_4m,1,,,,,,,,-72.52116402116403,,-50.00619434765776,-0.8038489523719631,0.1459320106233076,9.696412231203292,8.774318794163998,0.0518614904058835,,,35.64656729900632,17.249368721865977,,0.0,0.0,0.0,,
418,2023,2023-12-31,12,1,B_VENTUREIN,2023-12-31,2024-04-30,1.0,estimated_fy_plus_4m,2,0.0,0.5307781649245065,,0.5307781649245065,1.0,-0.3264297046021368,,-57.87881470241106,14.642349318752965,-38.98309728544933,-1.424151920214785,1.156180343659122,0.4818277713847334,0.022618058219324,1.018301692271327,,,25.32981369077727,17.6751449325007,0.0,0.0,0.0,1.0,0.0,0.0
418,2024,2024-12-31,12,0,,,,,,2,,,,,,,,,,,,,,,,,,,,,,,,,
419,2021,2021-12-31,12,1,C_FSC,2021-12-31,2022-04-30,1.0,estimated_fy_plus_4m,1,0.0,0.2645160092060479,,0.2645160092060479,1.0,0.195943575665316,,-2.6842105263157894,-0.7956489016680972,-2.7429620563035497,-0.6030678148546824,0.935145317545748,,,,,,,20.52114965282428,0.0,0.0,0.0,0.0,0.0,0.5612074653140962
419,2022,2022-12-31,12,1,C_FSC,2022-12-31,2023-04-30,1.0,estimated_fy_plus_4m,2,0.0,1.4516523867809057,,0.7607253312463798,2.0,0.2744886975242195,0.560299558371586,-0.8422366450324513,1.8419738812833384,-0.9326010983524712,-0.3944256756756756,0.8745777027027027,,,,,,,21.41791189363009,0.0,0.0,0.0,0.0,0.0,0.5976856835306782
419,2023,2023-12-31,12,1,C_FSC,2023-12-31,2024-04-30,1.0,estimated_fy_plus_4m,3,0.0,-0.3864203694458312,0.2390382668233364,0.2390382668233364,3.0,0.1929898648648649,0.220565651863569,-2.375915378356387,-1.533678733323936,-2.553295362082994,-0.5553982300884955,0.7976991150442478,,,,,,,20.92946666753031,0.0,0.0,0.0,0.0,0.0,0.7785050675675675
419,2024,2024-12-31,12,0,,,,,,3,,,,,,,,,,,,,,,,,,,,,,,,,
420,2021,2021-12-31,12,1,C_FSC,2021-12-31,2022-04-30,1.0,estimated_fy_plus_4m,1,0.0,0.3967849441286022,,0.2644995287593172,2.0,0.2382032192571066,,0.0188933873144399,0.0026286654650288,0.0175438596491228,0.0074820143884892,0.4748201438848921,,,,,,,21.116658363820303,0.0,1.0,0.0,0.0,0.0,0.2431132740373549
420,2022,2022-12-31,12,1,C_FSC,2022-12-31,2023-04-30,1.0,estimated_fy_plus_4m,2,0.0,0.0526963562753035,0.1895430240373117,0.1895430240373117,3.0,0.014643165467626,0.1131373790988301,0.0276450936352634,0.0087517063208235,0.0188802483949705,0.0083539309988839,0.417082519707818,,,,,,,21.16801319477598,0.0,1.0,0.0,0.0,0.0,0.0577971223021582
420,2023,2023-12-31,12,0,,,,,,2,,,,,,,,,,,,,,,,,,,,,,,,,
420,2024,2024-12-31,12,0,,,,,,2,,,,,,,,,,,,,,,,,,,,,,,,,
421,2021,2021-12-31,12,0,,,,,,0,,,,,,,,,,,,,,,,,,,,,,,,,
421,2022,2022-12-31,12,0,,,,,,0,,,,,,,,,,,,,,,,,,,,,,,,,
421,2023,2023-12-31,12,1,B_VENTUREIN,2023-12-31,2024-04-30,1.0,estimated_fy_plus_4m,1,,,,,,,,-4.834255233926984,,-5.206785787555807,-9.989612502483478,13.095080652114424,0.0411921414709374,0.0072574014879163,7.750928726997373,,,2.3781713738630925,20.05345425108343,,0.0,0.0,1.0,,
421,2024,2024-12-31,12,1,B_VENTUREIN,2024-12-31,2025-04-30,1.0,estimated_fy_plus_4m,2,0.0,1.254075282578326,,1.254075282578326,1.0,10.23145638638042,,-2.852416727127102,1.9818385067998825,-3.2754196040903327,-1.2611833170512563,0.5734120302242521,1.731675812145424,0.6411056039807909,0.1443525446266308,,,1.4761075094894711,20.86619406568999,0.0,0.0,0.0,0.0,0.0,31.05121025029708
422,2021,2021-12-31,12,1,C_FSC,2021-12-31,2022-04-30,1.0,estimated_fy_plus_4m,1,0.0,,,,,3.9635961538461535,,,,,-0.9997985331664776,0.5382573893772737,,,,,,,,0.0,0.0,1.0,0.0,1.0,6.389115384615384
422,2022,2022-12-31,12,1,C_FSC,2022-12-31,2023-04-30,1.0,estimated_fy_plus_4m,2,0.0,,,,,3.002216135168748,3.3365663267460253,,,,-0.372055501774766,0.2723459180380768,,,,,,,,0.0,0.0,1.0,0.0,1.0,3.939532829407959
422,2023,2023-12-31,12,1,C_FSC,2023-12-31,2024-04-30,1.0,estimated_fy_plus_4m,3,0.0,,,,,-0.483704420780897,1.172693481693348,-54.972972972972975,,-39.45945945945946,-0.9125,0.50375,,,,,,,17.4264284706085,0.0,0.0,0.0,0.0,1.0,-0.0003226847370119
422,2024,2024-12-31,12,1,C_FSC,2024-12-31,2025-04-30,1.0,estimated_fy_plus_4m,4,0.0,2.0092162162162164,,2.0092162162162164,1.0,4.309715,1.2220647942994385,-19.29466234361107,35.6783106293619,-14.797747460504215,-0.1939364918832743,0.1593316449187951,,,,,,,18.528108122177414,0.0,0.0,0.0,0.0,0.0,4.997206875
423,2021,2021-12-31,12,1,A_DART,2021-12-31,2023-04-06,0.0,dart_rcept_dt_restated_report,1,,,,,,,,-2.8529750401834217,,-2.7842001418605227,-0.0935885442963413,0.0155737288593021,62.048582386757,60.83347621947854,,-2.794111088067337,0.0,0.0611745353228977,16.919689485149657,,0.0,0.0,0.0,,
423,2022,2022-12-31,12,1,A_DART,2022-12-31,2023-04-06,0.0,dart_rcept_dt,2,0.0,3.724796104097863,,3.724796104097863,1.0,6.492977029521639,,-2.8321930497531334,0.0207819904302883,-2.561153456133688,-0.0542858337080364,0.0146723492675039,222.5906107141596,223.4694145996946,,-2.580431950246867,0.0,0.7320738226357767,18.47251389259238,0.0,0.0,0.0,0.0,0.0,6.805373687353164
423,2023,2023-12-31,12,1,A_DART,2023-12-31,2024-04-03,0.0,dart_rcept_dt,3,0.0,6.0413041492594,,4.767904854640802,2.0,1.9997261701796625,,-0.6889774276708877,2.143215622082246,-0.5122290222750571,-0.0254851142420059,0.0239644828088902,60.35406724284399,3.436288044814272,,-1.2538725726580675,0.0,0.0996806156351431,20.4243072940803,0.0,0.0,0.0,0.0,0.0,2.0189599973522814
423,2024,2024-12-31,12,1,A_DART,2024-12-31,2025-04-03,0.0,dart_rcept_dt,4,0.0,-0.3771564776966503,1.7466608834523414,1.7466608834523414,3.0,-0.0621820867319061,1.7623890620821774,-2.8207803449575986,-2.131802917286711,-1.7366905308183247,-0.0573859093234189,0.0166342843199726,58.89395636608929,1.472667291734954,,-1.051895315092248,0.0,0.4266949671765285,19.950847334285232,0.0,0.0,0.0,0.0,0.0,0.0
424,2021,2021-12-31,12,0,,,,,,0,,,,,,,,,,,,,,,,,,,,,,,,,
424,2022,2022-12-31,12,1,B_VENTUREIN,2022-12-31,2023-04-30,1.0,estimated_fy_plus_4m,1,,,,,,,,-95.72392482650322,,-96.6764854870574,-0.9487109447040688,0.4356384530839348,2.923066445821081,2.428805269161638,0.2925185927889656,,,48.56742312952738,17.49135542980775,,0.0,0.0,0.0,,
424,2023,2023-12-31,12,1,B_VENTUREIN,2023-12-31,2024-04-30,1.0,estimated_fy_plus_4m,2,0.0,0.5587862823565168,,0.5587862823565168,1.0,1.0846303090919125,,-39.450913167814896,56.273011658688326,-40.611611204991554,-0.2980031152365686,0.3124819068757926,3.660000608167218,3.43060168789794,0.1323808619933985,,,15.934095931366176,17.93526292412091,0.0,0.0,0.0,0.0,0.0,1.4900858342856944
424,2024,2024-12-31,12,1,B_VENTUREIN,2024-12-31,2025-04-30,1.0,estimated_fy_plus_4m,3,0.0,0.2492525672689458,,0.3954632797237964,2.0,-0.1352667004007552,,-36.00946881015556,3.441444357659336,-37.86365173508142,-0.4013850090863214,0.5814168870455805,1.4043808701767095,1.179403144558681,0.4534915465498176,,,10.100228916289476,18.15780835040916,0.0,0.0,0.0,0.0,0.0,0.0215356466142786
425,2021,2021-12-31,12,1,A_DART,2021-12-31,2022-03-31,0.0,dart_rcept_dt,1,0.0,0.4572439692370496,,-0.1550589656567388,2.0,0.7485347242630747,,-2.4223045295593475,0.519244099938617,-4.464946727716731,-0.396609744242196,0.286013785991318,2.674253955199552,0.8074081518485788,0.115795615657538,-1.8814440634298069,0.0,,22.21163825968651,0.0,0.0,0.0,0.0,0.0,3.2055922041154705
425,2022,2022-12-31,12,1,A_DART,2022-12-31,2023-04-03,0.0,dart_rcept_dt,2,0.0,0.2197583487548076,-0.0450612109805698,-0.0450612109805698,3.0,-0.1758217366154765,0.3174906597132587,-2.0586542816645053,0.3636502478948422,-1.859161044768637,-0.2444087514546878,0.3334918265981164,2.1124245502983063,1.909999831733168,0.1404982645162447,-1.2421520946789422,0.0,,22.41029102402113,0.0,0.0,0.0,0.0,0.0,0.0367717152071775
425,2023,2023-12-31,12,1,A_DART,2023-12-31,2024-04-01,0.0,dart_rcept_dt,3,0.0,-0.3188959846619933,0.0657937493831679,0.0657937493831679,3.0,-0.2212575226303289,0.0391935138335286,-2.868327581254476,-0.8096732995899707,-2.576911965632833,-0.2962913002155305,0.4199670517349143,1.5074170600546828,1.3602700388413054,0.1629212765741564,-1.671934188114143,0.0,,22.02625077864109,0.0,0.0,0.0,0.0,0.0,0.0159227428390266
425,2024,2024-12-31,12,1,A_DART,2024-12-31,2025-03-28,0.0,dart_rcept_dt,4,0.0,-0.2484603036131848,-0.1453012771855455,-0.1453012771855455,3.0,-0.3086899932969282,-0.2372844137410799,-2.9041113843768054,-0.0357838031223294,-2.5243876587990943,-0.3155400192393474,0.4593483819003981,1.0958208039633526,0.250765308271737,0.1719487951690776,-2.381982176848554,0.0,,21.74061953032692,0.0,0.0,0.0,0.0,0.0,0.0118608982828173
426,2021,2021-12-31,12,1,C_FSC,2021-12-31,2022-04-30,1.0,estimated_fy_plus_4m,1,0.0,0.3345624113742849,,0.4113047627356956,2.0,-0.0748772511938217,,-1.2089925112906346,-0.3072154140624964,-1.378165935336214,-0.6285578986911388,0.8514634661480388,,,,,,,21.40645409161625,0.0,0.0,0.0,0.0,0.0,0.3752671196843209
426,2022,2022-12-31,12,0,,,,,,1,,,,,,,,,,,,,,,,,,,,,,,,,
426,2023,2023-12-31,12,0,,,,,,1,,,,,,,,,,,,,,,,,,,,,,,,,
426,2024,2024-12-31,12,0,,,,,,1,,,,,,,,,,,,,,,,,,,,,,,,,
427,2021,2021-12-31,12,1,C_FSC,2021-12-31,2022-04-30,1.0,estimated_fy_plus_4m,1,0.0,0.7054291073148478,,0.3031163628774176,2.0,0.6897322297633328,,-18.25830038938264,17.405071300855784,-11.497022659493307,-0.5044711387763744,0.3864742889413385,,,,,,,18.42992785730903,0.0,0.0,0.0,0.0,0.0,1.625307523292433
427,2022,2022-12-31,12,1,C_FSC,2022-12-31,2023-04-30,1.0,estimated_fy_plus_4m,2,0.0,4.779637170684342,1.1410278864239798,1.1410278864239798,3.0,0.1649536974441754,0.0372865089266474,-4.786063877750787,13.472236511631849,-4.758475861986207,-1.0358830327997632,0.389674965470889,,,,,,,20.18426876478499,0.0,0.0,0.0,0.0,0.0,1.304230463738541
427,2023,2023-12-31,12,0,,,,,,2,,,,,,,,,,,,,,,,,,,,,,,,,
427,2024,2024-12-31,12,0,,,,,,2,,,,,,,,,,,,,,,,,,,,,,,,,
428,2021,2021-12-31,12,0,,,,,,0,,,,,,,,,,,,,,,,,,,,,,,,,
428,2022,2022-12-31,12,1,B_VENTUREIN,2022-12-31,2023-04-30,1.0,estimated_fy_plus_4m,1,,,,,,,,-16.13612540231638,,-15.453331300013645,-0.6449789456405584,0.2893421727026963,3.664730452129732,2.583149166965385,0.1950531467641275,,,5.790442327294909,18.640546930569187,,0.0,0.0,0.0,,
428,2023,2023-12-31,12,1,B_VENTUREIN,2023-12-31,2024-04-30,1.0,estimated_fy_plus_4m,2,0.0,24.441797561621627,,24.441797561621627,1.0,7.315822761487775,,-1.413546010040321,14.72257939227606,-2.551537485263354,-0.3258126511754117,0.0327654753427878,59.57416559221918,21.75420183149026,0.0012944828940857,,,0.5754290702402882,21.87694032541366,0.0,0.0,0.0,0.0,0.0,10.042093309169116
428,2024,2024-12-31,12,0,,,,,,2,,,,,,,,,,,,,,,,,,,,,,,,,
429,2021,2021-12-31,12,0,,,,,,0,,,,,,,,,,,,,,,,,,,,,,,,,
429,2022,2022-12-31,12,1,C_FSC,2022-12-31,2023-04-30,1.0,estimated_fy_plus_4m,1,,,0.1343876833568185,0.1343876833568185,3.0,,0.4800852348386522,0.0127503517608967,,0.0044244720971226,0.0029581815336381,0.6607481178586385,,,,,,,21.14817272293871,,1.0,0.0,0.0,,
429,2023,2023-12-31,12,0,,,,,,1,,,,,,,,,,,,,,,,,,,,,,,,,
429,2024,2024-12-31,12,0,,,,,,1,,,,,,,,,,,,,,,,,,,,,,,,,
430,2021,2021-12-31,12,0,,,,,,0,,,,,,,,,,,,,,,,,,,,,,,,,
430,2022,2022-12-31,12,1,B_VENTUREIN,2022-12-31,2023-04-30,1.0,estimated_fy_plus_4m,1,,,,,,,,0.3937336109360999,,0.3953774910297123,0.6386138922930645,0.2185505274952322,3.9227531275993313,0.9110930003948884,0.0,,,0.0613571992284904,22.204445514901863,,1.0,0.0,0.0,,
430,2023,2023-12-31,12,1,B_VENTUREIN,2023-12-31,2024-04-30,1.0,estimated_fy_plus_4m,2,0.0,0.2208376694555027,,0.2208376694555027,1.0,0.2240390339494147,,0.3193661717389863,-0.0743674391971135,0.3061056683386089,0.4931288896862988,0.1920811589993798,4.568484666726023,1.1785526289071224,0.0,,,0.0644270760777173,22.403982752343055,0.0,1.0,0.0,0.0,0.0,-0.3961335501069974
430,2024,2024-12-31,12,1,B_VENTUREIN,2024-12-31,2025-04-30,1.0,estimated_fy_plus_4m,3,0.0,0.4971035891506767,,0.3519321198611196,2.0,1.6894965606194754,,0.3516904906031607,0.0323243188641744,0.3633877436165758,0.3258668691329339,0.2568810102757357,2.631551291215496,1.7244451547174335,0.0,,,0.0759063134986715,22.807515053215933,0.0,1.0,0.0,0.0,0.0,0.3142790022121126
431,2021,2021-12-31,12,0,,,,,,0,,,,,,,,,,,,,,,,,,,,,,,,,
431,2022,2022-12-31,12,0,,,,,,0,,,,,,,,,,,,,,,,,,,,,,,,,
431,2023,2023-12-31,12,0,,,,,,0,,,,,,,,,,,,,,,,,,,,,,,,,
431,2024,2024-12-31,12,0,,,,,,0,,,,,,,,,,,,,,,,,,,,,,,,,
432,2021,2021-12-31,12,0,,,,,,0,,,,,,,,,,,,,,,,,,,,,,,,,
432,2022,2022-12-31,12,1,B_VENTUREIN,2022-12-31,2023-04-30,1.0,estimated_fy_plus_4m,1,,,,,,,,0.1802342106619605,,0.1831874937102827,0.1019848849536335,0.1643567933669363,12.60491256769652,4.574432092798453,0.1093193965678628,,,0.0236223371484815,21.43477097431749,,1.0,0.0,0.0,,
432,2023,2023-12-31,12,1,B_VENTUREIN,2023-12-31,2024-04-30,1.0,estimated_fy_plus_4m,2,0.0,0.0362906254372119,,0.0362906254372119,1.0,0.1854991646631609,,0.2146978111124638,0.0344636004505033,0.2072680900491288,0.100867847233989,0.1954748377325084,4.451836791923724,1.2244111048794166,0.159068824930926,,,0.0011369121749556,21.47041860529838,0.0,1.0,0.0,0.0,0.0,-0.0014580474517238
432,2024,2024-12-31,12,0,,,,,,2,,,,,,,,,,,,,,,,,,,,,,,,,
433,2021,2021-12-31,12,1,C_FSC,2021-12-31,2022-04-30,1.0,estimated_fy_plus_4m,1,0.0,,,,,-0.1170046801872074,,-33.80952380952381,,-34.904761904761905,-0.6475265017667845,0.8100706713780919,,,,,,,16.860032995687696,0.0,0.0,0.0,0.0,1.0,0.4266770670826833
433,2022,2022-12-31,12,1,C_FSC,2022-12-31,2023-04-30,1.0,estimated_fy_plus_4m,2,0.0,13.571428571428571,,13.571428571428571,1.0,-0.2067137809187279,-0.1520741737438878,-1.607843137254902,32.20168067226891,-1.4803921568627452,-0.5044543429844098,0.930957683741648,,,,,,,19.53909565991665,0.0,0.0,0.0,0.0,0.0,0.2650176678445229
433,2023,2023-12-31,12,0,,,,,,2,,,,,,,,,,,,,,,,,,,,,,,,,
433,2024,2024-12-31,12,1,C_FSC,2024-12-31,2025-04-30,1.0,estimated_fy_plus_4m,3,,,2.331938781728474,2.331938781728474,3.0,,-0.1565325656447735,-0.4074152744199937,,-0.4084670224844941,-0.4671065415937958,0.8911471490569483,,,,,,,20.47069604960337,,0.0,0.0,0.0,,
434,2021,2021-12-31,12,0,,,,,,0,,,,,,,,,,,,,,,,,,,,,,,,,
434,2022,2022-12-31,12,1,A_DART,2022-12-31,2024-04-04,0.0,dart_rcept_dt_restated_report,1,,,,,,,,-0.8183839804649649,,-2.075137373212067,-0.5615443893602514,2.1458667954036565,0.4091480215109869,0.0865499720840674,,-0.541697045845583,0.0,,22.89930854304667,,0.0,0.0,1.0,,
434,2023,2023-12-31,12,1,A_DART,2023-12-31,2024-04-04,0.0,dart_rcept_dt,2,0.0,-0.9861130497573006,,-0.9861130497573006,1.0,-0.5198213498530366,,-140.69114396473464,-139.87275998426966,-224.1352258450549,-1.7540880519320254,5.140036509423893,0.1484576756768956,0.1255599881636504,0.0012786370878444,-136.1619760001201,0.0,,18.622502831762414,0.0,0.0,0.0,1.0,0.0,0.0001852857649822
434,2024,2024-12-31,12,1,A_DART,2024-12-31,2025-04-08,0.0,dart_rcept_dt,3,0.0,-0.1892240833626307,,-0.8938905997928455,2.0,0.4016726821724588,,-181.28540674592244,-40.59426278118781,-127.9375862352484,-0.5791534618221377,0.1235281570274335,10.030726443849884,9.238675871405675,,-167.4169156755007,0.0,,18.412739263707024,0.0,0.0,0.0,0.0,0.0,6.180346734633589
435,2021,2021-12-31,12,0,,,,,,0,,,,,,,,,,,,,,,,,,,,,,,,,
435,2022,2022-12-31,12,0,,,,,,0,,,,,,,,,,,,,,,,,,,,,,,,,
435,2023,2023-12-31,12,1,B_VENTUREIN,2023-12-31,2024-04-30,1.0,estimated_fy_plus_4m,1,,,,,,,,-16.128436574105972,,-15.729867803250288,-0.5302722252105558,0.1935660384308184,8.084041955486924,1.7249764750083587,0.0,,,5.601401698969397,18.43646550650781,,0.0,0.0,0.0,,
435,2024,2024-12-31,12,1,B_VENTUREIN,2024-12-31,2025-04-30,1.0,estimated_fy_plus_4m,2,0.0,8.643029402210825,,8.643029402210825,1.0,-0.2394133073353838,,-1.1611532749108096,14.967283299195165,-0.9888214608353024,-0.4226262411205184,0.3428655693818982,4.012218311283732,2.2601502339820096,0.0872569131470863,,,0.7635572069474146,20.7027008191044,0.0,0.0,0.0,0.0,0.0,0.0148176366178198
436,2021,2021-12-31,12,0,,,,,,0,,,,,,,,,,,,,,,,,,,,,,,,,
436,2022,2022-12-31,12,0,,,,,,0,,,,,,,,,,,,,,,,,,,,,,,,,
436,2023,2023-12-31,12,1,B_VENTUREIN,2023-12-31,2024-04-30,1.0,estimated_fy_plus_4m,1,,,,,,,,0.2261905035038089,,0.2524218459027652,0.2555819823224159,0.0403884283025639,18.9515414701484,0.6285900532995897,0.0,,,0.1725619217835737,21.68458882374268,,1.0,0.0,0.0,,
436,2024,2024-12-31,12,1,B_VENTUREIN,2024-12-31,2025-04-30,1.0,estimated_fy_plus_4m,2,0.0,0.0382096044821833,,0.0382096044821833,1.0,0.1162175901602087,,0.0837106705590042,-0.1424798329448047,0.1095939048528256,0.1032109741698543,0.0388624579776259,21.22832024277044,1.332863263120314,0.0,,,0.226238435875507,21.7220865192014,0.0,1.0,0.0,0.0,0.0,-0.0019788455946777
437,2021,2021-12-31,12,1,C_FSC,2021-12-31,2022-04-30,1.0,estimated_fy_plus_4m,1,0.0,0.9086879432624112,,0.5981157350856512,2.0,0.1484375,,0.1105434277751973,0.0573519384134952,0.1082210868555503,0.1056689342403628,0.6421768707482993,,,,,,,21.49012805532864,0.0,1.0,0.0,0.0,0.0,0.0005208333333333
437,2022,2022-12-31,12,1,C_FSC,2022-12-31,2023-04-30,1.0,estimated_fy_plus_4m,2,0.0,0.3687877380399442,0.5176938947019321,0.5176938947019321,3.0,-0.0131519274376417,0.0464327151614039,0.0984051577875805,-0.0121382699876168,0.0882253138785205,0.119485294117647,0.5183823529411765,,,,,,,21.804053540701968,0.0,1.0,0.0,0.0,0.0,-0.000453514739229
437,2023,2023-12-31,12,1,C_FSC,2023-12-31,2024-04-30,1.0,estimated_fy_plus_4m,3,0.0,-0.1184255174753987,0.3206163882359703,0.3206163882359703,3.0,0.2035845588235294,0.1090337342159781,0.0423402617397998,-0.0560648960477807,0.0588914549653579,0.0584192439862542,0.5410462008400153,,,,,,,21.67800775519482,0.0,1.0,0.0,0.0,0.0,0.0004595588235294
437,2024,2024-12-31,12,0,,,,,,3,,,,,,,,,,,,,,,,,,,,,,,,,
438,2021,2021-12-31,12,0,,,,,,0,,,,,,,,,,,,,,,,,,,,,,,,,
438,2022,2022-12-31,12,1,B_VENTUREIN,2022-12-31,2023-04-30,1.0,estimated_fy_plus_4m,1,,,,,,,,,,,-0.1297165977301769,0.0129613780946806,74.55296957303352,52.23804355569337,0.0,,,,,,0.0,1.0,0.0,,
438,2023,2023-12-31,12,1,B_VENTUREIN,2023-12-31,2024-04-30,1.0,estimated_fy_plus_4m,2,0.0,,,,,0.6232977182441022,,-131.75734,,-117.29876,-0.1962359834081307,0.0194359994417671,47.84143215461872,38.49411675592671,0.0,,,93.5409,17.72753356339242,0.0,0.0,0.0,0.0,1.0,0.9232581612111764
438,2024,2024-12-31,12,1,B_VENTUREIN,2024-12-31,2025-04-30,1.0,estimated_fy_plus_4m,3,0.0,-1.0,,,,-0.2151324202034659,,,,,-0.2573592548557026,0.0080223911615361,116.05479182719132,86.16354119616335,0.0,,,,,0.0,0.0,1.0,0.0,0.0,0.0
439,2021,2021-12-31,12,0,,,,,,0,,,,,,,,,,,,,,,,,,,,,,,,,
439,2022,2022-12-31,12,0,,,,,,0,,,,,,,,,,,,,,,,,,,,,,,,,
439,2023,2023-12-31,12,1,C_FSC,2023-12-31,2024-04-30,1.0,estimated_fy_plus_4m,1,,,,,,,,-0.1934421646755926,,-0.1700705684322785,-0.114186249144625,0.5281796987009656,,,,,,,21.421594072630736,,0.0,0.0,0.0,,
439,2024,2024-12-31,12,0,,,,,,1,,,,,,,,,,,,,,,,,,,,,,,,,
440,2021,2021-12-31,12,0,,,,,,0,,,,,,,,,,,,,,,,,,,,,,,,,
440,2022,2022-12-31,12,1,B_VENTUREIN,2022-12-31,2023-04-30,1.0,estimated_fy_plus_4m,1,,,,,,,,-122.8243152972612,,-126.99265197060788,-1.3846240431492431,1.2748877204621885,0.315915441294441,0.0048094195161512,0.9243848710150944,,,11.520374081496326,16.616868936200134,,0.0,0.0,1.0,,
440,2023,2023-12-31,12,1,B_VENTUREIN,2023-12-31,2024-04-30,1.0,estimated_fy_plus_4m,2,0.0,12.900710511932957,,12.900710511932957,1.0,1.3772565985540552,,-13.134816931189194,109.689498366072,-14.46856528747985,-0.9224433022481906,0.555733501487597,1.5396991261067368,1.037738417722553,0.3119469556483845,,,1.3320533151596965,19.24880889099681,0.0,0.0,0.0,0.0,0.0,3.523908274751985
440,2024,2024-12-31,12,1,B_VENTUREIN,2024-12-31,2025-04-30,1.0,estimated_fy_plus_4m,3,0.0,5.242460780330533,,8.315290665860612,2.0,0.0755649721448079,,-2.5989741888617823,10.53584274232741,-2.6338957168990804,-0.9746124657821936,0.5148020578720183,1.4286631220478976,0.8867715632372396,0.2900307872859825,,,0.2740255214085063,21.080183351462523,0.0,0.0,0.0,0.0,0.0,1.1258541636841382
441,2021,2021-12-31,12,1,C_FSC,2021-12-31,2022-04-30,1.0,estimated_fy_plus_4m,1,0.0,0.1220578239232497,,0.186074927508334,2.0,0.0886040925292919,,0.0424667035500815,-0.0143613606058754,0.0253934906767119,0.0241796983203646,0.7571635063332578,,,,,,,21.76564739898676,0.0,1.0,0.0,0.0,0.0,-3.655088321554202e-07
441,2022,2022-12-31,12,1,C_FSC,2022-12-31,2023-04-30,1.0,estimated_fy_plus_4m,2,0.0,0.1161845200378142,0.1623049356350394,0.1623049356350394,3.0,0.074695340501792,0.0776651283890508,0.0486182410254693,0.0061515374753877,0.0104841068812159,0.0103683713280962,0.763866568024414,,,,,,,21.875563589814316,0.0,1.0,0.0,0.0,0.0,-0.0002078349407804
441,2023,2023-12-31,12,1,C_FSC,2023-12-31,2024-04-30,1.0,estimated_fy_plus_4m,3,0.0,0.2237524554108758,0.1529618480679351,0.1529618480679351,3.0,0.083392172937198,0.0822153113198864,0.0671075501511847,0.0184893091257154,0.0449103798218619,0.0501688000131498,0.7318740045672754,,,,,,,22.077485511139336,0.0,1.0,0.0,0.0,0.0,-3.124226753878415e-07
441,2024,2024-12-31,12,1,C_FSC,2024-12-31,2025-04-30,1.0,estimated_fy_plus_4m,4,0.0,0.044501988648171,0.1257612115840229,0.1257612115840229,3.0,0.1342184315714709,0.0971245166461025,0.0682821049072619,0.0011745547560771,0.0369111095403356,0.0379714040472456,0.7256311998747058,,,,,,,22.12102571707558,0.0,1.0,0.0,0.0,0.0,2.883744992737288e-07
442,2021,2021-12-31,12,1,C_FSC,2021-12-31,2022-04-30,1.0,estimated_fy_plus_4m,1,,,,,,,,,,,-0.4762589928057554,0.5194244604316547,,,,,,,,,0.0,1.0,0.0,,
442,2022,2022-12-31,12,1,C_FSC,2022-12-31,2023-04-30,1.0,estimated_fy_plus_4m,2,0.0,,,,,0.1884892086330936,,,,,-1.1803874092009683,0.2033898305084746,,,,,,,,0.0,0.0,1.0,0.0,1.0,1.8690647482014389
442,2023,2023-12-31,12,1,C_FSC,2023-12-31,2024-04-30,1.0,estimated_fy_plus_4m,3,0.0,,,,,3.1961259079903144,,-30.88,,-30.2,-0.6534910559723024,0.2550490478938257,,,,,,,18.132998671500584,0.0,0.0,0.0,0.0,1.0,5.071428571428571
442,2024,2024-12-31,12,1,C_FSC,2024-12-31,2025-04-30,1.0,estimated_fy_plus_4m,4,0.0,12.76,,12.76,1.0,0.6266589728793999,1.0093091208925555,-4.820736434108527,26.05926356589147,-4.211240310077519,-0.7708407236608726,0.4613338063142958,,,,,,,20.75476450400578,0.0,0.0,0.0,0.0,0.0,1.3851702250432776
443,2021,2021-12-31,12,0,,,,,,0,,,,,,,,,,,,,,,,,,,,,,,,,
443,2022,2022-12-31,12,1,C_FSC,2022-12-31,2023-04-30,1.0,estimated_fy_plus_4m,1,,,0.4234604796036241,0.4234604796036241,3.0,,0.3831582756030454,0.1454261298295395,,0.1095360051248083,0.0934945867754918,0.7783560110390879,,,,,,,22.74221771645235,,1.0,0.0,0.0,,
443,2023,2023-12-31,12,0,,,,,,1,,,,,,,,,,,,,,,,,,,,,,,,,
443,2024,2024-12-31,12,0,,,,,,1,,,,,,,,,,,,,,,,,,,,,,,,,
444,2021,2021-12-31,12,0,,,,,,0,,,,,,,,,,,,,,,,,,,,,,,,,
444,2022,2022-12-31,12,1,B_VENTUREIN,2022-12-31,2023-04-30,1.0,estimated_fy_plus_4m,1,,,0.4232887156356282,0.4232887156356282,3.0,,0.0938586906214893,0.0187529530481563,,0.0630065026215816,0.0826524400012816,0.4378124098817649,2.775395978662289,1.6794542470250309,0.1937922554391361,,,0.039869871237559,20.99335938416802,,1.0,0.0,0.0,,
444,2023,2023-12-31,12,0,,,,,,1,,,,,,,,,,,,,,,,,,,,,,,,,
444,2024,2024-12-31,12,0,,,,,,1,,,,,,,,,,,,,,,,,,,,,,,,,
445,2021,2021-12-31,12,1,C_FSC,2021-12-31,2022-04-30,1.0,estimated_fy_plus_4m,1,0.0,0.0863516430798752,,0.065193406181772,2.0,0.132118451025057,,0.0202031353499668,0.0073703217255965,0.0156767498344005,0.0150375939849624,0.6442867732712062,,,,,,,22.926914182080434,0.0,1.0,0.0,0.0,0.0,-0.0061143747752068
445,2022,2022-12-31,12,1,C_FSC,2022-12-31,2023-04-30,1.0,estimated_fy_plus_4m,2,0.0,0.0362110841245308,0.0554436648116389,0.0554436648116389,3.0,0.0477602456846342,0.0610020302338756,0.0236522480289793,0.0034491126790124,0.0171532069038994,0.016272488376794,0.6076409945421467,,,,,,,22.96248505431864,0.0,1.0,0.0,0.0,0.0,0.0383352748067351
445,2023,2023-12-31,12,1,C_FSC,2023-12-31,2024-04-30,1.0,estimated_fy_plus_4m,3,0.0,0.144683571276369,0.0881815785815456,0.0881815785815456,3.0,0.0955124317768345,0.0912485970386542,0.0245718540580789,0.0009196060290995,0.0135889798957557,0.0134698772949534,0.5556785681335916,,,,,,,23.09761329616735,0.0,1.0,0.0,0.0,0.0,0.0796442288255508
445,2024,2024-12-31,12,1,C_FSC,2024-12-31,2025-04-30,1.0,estimated_fy_plus_4m,4,0.0,0.224404318689501,0.1324512409726606,0.1324512409726606,3.0,0.4393394224559461,0.1821723999952229,0.0209045990117825,-0.0036672550462963,0.0046370201444317,0.0039100057688609,0.6257291199282097,,,,,,,23.300067751438668,0.0,1.0,0.0,0.0,0.0,0.0887535750530491
446,2021,2021-12-31,12,0,,,,,,0,,,,,,,,,,,,,,,,,,,,,,,,,
446,2022,2022-12-31,12,0,,,,,,0,,,,,,,,,,,,,,,,,,,,,,,,,
446,2023,2023-12-31,12,1,A_DART,2023-12-31,2025-04-04,0.0,dart_rcept_dt_restated_report,1,,,,,,,,0.2285370589985196,,0.214559286606873,0.1435781433388744,0.576600599490127,0.9201933638108146,0.4258485557567615,0.1292573702897248,-0.0137269821681183,0.0,,22.91981808532016,,1.0,0.0,0.0,,
446,2024,2024-12-31,12,1,A_DART,2024-12-31,2025-04-04,0.0,dart_rcept_dt,2,0.0,0.2313688057795819,,0.2313688057795819,1.0,0.3945669635236435,,0.0205708970586426,-0.207966161939877,-0.0153596759903399,-0.0090755268408507,0.5378622155667625,1.055364085783321,0.6216685544299139,0.0498002464249093,0.0274374866946077,1.0,,23.127944486172986,0.0,1.0,0.0,0.0,0.0,0.2337391161655537
447,2021,2021-12-31,12,1,C_FSC,2021-12-31,2022-04-30,1.0,estimated_fy_plus_4m,1,0.0,0.6218228428732622,,0.3739448985277009,2.0,0.3385863479285147,,0.12743237647605,0.0438402692746138,0.1038198660786682,0.1770651814504076,0.6468954652467382,,,,,,,23.344381603553387,0.0,1.0,0.0,0.0,0.0,-0.0207526229240113
447,2022,2022-12-31,12,1,C_FSC,2022-12-31,2023-04-30,1.0,estimated_fy_plus_4m,2,0.0,0.441707248998586,0.3961708659455489,0.3961708659455489,3.0,0.2277442670333238,0.6763817400473275,0.0263303909205548,-0.1011019855554952,0.0161916771752837,0.0324275179311041,0.7052227497727043,,,,,,,23.710209604467323,0.0,1.0,0.0,0.0,0.0,-0.0310061549688853
447,2023,2023-12-31,12,1,A_DART,2023-12-31,2025-04-04,0.0,dart_rcept_dt_restated_report,3,1.0,0.0091560195712483,0.3313112545040051,0.3313112545040051,3.0,0.4047300480856652,0.3216477659883048,0.021556223281985,-0.0047741676385698,0.0028608912229625,0.0041161259923913,0.8373165335336005,1.2958015244956709,0.3615667444059507,0.6725140166407423,0.0064584301691907,1.0,0.0082261032267635,23.7193239618051,0.0,1.0,0.0,0.0,0.0,-0.0720329424184261
447,2024,2024-12-31,12,1,A_DART,2024-12-31,2025-04-04,0.0,dart_rcept_dt,4,0.0,0.1927615798529749,0.201700788854827,0.201700788854827,3.0,-0.0820565933767261,0.1654819841765964,-0.0495844167306793,-0.0711406400126643,-0.0633286044630718,-0.1183927114957947,0.941166680683238,0.909188688287107,0.0213694752884708,0.7011033001622236,-0.0752660864191853,0.0,0.0101665050396285,23.89559523570525,0.0,0.0,0.0,0.0,0.0,0.0
448,2021,2021-12-31,12,1,C_FSC,2021-12-31,2022-04-30,1.0,estimated_fy_plus_4m,1,0.0,0.1332058148431523,,-0.0160780059583752,2.0,0.0881079280479679,,0.0394301532644656,-0.0046402369421143,0.0286948889339004,0.0650543395071177,0.6471758763202204,,,,,,,23.41863598489125,0.0,1.0,0.0,0.0,0.0,0.0004996668887408
448,2022,2022-12-31,12,1,C_FSC,2022-12-31,2023-04-30,1.0,estimated_fy_plus_4m,2,0.0,-0.007696981972858,-0.0132922261230654,-0.0132922261230654,3.0,0.0612276136537579,0.0462854247366284,0.0283731373749744,-0.0110570158894911,0.0152412056882356,0.0323092456368094,0.6352228472522717,,,,,,,23.41090922827096,0.0,1.0,0.0,0.0,0.0,0.0
448,2023,2023-12-31,12,0,,,,,,2,,,,,,,,,,,,,,,,,,,,,,,,,
448,2024,2024-12-31,12,0,,,,,,2,,,,,,,,,,,,,,,,,,,,,,,,,
449,2021,2021-12-31,12,1,C_FSC,2021-12-31,2022-04-30,1.0,estimated_fy_plus_4m,1,0.0,3.764988009592326,,3.764988009592326,1.0,1.6385542168674698,,0.0020130850528434,-0.0003849964819286,0.042778057372924,0.1293759512937595,0.7092846270928462,,,,,,,21.409891800516093,0.0,1.0,0.0,0.0,0.0,0.0
449,2022,2022-12-31,12,1,C_FSC,2022-12-31,2023-04-30,1.0,estimated_fy_plus_4m,2,0.0,0.6658278812279819,,1.817383516686346,2.0,0.726027397260274,,0.0274924471299093,0.0254793620770658,0.0531722054380664,0.1552028218694885,0.6763668430335097,,,,,,,21.920214026335383,0.0,1.0,0.0,0.0,0.0,0.0
449,2023,2023-12-31,12,1,C_FSC,2023-12-31,2024-04-30,1.0,estimated_fy_plus_4m,3,0.0,-0.1299093655589124,0.9043735647731976,0.9043735647731976,3.0,0.564373897707231,0.9242053720979272,0.0006944444444444,-0.0267980026854649,0.05625,0.0913190529875986,0.701803833145434,,,,,,,21.781056131094267,0.0,1.0,0.0,0.0,0.0,0.0
449,2024,2024-12-31,12,1,C_FSC,2024-12-31,2025-04-30,1.0,estimated_fy_plus_4m,4,0.0,0.6861111111111111,0.3469772798499886,0.3469772798499886,3.0,0.3528748590755355,0.5400989474470332,0.0566309719934102,0.0559365275489657,0.0879324546952224,0.1779166666666666,0.6016666666666667,,,,,,,22.303480890703607,0.0,1.0,0.0,0.0,0.0,0.0
450,2021,2021-12-31,12,0,,,,,,0,,,,,,,,,,,,,,,,,,,,,,,,,
450,2022,2022-12-31,12,1,C_FSC,2022-12-31,2023-04-30,1.0,estimated_fy_plus_4m,1,,,0.053768136807714,0.053768136807714,3.0,,-0.0105795775025,0.0565213407173912,,0.0837251876419629,0.1454622326544298,0.6211129740053359,,,,,,,21.814924337306586,,1.0,0.0,0.0,,
450,2023,2023-12-31,12,0,,,,,,1,,,,,,,,,,,,,,,,,,,,,,,,,
450,2024,2024-12-31,12,0,,,,,,1,,,,,,,,,,,,,,,,,,,,,,,,,
528,2021,2021-12-31,12,0,,,,,,0,,,,,,,,,,,,,,,,,,,,,,,,,
528,2022,2022-12-31,12,1,B_VENTUREIN,2022-12-31,2023-04-30,1.0,estimated_fy_plus_4m,1,,,,,,,,-0.1810652591623901,,-0.1603983627376461,-0.0458650810557455,0.2016258127781427,8.900364348361443,1.1545243646251913,0.1079969296472901,,,0.3319190622093599,21.473818345304988,,0.0,0.0,0.0,,
528,2023,2023-12-31,12,1,B_VENTUREIN,2023-12-31,2024-04-30,1.0,estimated_fy_plus_4m,2,0.0,1.1251363205030755,,1.1251363205030755,1.0,0.3127646431011965,,0.1230650464299995,0.3041303055923897,0.1250906384680321,0.0579037867299353,0.3339336409357065,45.87521875420681,4.5195292217158025,0.3232391642558213,,,0.2186426445105967,22.22765429644877,1.0,1.0,0.0,0.0,0.0,1.3499616205911266e-07
528,2024,2024-12-31,12,1,B_VENTUREIN,2024-12-31,2025-04-30,1.0,estimated_fy_plus_4m,3,0.0,-0.9645063757941974,,-0.7253569772485776,2.0,-0.2005418501944427,,-14.424157074813326,-14.547222121243326,-14.39385745848746,-0.2958107600197471,0.4626635099400614,33.57105535734837,4.9474853262746,0.4514869381132547,,,6.310988852795564,18.88925209798148,0.0,0.0,0.0,0.0,0.0,0.0
551,2021,2021-12-31,12,0,,,,,,0,,,,,,,,,,,,,,,,,,,,,,,,,
551,2022,2022-12-31,12,0,,,,,,0,,,,,,,,,,,,,,,,,,,,,,,,,
551,2023,2023-12-31,12,0,,,,,,0,,,,,,,,,,,,,,,,,,,,,,,,,
551,2024,2024-12-31,12,1,C_FSC,2024-12-31,2025-04-30,1.0,estimated_fy_plus_4m,1,,,,,,,,-2.0964695904117177,,-2.134553201975747,-0.2294410605492396,0.3141894352819353,,,,,,,21.237210989917624,,0.0,0.0,0.0,,
552,2021,2021-12-31,12,0,,,,,,0,,,,,,,,,,,,,,,,,,,,,,,,,
552,2022,2022-12-31,12,0,,,,,,0,,,,,,,,,,,,,,,,,,,,,,,,,
552,2023,2023-12-31,12,1,B_VENTUREIN,2023-12-31,2024-04-30,1.0,estimated_fy_plus_4m,1,,,,,,,,-14.919262237379346,,-3.0161600675813087,-0.1846293804733473,0.0488276443239982,20.11288709329463,18.79060189452627,0.0,,,12.778295762088764,17.973189791988027,,0.0,0.0,0.0,,
552,2024,2024-12-31,12,1,B_VENTUREIN,2024-12-31,2025-04-30,1.0,estimated_fy_plus_4m,2,0.0,2.68017771381193,,2.68017771381193,1.0,1.1543228969658084,,-5.361949942188669,9.557312295190677,-1.5026142623954295,-0.1571274010038743,0.1376135492806989,7.187307606585548,7.006334245300998,0.0,,,4.720129395361491,19.276150834799576,0.0,0.0,0.0,0.0,0.0,1.245189678865039
553,2021,2021-12-31,12,0,,,,,,0,,,,,,,,,,,,,,,,,,,,,,,,,
553,2022,2022-12-31,12,0,,,,,,0,,,,,,,,,,,,,,,,,,,,,,,,,
553,2023,2023-12-31,12,1,C_FSC,2023-12-31,2024-04-30,1.0,estimated_fy_plus_4m,1,,,-0.17651102696048,-0.17651102696048,3.0,,0.1822465290035926,0.0186328754735309,,0.005512212346397,0.0014261590642743,0.3563097204108165,,,,,,,20.94782119119769,,1.0,0.0,0.0,,
553,2024,2024-12-31,12,0,,,,,,1,,,,,,,,,,,,,,,,,,,,,,,,,
554,2021,2021-12-31,12,1,C_FSC,2021-12-31,2022-04-30,1.0,estimated_fy_plus_4m,1,0.0,-0.0271247739602169,,0.3620471408116179,2.0,0.4878854625550661,,0.053903345724907,0.5059829117285237,0.0,0.0,0.8971132494448557,,,,,,,20.103369118126057,1.0,1.0,0.0,0.0,0.0,0.1442731277533039
554,2022,2022-12-31,12,1,C_FSC,2022-12-31,2023-04-30,1.0,estimated_fy_plus_4m,2,0.0,-0.1394052044609665,0.1687662559620546,0.1687662559620546,3.0,-0.0680977054034048,0.2098142895036385,-0.1727861771058315,-0.2266895228307386,-0.285097192224622,-0.1048451151707704,0.9960285941223193,,,,,,,19.953237612050508,0.0,0.0,0.0,0.0,0.0,-0.001480384900074
554,2023,2023-12-31,12,0,,,,,,2,,,,,,,,,,,,,,,,,,,,,,,,,
554,2024,2024-12-31,12,0,,,,,,2,,,,,,,,,,,,,,,,,,,,,,,,,
555,2021,2021-12-31,12,1,C_FSC,2021-12-31,2022-04-30,1.0,estimated_fy_plus_4m,1,0.0,1.2093023255813953,,0.8517220997242589,2.0,2.140740740740741,,-0.1789473684210526,-0.0996040031679746,-0.1585139318885449,-0.2012578616352201,0.9363207547169812,,,,,,,21.20260079362103,0.0,0.0,0.0,0.0,0.0,0.2469135802469135
555,2022,2022-12-31,12,1,C_FSC,2022-12-31,2023-04-30,1.0,estimated_fy_plus_4m,2,0.0,1.2718266253869968,0.982328393477037,0.982328393477037,3.0,0.4834905660377357,0.6986492963461461,-0.0231670754974107,0.1557802929236419,0.0,0.0,0.9576046634870164,,,,,,,22.02318498231956,0.0,0.0,0.0,0.0,0.0,-0.0007861635220125
555,2023,2023-12-31,12,0,,,,,,2,,,,,,,,,,,,,,,,,,,,,,,,,
555,2024,2024-12-31,12,0,,,,,,2,,,,,,,,,,,,,,,,,,,,,,,,,
556,2021,2021-12-31,12,1,C_FSC,2021-12-31,2022-04-30,1.0,estimated_fy_plus_4m,1,0.0,0.7817005560063475,,0.0544756646534947,2.0,4.678745591668301,,0.0430034403425311,0.0382188278481771,0.0306562899265379,0.0185086264272194,0.590704171983705,,,,,,,21.99468904376541,0.0,1.0,0.0,0.0,0.0,1.4894036589633834
556,2022,2022-12-31,12,1,C_FSC,2022-12-31,2023-04-30,1.0,estimated_fy_plus_4m,2,0.0,0.2246088250899345,0.1083837992385183,0.1083837992385183,3.0,0.623590261765053,1.3435769482967994,-0.057272705205706,-0.1002761455482372,-0.1081472233379483,-0.0492482628053419,0.5072792979371612,,,,,,,22.19731051030935,0.0,0.0,0.0,0.0,0.0,0.4706397055225693
556,2023,2023-12-31,12,1,C_FSC,2023-12-31,2024-04-30,1.0,estimated_fy_plus_4m,3,0.0,0.3095385198799505,0.4190034760963572,0.4190034760963572,3.0,-0.0135191207425239,1.0874007768741096,0.0034389692255446,0.0607116744312507,-0.0428470454347534,-0.0259015663521502,0.526428426605428,,,,,,,22.466985310558236,1.0,1.0,0.0,0.0,0.0,0.0
556,2024,2024-12-31,12,0,,,,,,3,,,,,,,,,,,,,,,,,,,,,,,,,
557,2021,2021-12-31,12,0,,,,,,0,,,,,,,,,,,,,,,,,,,,,,,,,
557,2022,2022-12-31,12,0,,,,,,0,,,,,,,,,,,,,,,,,,,,,,,,,
557,2023,2023-12-31,12,1,B_VENTUREIN,2023-12-31,2024-04-30,1.0,estimated_fy_plus_4m,1,,,,,,,,-16.23511069813984,,-15.77284991869628,-0.23289182538601,0.1686261074581524,12.633485566826971,12.413870148739816,0.1238735782406759,,,7.762628879795579,18.53334849660578,,0.0,0.0,0.0,,
557,2024,2024-12-31,12,1,B_VENTUREIN,2024-12-31,2025-04-30,1.0,estimated_fy_plus_4m,2,0.0,0.07596090273931,,0.07596090273931,1.0,3.839625930816276,,-18.62937190686551,-2.39426120872567,-20.09170624771648,-0.0659546757251976,0.1966325990449726,2.892091359691294,2.1336499615922864,0.0678463037257406,,,2.7160876208190787,18.60656262194108,0.0,0.0,0.0,0.0,0.0,3.3758197719908254
558,2021,2021-12-31,12,1,A_DART,2021-12-31,2022-04-14,0.0,dart_rcept_dt,1,0.0,0.2881615851398218,,0.4505757366114105,2.0,0.194576140370577,,-0.697478844475459,-0.1596702279691804,-1.0831105448605474,-0.2717971195410856,1.4539927750353316,0.2621159758426944,0.0702054857226683,0.4922546712351122,-0.8519643456016404,0.0,0.0758526677531159,22.30271564389952,0.0,0.0,0.0,1.0,0.0,-0.6316292514505101
558,2022,2022-12-31,12,1,A_DART,2022-12-31,2023-04-10,0.0,dart_rcept_dt,2,0.0,2.543515645275063,0.9536123442211686,0.9536123442211686,3.0,1.1490748714664525,0.6360686783940661,-0.2657591242125998,0.4317197202628592,-0.4241279440406297,-0.1754897525424251,0.8394694068547303,0.6179795343007934,0.2999276738789492,,-0.3568282569459644,0.0,,23.567834998361857,0.0,0.0,0.0,0.0,0.0,1.1761256562542275
558,2023,2023-12-31,12,1,A_DART,2023-12-31,2024-03-26,0.0,dart_rcept_dt,3,0.0,0.0839783769306452,0.7040216401950603,0.7040216401950603,3.0,-0.1298921599308932,0.3072123875767627,-0.3628361284874021,-0.0970770042748023,-0.1784534802050389,-0.0919872071819016,0.9018877521334052,0.4415843197770404,0.1501362572069273,,-0.3234567135869586,0.0,,23.6484729536994,0.0,0.0,0.0,0.0,0.0,0.0048764330852919
558,2024,2024-12-31,12,1,A_DART,2024-12-31,2025-03-27,0.0,dart_rcept_dt,4,0.0,1.0087398409250063,0.9760270664245112,0.9760270664245112,3.0,0.5763637349043254,0.4338168759438703,0.0472681586381315,0.4101042871255336,0.1175158568912842,0.0771909065414637,0.514692540334204,1.0760543279237602,0.2697088588207956,,-0.0526978543064939,0.0,,24.345980534344875,1.0,1.0,0.0,0.0,0.0,0.5452278860927571
559,2021,2021-12-31,12,1,C_FSC,2021-12-31,2022-04-30,1.0,estimated_fy_plus_4m,1,0.0,0.0775092634503731,,0.0775092634503731,1.0,0.2075776953601733,,-0.3329617472426554,-0.1271083831062676,-0.351574391474736,-0.0678665865120912,0.5490532837779133,,,,,,,20.81838508943437,0.0,0.0,0.0,0.0,0.0,0.0
559,2022,2022-12-31,12,0,,,,,,1,,,,,,,,,,,,,,,,,,,,,,,,,
559,2023,2023-12-31,12,0,,,,,,1,,,,,,,,,,,,,,,,,,,,,,,,,
559,2024,2024-12-31,12,0,,,,,,1,,,,,,,,,,,,,,,,,,,,,,,,,
560,2021,2021-12-31,12,1,C_FSC,2021-12-31,2022-04-30,1.0,estimated_fy_plus_4m,1,0.0,2.8883305709750684,,2.8883305709750684,1.0,2.5447486494453355,,0.0366907947261828,0.6108381906554313,0.2526443511247231,0.12483115931582,0.12186686223422,,,,,,,21.98941988621624,1.0,1.0,0.0,0.0,0.0,1.975723344783608
560,2022,2022-12-31,12,1,C_FSC,2022-12-31,2023-04-30,1.0,estimated_fy_plus_4m,2,0.0,0.9423858474778868,,1.7482063735057425,2.0,0.4919687064056035,,0.0793904208998548,0.042699626173672,0.0516690856313497,0.0332368593035197,0.3783026794883764,,,,,,,22.653336921971977,0.0,1.0,0.0,0.0,0.0,-0.0001685446862805
560,2023,2023-12-31,12,1,A_DART,2023-12-31,2025-04-08,0.0,dart_rcept_dt_restated_report,3,1.0,1.576178791436865,1.6896239407464684,1.6896239407464684,3.0,1.9383057886285129,1.4954414438048658,0.0723833682402153,-0.0070070526596395,0.1476197809622352,0.0832554684974399,0.8668725548043154,0.6881948168788407,0.2109209590604533,0.1746865859409495,0.0361712912405088,1.0,,23.599644134419247,0.0,1.0,0.0,0.0,0.0,-0.4751582026888246
560,2024,2024-12-31,12,1,A_DART,2024-12-31,2025-04-08,0.0,dart_rcept_dt,4,0.0,1.075304548819489,1.1817138126655546,1.1817138126655546,3.0,1.5480574762135784,1.235400317508812,0.1131118868382871,0.0407285185980718,0.1088490307145921,0.0499994694945621,0.896152500428155,0.9045826104383828,0.2593343332966824,0.2656317086821549,-0.4013840091991323,0.0,,24.329752047847588,0.0,1.0,0.0,0.0,0.0,0.0040804304221097
561,2021,2021-12-31,12,0,,,,,,0,,,,,,,,,,,,,,,,,,,,,,,,,
561,2022,2022-12-31,12,0,,,,,,0,,,,,,,,,,,,,,,,,,,,,,,,,
561,2023,2023-12-31,12,0,,,,,,0,,,,,,,,,,,,,,,,,,,,,,,,,
561,2024,2024-12-31,12,1,C_FSC,2024-12-31,2025-04-30,1.0,estimated_fy_plus_4m,1,,,,,,,,-0.5441720639558477,,-0.3062589075562048,-0.3198046499707436,0.8279811864063175,,,,,,,21.155129418909105,,0.0,0.0,0.0,,
562,2021,2021-12-31,12,1,C_FSC,2021-12-31,2022-04-30,1.0,estimated_fy_plus_4m,1,0.0,1.5844444444444443,,1.5844444444444443,1.0,5.473007712082262,,-0.175408426483233,0.4401471290723225,-0.176268271711092,-0.0407069102462271,0.1439634630659253,,,,,,,20.874268710482937,0.0,0.0,0.0,0.0,0.0,5.143958868894601
562,2022,2022-12-31,12,1,C_FSC,2022-12-31,2023-04-30,1.0,estimated_fy_plus_4m,2,0.0,0.2975064488392089,,0.8312108926427162,2.0,-0.0917394757744241,3.505836049355623,-0.7726971504307488,-0.5972887239475158,-0.5453943008614976,-0.179930039352864,0.2374289462177525,,,,,,,21.134713016732125,0.0,0.0,0.0,0.0,0.0,0.0
562,2023,2023-12-31,12,0,,,,,,2,,,,,,,,,,,,,,,,,,,,,,,,,
562,2024,2024-12-31,12,0,,,,,,2,,,,,,,,,,,,,,,,,,,,,,,,,
563,2021,2021-12-31,12,1,C_FSC,2021-12-31,2022-04-30,1.0,estimated_fy_plus_4m,1,0.0,1.451117709675612,,0.0743947396978932,2.0,0.0269197511741099,,-0.2578571428571428,0.2789498911503645,-0.2128571428571428,-0.1466535433070866,0.8656496062992126,,,,,,,21.059738073567623,0.0,0.0,0.0,0.0,0.0,0.114180134459778
563,2022,2022-12-31,12,1,C_FSC,2022-12-31,2023-04-30,1.0,estimated_fy_plus_4m,2,0.0,1.979285714285714,0.5094311223091932,0.5094311223091932,3.0,0.1402559055118111,0.0592261145106021,0.047470630544234,0.3053277734013768,0.027571325821146,0.0496331463098834,0.832973672852827,,,,,,,22.15142165216122,1.0,1.0,0.0,0.0,0.0,-0.0004921259842519
563,2023,2023-12-31,12,1,C_FSC,2023-12-31,2024-04-30,1.0,estimated_fy_plus_4m,3,0.0,0.2850635339247183,1.1092771144613605,1.1092771144613605,3.0,1.3685800604229603,0.4049977712842934,0.0639925373134328,0.0165219067691988,0.0410447761194029,0.0400874635568513,0.3425655976676385,,,,,,,22.402229812029123,0.0,1.0,0.0,0.0,0.0,1.2952093223996548
563,2024,2024-12-31,12,0,,,,,,3,,,,,,,,,,,,,,,,,,,,,,,,,
564,2021,2021-12-31,12,1,C_FSC,2021-12-31,2022-04-30,1.0,estimated_fy_plus_4m,1,0.0,1.7551020408163267,,1.7551020408163267,1.0,-0.1353383458646616,,-0.3530864197530864,-0.2782564877802973,-0.2320987654320987,-0.2043478260869565,0.7152173913043478,,,,,,,19.819397625070813,0.0,0.0,0.0,0.0,0.0,0.0
564,2022,2022-12-31,12,1,C_FSC,2022-12-31,2023-04-30,1.0,estimated_fy_plus_4m,2,0.0,1.0790123456790122,,1.3933013091674409,2.0,0.4130434782608696,,-0.0724465558194774,0.2806398639336089,-0.005938242280285,-0.0076923076923076,0.7446153846153846,,,,,,,20.5512905722066,0.0,0.0,0.0,0.0,0.0,0.0869565217391304
564,2023,2023-12-31,12,1,C_FSC,2023-12-31,2024-04-30,1.0,estimated_fy_plus_4m,3,0.0,-1.0,,,,6.444615384615385,1.0874431819617985,,,,-0.1361851622235999,0.2543914031824757,,,,,,,,0.0,0.0,1.0,0.0,0.0,6.309230769230769
564,2024,2024-12-31,12,0,,,,,,3,,,,,,,,,,,,,,,,,,,,,,,,,
565,2021,2021-12-31,12,1,C_FSC,2021-12-31,2022-04-30,1.0,estimated_fy_plus_4m,1,0.0,0.0131314400603166,,1.191618463456106,2.0,2.867410574671562,,-0.5642303433001108,-0.1306005502796103,-0.5681063122923588,-0.1394400652351182,0.2178581136178309,,,,,,,21.314380291941205,0.0,0.0,0.0,0.0,0.0,2.8915127735451875
565,2022,2022-12-31,12,1,C_FSC,2022-12-31,2023-04-30,1.0,estimated_fy_plus_4m,2,0.0,2.0919158361018826,1.4580225052403235,1.4580225052403235,3.0,0.3331068225061158,0.5778609596110063,0.0900787965616045,0.6543091398617153,0.0958094555873925,0.0545417473748598,0.205831379345499,,,,,,,22.44317120240648,1.0,1.0,0.0,0.0,0.0,0.2038597444957869
565,2023,2023-12-31,12,1,C_FSC,2023-12-31,2024-04-30,1.0,estimated_fy_plus_4m,3,0.0,0.461750358166189,0.6605637578803552,0.6605637578803552,3.0,0.2288777653175655,0.8503958224315646,0.0147806764028386,-0.0752981201587659,0.0217049760034225,0.0146975351545396,0.2560561742589344,,,,,,,22.822805795505708,0.0,1.0,0.0,0.0,0.0,0.101985931287593
565,2024,2024-12-31,12,0,,,,,,3,,,,,,,,,,,,,,,,,,,,,,,,,
566,2021,2021-12-31,12,1,C_FSC,2021-12-31,2022-04-30,1.0,estimated_fy_plus_4m,1,0.0,1.9848662467161944,,1.2311746400549546,2.0,0.7098173233026281,,0.0921560369934866,-0.0540651149513737,0.0637437332759204,0.0215790230351115,0.3158991166156275,,,,,,,20.555247105342776,0.0,1.0,0.0,0.0,0.0,0.6847448969460762
566,2022,2022-12-31,12,1,C_FSC,2022-12-31,2023-04-30,1.0,estimated_fy_plus_4m,2,0.0,0.955430845413314,1.135190018346445,1.135190018346445,3.0,0.2210158900260741,0.4691665602094559,0.0471869328493647,-0.0449691041441218,0.0653357531760435,0.0354214496556248,0.272876352902591,,,,,,,21.225857655785298,0.0,1.0,0.0,0.0,0.0,0.1604784908579989
566,2023,2023-12-31,12,1,C_FSC,2023-12-31,2024-04-30,1.0,estimated_fy_plus_4m,3,0.0,-0.2407017543859648,0.6425801780685667,0.6425801780685667,3.0,0.4177779599868809,0.4357971374653038,0.1381134871566065,0.0909265543072417,0.0699749824717955,0.0203171320473627,0.4669676286577812,,,,,,,20.95049702248897,0.0,1.0,0.0,0.0,0.0,-0.0002072810757625
566,2024,2024-12-31,12,1,C_FSC,2024-12-31,2025-04-30,1.0,estimated_fy_plus_4m,4,0.0,0.2538665625597551,0.2301801819971238,0.2301801819971238,3.0,0.5411102281967379,0.3869295875749114,0.0990009232706784,-0.0391125638859281,0.0429304979879307,0.0101415222850953,0.3438186504519193,,,,,,,21.176729049595835,0.0,1.0,0.0,0.0,0.0,0.4625862142752218
567,2021,2021-12-31,12,1,A_DART,2021-12-31,2023-04-06,0.0,dart_rcept_dt_restated_report,1,1.0,-1.0,,,,14.601093581438612,,,,,-0.2034011272285686,0.125339680646016,7.222254463402182,7.150166145626758,,,0.0,,,0.0,0.0,1.0,0.0,0.0,16.07276140884663
567,2022,2022-12-31,12,1,A_DART,2022-12-31,2023-04-06,0.0,dart_rcept_dt,2,0.0,,,2.936495903719449,2.0,-0.5222012870876256,0.8008448843842499,-161.7671549044915,,-165.2148572341249,-1.4198184695034324,0.4927010094093625,1.3562214369537835,1.1742629920859826,0.0554579886058152,-122.36797066985028,0.0,135.89351112222508,19.55182475762296,0.0,0.0,0.0,0.0,1.0,0.0461139227099268
567,2023,2023-12-31,12,1,A_DART,2023-12-31,2024-04-01,0.0,dart_rcept_dt,3,0.0,10.68801294850284,4.6578760718450605,4.6578760718450605,3.0,0.3271388174424208,1.1467037905918276,-16.524401223393667,145.24275368109784,-21.161348915125632,-1.6015901972065438,9.168523666872026,0.0663089988924062,0.0516864597117855,0.2214744499578872,-16.08169281706586,0.0,13.844433937701671,22.01038853991664,0.0,0.0,0.0,1.0,0.0,-9.22253130974554
567,2024,2024-12-31,12,1,A_DART,2024-12-31,2025-04-30,0.0,dart_rcept_dt,4,0.0,-0.1839977194267968,,2.088275444539791,2.0,-0.392303064425481,-0.2723048876153106,-24.539829200984467,-8.0154279775908,-51.48008480754507,-5.231806026661652,19.49651150054873,0.0203189271849866,0.0018763439210315,0.4385419901100795,-12.145817713596683,0.0,,21.807050410714808,0.0,0.0,0.0,1.0,0.0,0.1076027990922995
568,2021,2021-12-31,12,1,C_FSC,2021-12-31,2022-04-30,1.0,estimated_fy_plus_4m,1,,,,,,,,0.1299658105403602,,0.1338298448965977,0.2250696818301341,0.6606906827942852,,,,,,,20.68177695343845,,1.0,0.0,0.0,,
568,2022,2022-12-31,12,1,C_FSC,2022-12-31,2023-04-30,1.0,estimated_fy_plus_4m,2,0.0,0.2287639676450967,,0.2287639676450967,1.0,0.8439635375580683,,0.1380236455391673,0.008057834998807,0.1182633244742443,0.1325348967429072,0.6834551934662307,,,,,,,20.887785713214303,0.0,1.0,0.0,0.0,0.0,-1.7530020159523185e-06
568,2023,2023-12-31,12,1,C_FSC,2023-12-31,2024-04-30,1.0,estimated_fy_plus_4m,3,0.0,0.502495277084763,,0.3587538621982615,2.0,0.3457674716628847,,0.1092733553073597,-0.0287502902318076,0.0919177137075692,0.1150065202126592,0.5862010259974937,,,,,,,21.29491295726538,0.0,1.0,0.0,0.0,0.0,0.0855603585549425
568,2024,2024-12-31,12,1,C_FSC,2024-12-31,2025-04-30,1.0,estimated_fy_plus_4m,4,0.0,0.6926549614889943,0.462008869106433,0.462008869106433,3.0,1.59113109795295,0.8595331038481742,0.0857238158772515,-0.0235495394301082,0.0607071380920613,0.049618320610687,0.7908942202835333,,,,,,,21.821211236626816,0.0,1.0,0.0,0.0,0.0,-0.0005460589800211
569,2021,2021-12-31,12,0,,,,,,0,,,,,,,,,,,,,,,,,,,,,,,,,
569,2022,2022-12-31,12,1,B_VENTUREIN,2022-12-31,2023-04-30,1.0,estimated_fy_plus_4m,1,,,,,,,,0.1039708135368914,,0.0810317796231274,0.0088735668500828,0.1257398719067691,9.83178788327655,3.378699451933047,0.0979206229318348,,,0.0,18.937979372546437,,1.0,0.0,0.0,,
569,2023,2023-12-31,12,1,B_VENTUREIN,2023-12-31,2024-04-30,1.0,estimated_fy_plus_4m,2,0.0,0.7625500002980643,,0.7625500002980643,1.0,0.1449297027847973,,0.0878761846137195,-0.0160946289231719,0.0917589442140794,0.0154687022482929,0.221077575000114,1.3843863043661142,0.6003154706822579,0.0855254455305542,,,0.0,19.50474099681177,0.0,1.0,0.0,0.0,0.0,-0.0001592842133024
569,2024,2024-12-31,12,1,B_VENTUREIN,2024-12-31,2025-04-30,1.0,estimated_fy_plus_4m,3,0.0,1.878910662707244,,1.2526038243359068,2.0,-0.039275565266178,,0.1068954741328671,0.0190192895191476,0.1056278459955169,0.0533596837944664,0.1358746097876532,1.4810411387158655,0.0201904175449399,0.1102790537573146,,,0.0,20.56215297729249,0.0,1.0,0.0,0.0,0.0,0.0
570,2021,2021-12-31,12,0,,,,,,0,,,,,,,,,,,,,,,,,,,,,,,,,
570,2022,2022-12-31,12,0,,,,,,0,,,,,,,,,,,,,,,,,,,,,,,,,
570,2023,2023-12-31,12,1,B_VENTUREIN,2023-12-31,2024-04-30,1.0,estimated_fy_plus_4m,1,,,-0.1243748939041843,-0.1243748939041843,3.0,,0.3065600178655618,0.0393072873677001,,0.0075659740049083,0.0036649468504048,0.7685832740604496,1.3628126153124185,0.2102753283270097,0.4005970098957777,,,0.0771208303777592,22.45223334779668,,1.0,0.0,0.0,,
570,2024,2024-12-31,12,1,B_VENTUREIN,2024-12-31,2025-04-30,1.0,estimated_fy_plus_4m,2,0.0,-0.2010038274426234,,-0.2010038274426234,1.0,-0.0677010666024335,,-0.1821039000846251,-0.2214111874523252,-0.2216367073059675,-0.0920097894937951,0.8438078372012566,1.1492024535777754,0.2284293827929549,0.4296872982959303,,,0.1852721219134603,22.227834224278205,0.0,0.0,0.0,0.0,0.0,-1.831055002313319e-05
571,2021,2021-12-31,12,0,,,,,,0,,,,,,,,,,,,,,,,,,,,,,,,,
571,2022,2022-12-31,12,0,,,,,,0,,,,,,,,,,,,,,,,,,,,,,,,,
571,2023,2023-12-31,12,1,B_VENTUREIN,2023-12-31,2024-04-30,1.0,estimated_fy_plus_4m,1,,,,,,,,-2.503817062290413,,-2.4521537724529843,-0.1626490816060001,0.0120956081270172,71.90253542851634,7.423575629036923,0.0,,,0.1345399088475856,19.242797050808484,,0.0,0.0,0.0,,
571,2024,2024-12-31,12,1,B_VENTUREIN,2024-12-31,2025-04-30,1.0,estimated_fy_plus_4m,2,0.0,1.6211856845880344,,1.6211856845880344,1.0,1.6082025201029868,,-1.5474085388857497,0.9564085234046632,-1.1361080883499524,-0.0757321076278994,0.026705231501336,30.90676845294896,0.8548917683692431,0.0,,,0.027523428029128,20.20642381758048,0.0,0.0,0.0,0.0,0.0,1.7481701500960838
572,2021,2021-12-31,12,1,C_FSC,2021-12-31,2022-04-30,1.0,estimated_fy_plus_4m,1,0.0,0.2823251468998784,,0.4735787213371314,2.0,0.1347316635902955,,0.0432620586772749,0.1437540098711254,0.062158130283441,0.0614854894244958,0.6158386620757501,,,,,,,21.421897947736927,1.0,1.0,0.0,0.0,0.0,-0.000719463410904
572,2022,2022-12-31,12,1,C_FSC,2022-12-31,2023-04-30,1.0,estimated_fy_plus_4m,2,0.0,0.4868224763799105,0.4779801466656797,0.4779801466656797,3.0,0.0167240531234629,0.0599511541212267,0.0260869565217391,-0.0171751021555358,0.0622073578595317,0.0899854862119013,0.5331398161586841,,,,,,,21.818539224349006,0.0,1.0,0.0,0.0,0.0,-0.0009837678307919
572,2023,2023-12-31,12,1,C_FSC,2023-12-31,2024-04-30,1.0,estimated_fy_plus_4m,3,0.0,-0.1051294314381271,0.1949209271688532,0.1949209271688532,3.0,0.1131141751330431,0.0869560770777022,0.0152500520431758,-0.0108369044785632,0.0559438912897476,0.0650584773081792,0.5156647211174167,,,,,,,21.707463037051816,0.0,1.0,0.0,0.0,0.0,-0.0001572327044025
572,2024,2024-12-31,12,1,C_FSC,2024-12-31,2025-04-30,1.0,estimated_fy_plus_4m,4,0.0,-0.0178314683127135,0.0932893543892749,0.0932893543892749,3.0,0.1329038028830753,0.0863721293112789,0.0522129019099283,0.0369628498667524,0.059345832800599,0.0598321256905086,0.5126515723781964,,,,,,,21.68947067256179,0.0,1.0,0.0,0.0,0.0,-4.346301102178497e-07
573,2021,2021-12-31,12,0,,,,,,0,,,,,,,,,,,,,,,,,,,,,,,,,
573,2022,2022-12-31,12,0,,,,,,0,,,,,,,,,,,,,,,,,,,,,,,,,
573,2023,2023-12-31,12,1,B_VENTUREIN,2023-12-31,2024-04-30,1.0,estimated_fy_plus_4m,1,,,,,,,,0.0076133921430346,,0.0934285406194624,0.1867195864146525,0.2525581143421506,3.304373220413229,0.933493648244141,0.0,,,0.0019202147872684,21.273801092786886,,1.0,0.0,0.0,,
573,2024,2024-12-31,12,1,B_VENTUREIN,2024-12-31,2025-04-30,1.0,estimated_fy_plus_4m,2,0.0,1.6556847295639845,,1.6556847295639845,1.0,1.5525169724649055,,0.1675983912930757,0.159984999150041,0.1813288985759877,0.3770380781374089,0.3721945033010624,2.3363934442138308,1.1826107420081493,0.0,,,0.0,22.250503616137145,0.0,1.0,0.0,0.0,0.0,-0.1073537936383363
574,2021,2021-12-31,12,1,C_FSC,2021-12-31,2022-04-30,1.0,estimated_fy_plus_4m,1,,,,,,,,-1.2043010752688172,,-1.1290322580645162,-0.1838879159369527,0.0227670753064798,,,,,,,18.34811005111753,,0.0,0.0,0.0,,
574,2022,2022-12-31,12,1,C_FSC,2022-12-31,2023-04-30,1.0,estimated_fy_plus_4m,2,0.0,1.956989247311828,,1.956989247311828,1.0,-0.1576182136602452,,-2.792727272727273,-1.5884261974584557,-2.770909090909091,-1.5841995841995842,1.2162162162162162,,,,,,,19.432281655630845,0.0,0.0,0.0,1.0,0.0,0.1751313485113835
574,2023,2023-12-31,12,0,,,,,,2,,,,,,,,,,,,,,,,,,,,,,,,,
574,2024,2024-12-31,12,0,,,,,,2,,,,,,,,,,,,,,,,,,,,,,,,,
575,2021,2021-12-31,12,1,C_FSC,2021-12-31,2022-04-30,1.0,estimated_fy_plus_4m,1,,,,0.0539400428627772,2.0,,,0.1621150404802794,,0.1491555784855613,0.0799703460689197,0.3862859757023465,,,,,,,20.82644317119704,,1.0,0.0,0.0,,
575,2022,2022-12-31,12,1,C_FSC,2022-12-31,2023-04-30,1.0,estimated_fy_plus_4m,2,0.0,0.1958116259939677,0.0992543526286056,0.0992543526286056,3.0,0.1072256551961599,0.3721731142314011,0.1806903397391124,0.018575299258833,0.1605082886930128,0.0929423331168454,0.3527767744403888,,,,,,,21.005268310971,0.0,1.0,0.0,0.0,0.0,0.0
575,2023,2023-12-31,12,0,,,,,,2,,,,,,,,,,,,,,,,,,,,,,,,,
575,2024,2024-12-31,12,0,,,,,,2,,,,,,,,,,,,,,,,,,,,,,,,,
576,2021,2021-12-31,12,1,C_FSC,2021-12-31,2022-04-30,1.0,estimated_fy_plus_4m,1,0.0,0.8527507588682339,,0.8950360661677246,2.0,2.02263205426804,,0.1307502254240004,0.0005306521627503,0.1246330432120468,0.1170624971918946,0.7468090937682527,,,,,,,21.46067150053034,0.0,1.0,0.0,0.0,0.0,0.0
576,2022,2022-12-31,12,1,C_FSC,2022-12-31,2023-04-30,1.0,estimated_fy_plus_4m,2,0.0,0.573610682586265,0.7811920645138486,0.7811920645138486,3.0,0.1149153075436941,0.8927480835073711,0.1359187826270404,0.00516855720304,0.1437126422001671,0.190517544662089,0.5823877569195963,,,,,,,21.9140442772288,0.0,1.0,0.0,0.0,0.0,4.492968504290785e-07
576,2023,2023-12-31,12,0,,,,,,2,,,,,,,,,,,,,,,,,,,,,,,,,
576,2024,2024-12-31,12,0,,,,,,2,,,,,,,,,,,,,,,,,,,,,,,,,
577,2021,2021-12-31,12,0,,,,,,0,,,,,,,,,,,,,,,,,,,,,,,,,
577,2022,2022-12-31,12,0,,,,,,0,,,,,,,,,,,,,,,,,,,,,,,,,
577,2023,2023-12-31,12,1,A_DART,2023-12-31,2025-04-07,0.0,dart_rcept_dt_restated_report,1,,,,,,,,0.0878895301728635,,0.0472294896772993,0.0413936654436187,0.4494859752705208,3.042285631523043,2.6251147410012123,,0.2805668716392717,1.0,0.0055384304037718,23.125312921941383,,1.0,0.0,0.0,,
577,2024,2024-12-31,12,1,A_DART,2024-12-31,2025-04-07,0.0,dart_rcept_dt,2,0.0,-0.5470580343709492,,-0.5470580343709492,1.0,-0.1945299532948529,,-0.2130164287477454,-0.300905958920609,-0.1878670941150781,-0.0925900920355298,0.4091208221583818,1.4182699190284698,1.1468822422401386,0.5516498065164648,-0.4870420213048265,0.0,0.0203829684787831,22.333321649041192,0.0,0.0,0.0,0.0,0.0,0.0
578,2021,2021-12-31,12,0,,,,,,0,,,,,,,,,,,,,,,,,,,,,,,,,
578,2022,2022-12-31,12,1,B_VENTUREIN,2022-12-31,2023-04-30,1.0,estimated_fy_plus_4m,1,,,,,,,,0.0112662522602107,,0.0119073507357959,0.0241628620726512,0.6875547785191859,6.928533575592399,1.7299757740934212,0.5916003725702769,,,0.0,21.700816471156536,,1.0,0.0,0.0,,
578,2023,2023-12-31,12,1,B_VENTUREIN,2023-12-31,2024-04-30,1.0,estimated_fy_plus_4m,2,0.0,-0.2103946743678746,,-0.2103946743678746,1.0,-0.0142889862729229,,-0.0459846516117904,-0.0572509038720011,-0.0493214441931804,-0.0801732470815674,0.7634512789054948,2.99671830358313,0.7866373096380174,0.6002072644806306,,,0.0,21.464594424992463,0.0,0.0,0.0,0.0,0.0,-0.0002488891603426
578,2024,2024-12-31,12,1,B_VENTUREIN,2024-12-31,2025-04-30,1.0,estimated_fy_plus_4m,3,0.0,0.6296184058679519,,0.1343524020433284,2.0,0.2461312179344188,,0.0336254676741958,0.0796101192859862,0.0574854771007767,0.122200778800225,0.6879727264534133,1.5654424657370851,0.2878340453158254,0.5438362592727262,,,0.0,21.952940305574373,1.0,1.0,0.0,0.0,0.0,0.0
579,2021,2021-12-31,12,1,C_FSC,2021-12-31,2022-04-30,1.0,estimated_fy_plus_4m,1,0.0,-0.5791855203619909,,0.1312897567650244,2.0,-0.3741007194244604,,-3.953405017921147,-3.1163009455229567,-3.953405017921147,-0.9752431476569408,1.6242263483642794,,,,,,,19.44672233978564,0.0,0.0,0.0,1.0,0.0,0.0005534034311012
579,2022,2022-12-31,12,1,C_FSC,2022-12-31,2023-04-30,1.0,estimated_fy_plus_4m,2,0.0,2.9644946236559138,0.7183508720145055,0.7183508720145055,3.0,0.988157382847038,0.0896521104850787,-0.1795209087111945,3.773884109209952,0.9305899860228878,0.4577591627879673,0.8563083083474828,,,,,,,20.82410072739344,0.0,0.0,0.0,0.0,0.0,-0.0001883289124668
579,2023,2023-12-31,12,1,C_FSC,2023-12-31,2024-04-30,1.0,estimated_fy_plus_4m,3,0.0,-0.026335013118234,0.1755181897375197,0.1755181897375197,3.0,0.5226175683957082,0.2374149243484211,-0.7094752382853667,-0.5299543295741722,0.2688945323199918,0.0845822744363153,0.8210459415024445,,,,,,,20.797412736913863,0.0,0.0,0.0,0.0,0.0,0.0
579,2024,2024-12-31,12,1,C_FSC,2024-12-31,2025-04-30,1.0,estimated_fy_plus_4m,4,0.0,-0.0336900456375091,0.5508553046739779,0.5508553046739779,3.0,0.0643609801718398,0.4769875930439065,-1.8517568286950288,-1.1422815904096622,0.065408068939407,0.0186791119072786,0.8003715021772037,,,,,,,20.763142104407773,0.0,0.0,0.0,0.0,0.0,0.0136416993329277
580,2021,2021-12-31,12,0,,,,,,0,,,,,,,,,,,,,,,,,,,,,,,,,
580,2022,2022-12-31,12,0,,,,,,0,,,,,,,,,,,,,,,,,,,,,,,,,
580,2023,2023-12-31,12,1,B_VENTUREIN,2023-12-31,2024-04-30,1.0,estimated_fy_plus_4m,1,,,,,,,,0.1319920212851109,,0.0774249113920808,0.0508038377147832,0.8001389100143784,4.701514333153294,0.3099815292697727,0.7840781223870337,,,0.2899558481226647,21.169011993289768,,1.0,0.0,0.0,,
580,2024,2024-12-31,12,1,B_VENTUREIN,2024-12-31,2025-04-30,1.0,estimated_fy_plus_4m,2,0.0,0.559970672139493,,0.559970672139493,1.0,0.1204634703637628,,0.0913618944098359,-0.040630126875275,0.0552900166493167,0.0505104520418081,0.7711159594638378,4.603714494147604,1.4342064299687285,0.7115818463273853,,,0.2552862401770673,21.613679014463912,0.0,1.0,0.0,0.0,0.0,0.0
581,2021,2021-12-31,12,1,C_FSC,2021-12-31,2022-04-30,1.0,estimated_fy_plus_4m,1,,,,,,,,0.2148495244470476,,0.1955460286365404,0.2600798664528166,0.7071890718252539,,,,,,,20.92129832813329,,1.0,0.0,0.0,,
581,2022,2022-12-31,12,1,C_FSC,2022-12-31,2023-04-30,1.0,estimated_fy_plus_4m,2,0.0,4.997245287538495,,4.997245287538495,1.0,3.231129368378558,,0.1858866525484587,-0.0289628718985889,0.1693038680260343,0.3191685725241409,0.6116274626046653,,,,,,,22.71259857319048,0.0,1.0,0.0,0.0,0.0,0.0
581,2023,2023-12-31,12,0,,,,,,2,,,,,,,,,,,,,,,,,,,,,,,,,
581,2024,2024-12-31,12,0,,,,,,2,,,,,,,,,,,,,,,,,,,,,,,,,
582,2021,2021-12-31,12,0,,,,,,0,,,,,,,,,,,,,,,,,,,,,,,,,
582,2022,2022-12-31,12,0,,,,,,0,,,,,,,,,,,,,,,,,,,,,,,,,
582,2023,2023-12-31,12,1,C_FSC,2023-12-31,2024-04-30,1.0,estimated_fy_plus_4m,1,,,,,,,,0.2397427928501228,,0.2466635790260835,0.1473494760784833,0.3755546406843237,,,,,,,21.361730301302373,,1.0,0.0,0.0,,
582,2024,2024-12-31,12,1,C_FSC,2024-12-31,2025-04-30,1.0,estimated_fy_plus_4m,2,0.0,0.2122344501473669,,0.2122344501473669,1.0,0.1715023920727985,,0.308821966218418,0.0690791733682951,0.3026972465553625,0.1871093456516944,0.2852466459367908,,,,,,,21.554195610957905,0.0,1.0,0.0,0.0,0.0,-0.006309141298707
583,2021,2021-12-31,12,1,A_DART,2021-12-31,2022-03-30,0.0,dart_rcept_dt,1,0.0,-0.1553066334584584,,0.3299137640692524,2.0,1.934869098002006,,0.0821329112872758,-0.1527170497468099,0.1317963845349623,0.0407343874382102,0.7860298134350406,1.0420347784866075,0.2400041839705294,0.3128796493627999,0.07979044198548,1.0,0.0907098396589593,23.200820757626715,0.0,1.0,0.0,0.0,0.0,-0.2626276178168027
583,2022,2022-12-31,12,1,A_DART,2022-12-31,2023-04-11,0.0,dart_rcept_dt,2,0.0,0.8308603029095178,0.4794514686897591,0.4794514686897591,3.0,-0.0217816532056542,0.9567376045716198,0.1985595868431026,0.1164266755558268,0.149864798640247,0.0866915428091797,0.6917890513946591,1.156158739394178,0.2006329059415125,0.2950743956020525,0.0783443331886048,1.0,,23.805606724892066,0.0,1.0,0.0,0.0,0.0,0.0027241603558272
583,2023,2023-12-31,12,1,A_DART,2023-12-31,2024-03-29,0.0,dart_rcept_dt,3,0.0,-0.231013749796622,0.0594755908267137,0.0594755908267137,3.0,-0.2138817822788692,0.3117089044647925,0.0500025451481799,-0.1485570416949227,0.0181348002395984,0.0102617300842154,0.5946349335220662,0.8519234615476617,0.4200980712187266,0.371983607449847,0.1432029817690806,1.0,,23.54292453515608,0.0,1.0,0.0,0.0,0.0,0.0023869820161613
583,2024,2024-12-31,12,1,A_DART,2024-12-31,2025-04-01,0.0,dart_rcept_dt,4,0.0,-0.659452325265742,-0.2173206048923548,-0.2173206048923548,3.0,0.0181111654748222,-0.0783352982929543,-0.5651593133341117,-0.6151618584822917,-0.4786862106183445,-0.0906027640614048,0.6906379016430587,0.6774291577164092,0.1431211821662928,,0.1029700427527339,1.0,,22.46572438586632,0.0,0.0,0.0,0.0,0.0,0.0018436257477855
584,2021,2021-12-31,12,1,C_FSC,2021-12-31,2022-04-30,1.0,estimated_fy_plus_4m,1,0.0,0.5311682650392329,,0.434098499777781,2.0,0.165404909382886,,0.0688967971530249,0.0091757858191103,0.056797153024911,0.0785433070866141,0.6927165354330709,,,,,,,22.67274105216622,0.0,1.0,0.0,0.0,0.0,-0.0002294104152328
584,2022,2022-12-31,12,1,C_FSC,2022-12-31,2023-04-30,1.0,estimated_fy_plus_4m,2,0.0,-0.2555160142348754,0.1525800755934325,0.1525800755934325,3.0,0.1287401574803148,0.1321948452430317,0.0613766730401529,-0.0075201241128719,0.0525812619502868,0.0479595395884199,0.6796302755493547,,,,,,,22.377677115023243,0.0,1.0,0.0,0.0,0.0,0.0001968503937007
584,2023,2023-12-31,12,1,C_FSC,2023-12-31,2024-04-30,1.0,estimated_fy_plus_4m,3,0.0,-0.1992562141491396,-0.0299578201429713,-0.0299578201429713,3.0,0.1182380537146843,0.1372825152218453,0.025789598103102,-0.0355870749370509,0.0042279047443939,0.0027613948084966,0.7107782825796163,,,,,,,22.155462864089223,0.0,1.0,0.0,0.0,0.0,-3.889082664806418e-05
584,2024,2024-12-31,12,1,C_FSC,2024-12-31,2025-04-30,1.0,estimated_fy_plus_4m,4,0.0,0.160727717299165,-0.1155096530883216,-0.1155096530883216,3.0,-0.0748563196655259,0.0530422834425803,0.0481382431598436,0.0223486450567416,0.0209833367619831,0.0171948752528658,0.6685772083614295,,,,,,,22.30451001500973,0.0,1.0,0.0,0.0,0.0,0.0014842536085204
586,2021,2021-12-31,12,0,,,,,,0,,,,,,,,,,,,,,,,,,,,,,,,,
586,2022,2022-12-31,12,1,B_VENTUREIN,2022-12-31,2023-04-30,1.0,estimated_fy_plus_4m,1,,,,,,,,0.1544782946700295,,0.1609454616814395,0.2185834773371372,0.61626866227255,2.1012473562007097,0.1055414525568832,0.1780377968847701,,,0.3658287289196375,21.64646505021429,,1.0,0.0,0.0,,
586,2023,2023-12-31,12,1,B_VENTUREIN,2023-12-31,2024-04-30,1.0,estimated_fy_plus_4m,2,0.0,-0.5240633830036654,,-0.5240633830036654,1.0,0.0713807478558583,,0.0230909197138779,-0.1313873749561515,0.032691200160255,0.0197230802388503,0.624881284852904,1.491318136289222,0.1502092544006972,0.0402850976359697,,,0.0,20.903994459026592,0.0,1.0,0.0,0.0,0.0,-0.0029672966147461
586,2024,2024-12-31,12,1,B_VENTUREIN,2024-12-31,2025-04-30,1.0,estimated_fy_plus_4m,3,0.0,2.3823727766695324,,0.268776992520197,2.0,-0.0131223669911967,,0.0567702443029256,0.0336793245890477,0.0625557233304716,0.1293507916931789,0.492004488242855,2.90346329323932,0.6421204641328869,0.0351160610821482,,,0.1666701625486411,22.12257192716313,0.0,1.0,0.0,0.0,0.0,-0.0014427100590881
587,2021,2021-12-31,12,1,C_FSC,2021-12-31,2022-04-30,1.0,estimated_fy_plus_4m,1,,,,1.216013277603754,2.0,,,0.2791927055343678,,0.4228185371913733,0.3892019613808054,0.4446820655796354,,,,,,,22.30170852197413,,1.0,0.0,0.0,,
587,2022,2022-12-31,12,0,,,,,,1,,,,,,,,,,,,,,,,,,,,,,,,,
587,2023,2023-12-31,12,0,,,,,,1,,,,,,,,,,,,,,,,,,,,,,,,,
587,2024,2024-12-31,12,0,,,,,,1,,,,,,,,,,,,,,,,,,,,,,,,,
588,2021,2021-12-31,12,0,,,,,,0,,,,,,,,,,,,,,,,,,,,,,,,,
588,2022,2022-12-31,12,1,B_VENTUREIN,2022-12-31,2023-04-30,1.0,estimated_fy_plus_4m,1,,,,,,,,0.0047641210829264,,0.0067886418519612,0.0114199794459507,0.1832349045436016,4.333136823244204,1.8500469419277872,0.0,,,0.0,22.79152104423532,,1.0,0.0,0.0,,
588,2023,2023-12-31,12,1,B_VENTUREIN,2023-12-31,2024-04-30,1.0,estimated_fy_plus_4m,2,0.0,0.0745281764346592,,0.0745281764346592,1.0,-0.3676759188240515,,-0.1504903006269792,-0.1552544217099057,-0.1509586204551889,-0.4315373892983191,0.1398502511227803,5.134731222872808,1.406742572709894,0.0,,,0.0,22.863402703825493,0.0,0.0,0.0,0.0,0.0,-2.126427603752124e-07
588,2024,2024-12-31,12,1,B_VENTUREIN,2024-12-31,2025-04-30,1.0,estimated_fy_plus_4m,3,0.0,-0.4916561781925772,,-0.2609264178388221,2.0,-0.1733075064441115,,-0.3397492564613577,-0.1892589558343785,-0.3411435360504005,-0.5996684687323302,0.5591972468667245,0.7588706808693584,0.0138687931422036,0.0,,,0.0,22.18680545806768,0.0,0.0,0.0,0.0,0.0,0.0
589,2021,2021-12-31,12,0,,,,,,0,,,,,,,,,,,,,,,,,,,,,,,,,
589,2022,2022-12-31,12,1,C_FSC,2022-12-31,2023-04-30,1.0,estimated_fy_plus_4m,1,,,,,,,,0.031,,0.024,0.0105633802816901,0.7504401408450704,,,,,,,20.72326583694641,,1.0,0.0,0.0,,
589,2023,2023-12-31,12,1,C_FSC,2023-12-31,2024-04-30,1.0,estimated_fy_plus_4m,2,0.0,0.2889999999999999,,0.2889999999999999,1.0,0.2860915492957747,,0.0550814584949573,0.0240814584949573,0.021722265321955,0.0095824777549623,0.7960301163586585,,,,,,,20.97713256090346,0.0,1.0,0.0,0.0,0.0,0.0004401408450704
589,2024,2024-12-31,12,1,C_FSC,2024-12-31,2025-04-30,1.0,estimated_fy_plus_4m,3,0.0,0.7525213343677268,,0.5029970059850419,2.0,-0.0612594113620807,,0.0615316511730854,0.0064501926781281,0.049136786188579,0.0404666423623769,0.7422530076558512,,,,,,,21.53818807443228,0.0,1.0,0.0,0.0,0.0,0.0
590,2021,2021-12-31,12,0,,,,,,0,,,,,,,,,,,,,,,,,,,,,,,,,
590,2022,2022-12-31,12,0,,,,,,0,,,,,,,,,,,,,,,,,,,,,,,,,
590,2023,2023-12-31,12,0,,,,,,0,,,,,,,,,,,,,,,,,,,,,,,,,
590,2024,2024-12-31,12,0,,,,,,0,,,,,,,,,,,,,,,,,,,,,,,,,
591,2021,2021-12-31,12,1,C_FSC,2021-12-31,2022-04-30,1.0,estimated_fy_plus_4m,1,0.0,0.2351946715316955,,-0.0364004383640265,2.0,0.2758454056044537,,0.0844383394634847,-0.0093532033431898,0.035822875006693,0.013899643023977,0.6975038527105135,,,,,,,21.610288404339776,0.0,1.0,0.0,0.0,0.0,0.2406114809474961
591,2022,2022-12-31,12,1,C_FSC,2022-12-31,2023-04-30,1.0,estimated_fy_plus_4m,2,0.0,-0.2312674791691551,-0.1063046864896365,-0.1063046864896365,3.0,-0.7121165847860804,-0.2832628337512985,-0.643184358320144,-0.7276226977836288,0.1642382814383641,0.1701673394886552,0.43416447944007,,,,,,,21.347276207089266,0.0,0.0,0.0,0.0,0.0,-0.1885898400312084
591,2023,2023-12-31,12,1,C_FSC,2023-12-31,2024-04-30,1.0,estimated_fy_plus_4m,3,0.0,-0.3815558096397445,-0.1625920892422926,-0.1625920892422926,3.0,-0.2081068388025101,-0.3374371251853189,-0.196285421953229,0.4468989363669149,-0.2075341581597954,-0.1679288547912324,0.453393677212124,,,,,,,20.86672788201266,0.0,0.0,0.0,0.0,0.0,0.0
591,2024,2024-12-31,12,0,,,,,,3,,,,,,,,,,,,,,,,,,,,,,,,,
592,2021,2021-12-31,12,0,,,,,,0,,,,,,,,,,,,,,,,,,,,,,,,,
592,2022,2022-12-31,12,0,,,,,,0,,,,,,,,,,,,,,,,,,,,,,,,,
592,2023,2023-12-31,12,1,B_VENTUREIN,2023-12-31,2024-04-30,1.0,estimated_fy_plus_4m,1,,,,,,,,0.131088010421539,,0.1313953234217969,0.1609347166471505,0.148593261511954,5.218880393188386,2.7276363295691213,0.0133855261770027,,,0.0366397531004515,21.550755955738644,,1.0,0.0,0.0,,
592,2024,2024-12-31,12,1,B_VENTUREIN,2024-12-31,2025-04-30,1.0,estimated_fy_plus_4m,2,0.0,0.2018403808408049,,0.2018403808408049,1.0,0.0921133015186146,,0.1103388724523459,-0.020749137969193,0.110804446523362,0.1493503055309335,0.1276027980201281,6.379329555278071,4.190214196522908,0.0,,,0.0468651224641671,21.73460998839208,0.0,1.0,0.0,0.0,0.0,-0.0617576052544079
593,2021,2021-12-31,12,0,,,,,,0,,,,,,,,,,,,,,,,,,,,,,,,,
593,2022,2022-12-31,12,1,B_VENTUREIN,2022-12-31,2023-04-30,1.0,estimated_fy_plus_4m,1,,,0.5315817152416611,0.5315817152416611,3.0,,0.3132623318793257,0.1622780487710154,,0.1576095240961749,0.3698760450272042,0.4557043468403743,2.1365662224772235,1.3652890981398045,0.1424082314236294,,,0.0091685955516546,22.83222346150873,,1.0,0.0,0.0,,
593,2023,2023-12-31,12,1,B_VENTUREIN,2023-12-31,2024-04-30,1.0,estimated_fy_plus_4m,2,0.0,0.2256745676514335,0.315964767462773,0.315964767462773,3.0,0.574076062514935,0.4265634678618124,0.1222515569910151,-0.0400264917800002,0.1202527703632205,0.219744643800303,0.4416486493675263,2.217208900251144,1.5681641081107656,0.0,,,0.0143164849793452,23.035714821414285,0.0,1.0,0.0,0.0,0.0,-0.0113029413280934
593,2024,2024-12-31,12,1,B_VENTUREIN,2024-12-31,2025-04-30,1.0,estimated_fy_plus_4m,3,0.0,-0.1781446059644561,,0.0036569407703579,2.0,3.2011577392600525,,0.0731588422295748,-0.0490927147614403,0.1029510524188972,0.0368027625846332,0.8398694613467325,1.1834017980744405,0.2194790286613465,0.0,,,0.0106473211757751,22.83952400234786,0.0,1.0,0.0,0.0,0.0,-0.040232090677995
594,2021,2021-12-31,12,1,C_FSC,2021-12-31,2022-04-30,1.0,estimated_fy_plus_4m,1,,,,,,,,0.0024826240781912,,-0.055161884380184,-0.0213952380765593,0.7103985073136796,,,,,,,21.84341291198732,,1.0,0.0,0.0,,
594,2022,2022-12-31,12,0,,,,,,1,,,,,,,,,,,,,,,,,,,,,,,,,
594,2023,2023-12-31,12,0,,,,,,1,,,,,,,,,,,,,,,,,,,,,,,,,
594,2024,2024-12-31,12,0,,,,,,1,,,,,,,,,,,,,,,,,,,,,,,,,
595,2021,2021-12-31,12,1,C_FSC,2021-12-31,2022-04-30,1.0,estimated_fy_plus_4m,1,,,,-0.2146620652667117,2.0,,,-0.1346616300824961,,-0.2224710714158768,-0.0709834440114282,0.7680095439300911,,,,,,,21.852953576515574,,0.0,0.0,0.0,,
595,2022,2022-12-31,12,1,C_FSC,2022-12-31,2023-04-30,1.0,estimated_fy_plus_4m,2,0.0,1.1011342008407952,0.0902405090119085,0.0902405090119085,3.0,0.0074171455660698,0.2221185858449637,0.0499498720387477,0.1846115021212439,0.036865236139684,0.0245326800318777,0.7451850044554911,,,,,,,22.595430871084275,1.0,1.0,0.0,0.0,0.0,-1.0310182883055e-07
595,2023,2023-12-31,12,1,C_FSC,2023-12-31,2024-04-30,1.0,estimated_fy_plus_4m,3,0.0,-0.4911286811447968,,0.0340246282722809,2.0,0.0910645681356498,,-0.1976738844509777,-0.2476237564897255,-0.2303285961586816,-0.0714880344406549,0.7509750828472185,,,,,,,21.91987076501104,0.0,0.0,0.0,0.0,0.0,0.0948853295676664
595,2024,2024-12-31,12,1,C_FSC,2024-12-31,2025-04-30,1.0,estimated_fy_plus_4m,4,0.0,1.1629752688536006,0.3224251695238369,0.3224251695238369,3.0,-0.0230955410941807,0.0240094411827205,-0.0347946504334014,0.1628792340175763,-0.0608252825803469,-0.0417993080913749,0.7868871505290134,,,,,,,22.69135547819195,0.0,0.0,0.0,0.0,0.0,-9.380080779379656e-08
596,2021,2021-12-31,12,0,,,,,,0,,,,,,,,,,,,,,,,,,,,,,,,,
596,2022,2022-12-31,12,1,B_VENTUREIN,2022-12-31,2023-04-30,1.0,estimated_fy_plus_4m,1,,,,,,,,0.1525498491854867,,0.158095746040132,0.1717644453092494,0.5966153801760433,4.767478354233485,1.826759142546443,0.398318101543274,,,0.075575585994421,21.747945932882487,,1.0,0.0,0.0,,
596,2023,2023-12-31,12,1,B_VENTUREIN,2023-12-31,2024-04-30,1.0,estimated_fy_plus_4m,2,0.0,1.7124198371691377,,1.7124198371691377,1.0,0.5836150990277573,,0.111210734443466,-0.0413391147420207,0.1127288581785558,0.2097758420389869,0.5557060874815385,2.940881126703274,0.861349291089224,0.2845004153991698,,,0.0282973341863654,22.74578709819499,0.0,1.0,0.0,0.0,0.0,-0.031998262417805
596,2024,2024-12-31,12,0,,,,,,2,,,,,,,,,,,,,,,,,,,,,,,,,
597,2021,2021-12-31,12,0,,,,,,0,,,,,,,,,,,,,,,,,,,,,,,,,
597,2022,2022-12-31,12,1,B_VENTUREIN,2022-12-31,2023-04-30,1.0,estimated_fy_plus_4m,1,,,0.5408026915213189,0.5408026915213189,3.0,,0.4014309394217166,0.1881226878111438,,0.2042724725213583,0.2089266297312691,0.4935258837982058,1.4392482997889444,0.6351150477991866,0.1516964533639836,,,0.0,22.83668830631824,,1.0,0.0,0.0,,
597,2023,2023-12-31,12,1,B_VENTUREIN,2023-12-31,2024-04-30,1.0,estimated_fy_plus_4m,2,0.0,0.3883186880861387,,0.3883186880861387,1.0,0.2454456153601758,,0.1250983643280687,-0.063024323483075,0.1268813238406934,0.1446591989604626,0.5380454438429227,1.4125011393197169,0.8903587638004489,0.0589730698412405,,,0.0,23.164781744415794,0.0,1.0,0.0,0.0,0.0,-0.111300128383728
597,2024,2024-12-31,12,0,,,,,,2,,,,,,,,,,,,,,,,,,,,,,,,,
598,2021,2021-12-31,12,0,,,,,,0,,,,,,,,,,,,,,,,,,,,,,,,,
598,2022,2022-12-31,12,1,B_VENTUREIN,2022-12-31,2023-04-30,1.0,estimated_fy_plus_4m,1,,,,,,,,-0.1686924939467312,,-0.1739542456374718,-0.4072698484063609,0.9540918553849462,0.7984559867486986,0.3072970894462849,0.2932178706518233,,,0.0,20.903668887917732,,0.0,0.0,0.0,,
598,2023,2023-12-31,12,0,,,,,,1,,,,,,,,,,,,,,,,,,,,,,,,,
598,2024,2024-12-31,12,0,,,,,,1,,,,,,,,,,,,,,,,,,,,,,,,,
599,2021,2021-12-31,12,1,C_FSC,2021-12-31,2022-04-30,1.0,estimated_fy_plus_4m,1,0.0,0.2161383285302593,,0.481251988130206,2.0,0.1052631578947369,,0.084518167456556,-0.0326768373465179,0.0639810426540284,0.0419254658385093,0.827639751552795,,,,,,,20.9591281606684,0.0,1.0,0.0,0.0,0.0,0.0
599,2022,2022-12-31,12,1,C_FSC,2022-12-31,2023-04-30,1.0,estimated_fy_plus_4m,2,0.0,0.717219589257504,0.5560656251156255,0.5560656251156255,3.0,0.3473084886128363,1.3762427932167451,0.0947562097516099,0.0102380422950538,0.0804967801287948,0.0672301190933538,0.8048405685747215,,,,,,,21.49983462564543,0.0,1.0,0.0,0.0,0.0,0.0
599,2023,2023-12-31,12,1,C_FSC,2023-12-31,2024-04-30,1.0,estimated_fy_plus_4m,3,0.0,-0.0648574057037718,0.249958371972651,0.249958371972651,3.0,0.1759508259700346,0.2053337034287685,0.0919822921790457,-0.0027739175725641,0.0555828824397442,0.0369160405096373,0.7644560601110748,,,,,,,21.432778371592622,0.0,1.0,0.0,0.0,0.0,0.0384172109104879
599,2024,2024-12-31,12,1,C_FSC,2024-12-31,2025-04-30,1.0,estimated_fy_plus_4m,4,0.0,-0.0359075258239055,0.1568421978465219,0.1568421978465219,3.0,0.1012740934335185,0.2038818772618924,0.0673469387755102,-0.0246353534035355,0.0153061224489795,0.0088994363690299,0.7772174428952833,,,,,,,21.39621031018884,0.0,1.0,0.0,0.0,0.0,0.0
600,2021,2021-12-31,12,0,,,,,,0,,,,,,,,,,,,,,,,,,,,,,,,,
600,2022,2022-12-31,12,1,C_FSC,2022-12-31,2023-04-30,1.0,estimated_fy_plus_4m,1,,,0.1076010310261308,0.1076010310261308,3.0,,0.3701316908633481,0.037827940231345,,0.0479129343770919,0.0735824205332716,0.2485828782509746,,,,,,,22.43456442774639,,1.0,0.0,0.0,,
600,2023,2023-12-31,12,1,C_FSC,2023-12-31,2024-04-30,1.0,estimated_fy_plus_4m,2,0.0,-0.0455692461867877,0.0270618978916199,0.0270618978916199,3.0,0.4531055730043092,0.3410006780025822,0.0204087233064868,-0.0174192169248582,0.0283201624264648,0.0285669777649489,0.4543220439936039,,,,,,,22.387924242219515,0.0,1.0,0.0,0.0,0.0,-2.774046684986471e-07
600,2024,2024-12-31,12,1,C_FSC,2024-12-31,2025-04-30,1.0,estimated_fy_plus_4m,3,0.0,0.2545814921947331,,0.0942628383142343,2.0,0.1841275732043124,,0.0450000098053369,0.02459128649885,0.0371736915871567,0.0397287252874386,0.4994441144814626,,,,,,,22.6147262868342,0.0,1.0,0.0,0.0,0.0,1.90904689688245e-07
601,2021,2021-12-31,12,1,C_FSC,2021-12-31,2022-04-30,1.0,estimated_fy_plus_4m,1,0.0,0.4274180410931489,,0.1847438063242497,2.0,0.3108295716815372,,-0.3655727170859183,-0.3459889753513124,-0.3636021713703823,-0.1632134314219462,0.7488634082658849,,,,,,,22.78055583478432,0.0,0.0,0.0,0.0,0.0,0.3391376871338424
601,2022,2022-12-31,12,1,A_DART,2022-12-31,2024-03-29,0.0,dart_rcept_dt_restated_report,2,1.0,-0.9306557483856324,-0.5400049907591584,-0.5400049907591584,3.0,-0.1384809906606467,0.1060680482211331,-2.2386881860045302,-1.873115468918612,-3.432584742251841,-0.1240213047853445,0.8288181295357232,0.4093650002757478,0.1031776673698752,0.5463228199477526,-1.9302307265635907,0.0,0.1365138590685534,20.11188380964469,0.0,0.0,0.0,0.0,0.0,0.0031865553607701
601,2023,2023-12-31,12,1,A_DART,2023-12-31,2024-03-29,0.0,dart_rcept_dt,3,0.0,4.603927460349269,-0.1783540530095221,-0.1783540530095221,3.0,0.2039091709736875,0.1078176306120717,-1.008841651373092,1.2298465346314382,-1.754093100051679,-0.2950030123963712,1.495222062888726,0.4545949007860418,0.1340655118527373,0.5541924854862018,-0.2481632907055365,0.0,0.22841694584943,21.83535149377252,0.0,0.0,0.0,1.0,0.0,-0.4122274215556667
601,2024,2024-12-31,12,1,A_DART,2024-12-31,2025-04-02,0.0,dart_rcept_dt,4,0.0,0.3928249780274064,-0.1850458562601363,-0.1850458562601363,3.0,-0.3571152539699634,-0.1263639038983872,-0.8411354011868258,0.1677062501862661,-2.002354197489134,-0.7295887662754597,2.5059376251861,0.0917887855491633,0.0292045975251352,0.7154458373099336,-1.222097894381734,0.0,,22.166685536762053,0.0,0.0,0.0,1.0,0.0,-0.0038807761027493
625,2021,2021-12-31,12,1,C_FSC,2021-12-31,2022-04-30,1.0,estimated_fy_plus_4m,1,0.0,,,,,0.1584629622153417,,-8.8305,-3.017722222222223,-10.298111111111112,-0.1242281230606738,1.1706613713708214,,,,,,,16.70588231586044,0.0,0.0,0.0,1.0,1.0,-2.329127446748383e-06
625,2022,2022-12-31,12,1,C_FSC,2022-12-31,2023-04-30,1.0,estimated_fy_plus_4m,2,0.0,77.92311111111111,,77.92311111111111,1.0,3.489992239344513,0.7943797029133464,0.0440865089510465,8.874586508951047,0.0149871604993889,0.0031779006422072,0.8649861650645566,,,,,,,21.074356417311243,1.0,1.0,0.0,0.0,0.0,0.7626036932141848
625,2023,2023-12-31,12,1,C_FSC,2023-12-31,2024-04-30,1.0,estimated_fy_plus_4m,3,0.0,0.9745188002950832,,11.4833956384738,2.0,0.563263373049504,1.0108822104235906,0.0397806371618444,-0.0043058717892021,0.0293133806268945,0.0078508374306159,0.647328352145267,,,,,,,21.75468114055775,0.0,1.0,0.0,0.0,0.0,0.4040319082658254
625,2024,2024-12-31,12,0,,,,,,3,,,,,,,,,,,,,,,,,,,,,,,,,
701,2021,2021-12-31,12,0,,,,,,0,,,,,,,,,,,,,,,,,,,,,,,,,
701,2022,2022-12-31,12,0,,,,,,0,,,,,,,,,,,,,,,,,,,,,,,,,
701,2023,2023-12-31,12,1,B_VENTUREIN,2023-12-31,2024-04-30,1.0,estimated_fy_plus_4m,1,,,,,,,,-91.59275,,-89.9076,-0.4137917703359852,0.7596054628783298,1.0426216504744354,0.7456537427015679,0.4448230694954929,,,8.55575,16.811242831518264,,0.0,0.0,0.0,,
701,2024,2024-12-31,12,1,B_VENTUREIN,2024-12-31,2025-04-30,1.0,estimated_fy_plus_4m,2,0.0,2.06195,,2.06195,1.0,1.4150958636287068,,-41.938813501200215,49.65393649879978,-43.83838730220938,-0.255801881196751,0.5685011264979278,2.6772884569344724,0.7932555621923272,0.3876162884596969,,,7.276261859272686,17.93029479942383,0.0,0.0,0.0,0.0,0.0,1.419502672620346
702,2021,2021-12-31,12,0,,,,,,0,,,,,,,,,,,,,,,,,,,,,,,,,
702,2022,2022-12-31,12,1,B_VENTUREIN,2022-12-31,2023-04-30,1.0,estimated_fy_plus_4m,1,,,,,,,,-1.0315624309515885,,-0.7746170347850164,-0.2881914029502606,0.6615489440625906,1.9481846223103652,0.1721569422987895,0.2925680328703013,,,0.1786747739407449,21.304192917491548,,0.0,0.0,0.0,,
702,2023,2023-12-31,12,1,B_VENTUREIN,2023-12-31,2024-04-30,1.0,estimated_fy_plus_4m,2,0.0,0.0958614305012879,,0.0958614305012879,1.0,0.5196044092621392,,-0.837357700046859,0.1942047309047294,-0.3326656682316982,-0.0892538703807458,0.5246470014726504,2.371164357681013,0.2108782064572407,0.2663599021666024,,,0.1544195039881249,21.3957336659998,0.0,0.0,0.0,0.0,0.0,0.519528031555023
702,2024,2024-12-31,12,1,B_VENTUREIN,2024-12-31,2025-04-30,1.0,estimated_fy_plus_4m,3,0.0,0.0718480132879648,,0.0837882159913498,2.0,0.0124624048231387,,-0.5234327116454212,0.3139249884014379,-0.3252858219819689,-0.092392881234834,0.6229451118581745,1.817436350000832,0.0125722053302409,0.3259887087421151,,,0.097437829224491,21.46511793994758,0.0,0.0,0.0,0.0,0.0,-5.478100539853113e-05
703,2021,2021-12-31,12,1,C_FSC,2021-12-31,2022-04-30,1.0,estimated_fy_plus_4m,1,0.0,-0.6,,-0.6,1.0,0.8792892156862746,,-3.913690476190476,-3.035119047619048,-4.005952380952381,-0.4388653407238344,0.494946201499837,,,,,,,19.63262171792748,0.0,0.0,0.0,0.0,0.0,1.838235294117647
703,2022,2022-12-31,12,1,C_FSC,2022-12-31,2023-04-30,1.0,estimated_fy_plus_4m,2,0.0,0.7606845238095239,,-0.1607897703651311,2.0,2.9321033583306164,1.1598877334437063,-4.8214134789296645,-0.9077230027391884,-4.889217194340676,-0.2398399105919263,0.199307183616657,,,,,,,20.198324385345007,0.0,0.0,0.0,0.0,0.0,3.5864284316922075
703,2023,2023-12-31,12,1,C_FSC,2023-12-31,2024-04-30,1.0,estimated_fy_plus_4m,3,0.0,-0.0750131002890515,-0.1331198867984843,-0.1331198867984843,3.0,-0.3030251594538233,0.7269451708297183,-6.350923680541215,-1.5295102016115507,-6.470312291557401,-0.4212363554164907,0.2724247056933976,,,,,,,20.12034868130036,0.0,0.0,0.0,0.0,0.0,0.0
703,2024,2024-12-31,12,0,,,,,,3,,,,,,,,,,,,,,,,,,,,,,,,,
704,2021,2021-12-31,12,1,C_FSC,2021-12-31,2022-04-30,1.0,estimated_fy_plus_4m,1,0.0,0.4307193660669943,,0.4307193660669943,1.0,0.4867873847526005,,0.0407457671178937,-0.0559609579189157,0.0249167568228822,0.0284152538530487,0.804204261285361,,,,,,,20.99170010316034,0.0,1.0,0.0,0.0,0.0,0.0648185598871638
704,2022,2022-12-31,12,1,C_FSC,2022-12-31,2023-04-30,1.0,estimated_fy_plus_4m,2,0.0,-0.1345003306789814,,0.1127835091436972,2.0,0.9252164996634358,,-0.1572438162544169,-0.1979895833723107,-0.1757950530035335,-0.0901268115942029,0.5353260869565217,,,,,,,20.847251816727404,0.0,0.0,0.0,0.0,0.0,0.8723157703830553
704,2023,2023-12-31,12,1,C_FSC,2023-12-31,2024-04-30,1.0,estimated_fy_plus_4m,3,0.0,0.2429328621908126,0.1545772899960364,0.1545772899960364,3.0,0.2182971014492754,0.5164469356141608,0.0547263681592039,0.2119701844136209,0.0241648898365316,0.0126394052044609,0.4944237918215613,,,,,,,21.064725615078665,1.0,1.0,0.0,0.0,0.0,0.1358695652173913
704,2024,2024-12-31,12,1,C_FSC,2024-12-31,2025-04-30,1.0,estimated_fy_plus_4m,4,0.0,0.9545131485429992,0.2811040114821697,0.2811040114821697,3.0,0.7970260223048327,0.6153341848625371,0.0487272727272727,-0.0059990954319312,0.0269090909090909,0.0153082333471245,0.3723624327678941,,,,,,,21.73486674862489,0.0,1.0,0.0,0.0,0.0,0.5947955390334573
705,2021,2021-12-31,12,0,,,,,,0,,,,,,,,,,,,,,,,,,,,,,,,,
705,2022,2022-12-31,12,1,B_VENTUREIN,2022-12-31,2023-04-30,1.0,estimated_fy_plus_4m,1,,,,,,,,-617.8523111612176,,-522.3878241262684,-0.8184041403628505,0.6255993313699745,2.5538029219610063,0.9434931066412882,0.5028289959634218,,,190.52694475760995,15.305038173725816,,0.0,1.0,0.0,,
705,2023,2023-12-31,12,1,B_VENTUREIN,2023-12-31,2024-04-30,1.0,estimated_fy_plus_4m,2,0.0,,,,,1.5526441936610849,,,,,-0.4759294875609346,0.3598501339434108,3.4812893932293747,0.5100985292189838,0.2338864513036337,,,,,0.0,0.0,1.0,0.0,1.0,2.4745531662959315
705,2024,2024-12-31,12,0,,,,,,2,,,,,,,,,,,,,,,,,,,,,,,,,
706,2021,2021-12-31,12,0,,,,,,0,,,,,,,,,,,,,,,,,,,,,,,,,
706,2022,2022-12-31,12,1,C_FSC,2022-12-31,2023-04-30,1.0,estimated_fy_plus_4m,1,,,,,,,,-11.169780375078124,,-10.733926218446582,-0.3490059689109245,0.2355038562025093,,,,,,,19.341763973442117,,0.0,0.0,0.0,,
706,2023,2023-12-31,12,1,C_FSC,2023-12-31,2024-04-30,1.0,estimated_fy_plus_4m,2,0.0,0.4730713651617628,,0.4730713651617628,1.0,-0.4019083947234387,,-9.623688982453109,1.5460913926250175,-9.30843131903026,-0.7454299332904113,0.4670707835806764,,,,,,,19.72911355860288,0.0,0.0,0.0,0.0,0.0,7.973217238458088e-05
706,2024,2024-12-31,12,1,C_FSC,2024-12-31,2025-04-30,1.0,estimated_fy_plus_4m,3,0.0,1.3247242843283238,,0.8505363479651586,2.0,-0.4642102244753315,,-2.762241436632358,6.861447545820749,-2.636526805497109,-0.916092971704896,0.91989462646682,,,,,,,20.57271500322449,0.0,0.0,0.0,0.0,0.0,0.0008236713538313
707,2021,2021-12-31,12,1,A_DART,2021-12-31,2023-04-03,0.0,dart_rcept_dt_restated_report,1,1.0,10.0795608220661,,10.0795608220661,1.0,18.61904462707896,,0.1503787953733706,-0.0209666313454107,0.1312714510616838,0.1279102559418189,0.563329856420668,1.7687552767390406,0.9870793244969676,0.1194187604015189,0.1758691257893321,1.0,0.0049868716893227,23.37981274470055,0.0,1.0,0.0,0.0,0.0,5.721180919538687
707,2022,2022-12-31,12,1,A_DART,2022-12-31,2023-04-03,0.0,dart_rcept_dt,2,0.0,0.7222753273184854,,3.3683010703669405,2.0,0.8078035718845107,,0.1979225959835618,0.0475438006101912,0.1043169863024361,0.0968370283780179,0.8184930132078299,2.1197414453754733,0.8745749411017607,0.4200084004642798,0.0437851308987295,1.0,0.0319273412935192,23.923459026031324,0.0,1.0,0.0,0.0,0.0,-0.2836034903269145
707,2023,2023-12-31,12,1,A_DART,2023-12-31,2024-04-04,0.0,dart_rcept_dt,3,0.0,-0.0385005489293617,1.6374934445874438,1.6374934445874438,3.0,0.0770805905872362,2.367899305409234,0.1527378068002782,-0.0451847891832836,0.1042428835546904,0.0863840733845499,0.496559210077298,3.1908207812417,1.7712130764742535,0.3933082445700991,0.140678550371709,1.0,,23.884197741168485,0.0,1.0,0.0,0.0,0.0,0.2676967077651162
707,2024,2024-12-31,12,1,A_DART,2024-12-31,2025-04-04,0.0,dart_rcept_dt,4,0.0,-0.763925556287718,-0.2688044630468554,-0.2688044630468554,3.0,-0.1169175161887657,0.1980278209476074,-0.41241024137791,-0.5651480481781883,-0.4738292193908898,-0.1049679718250204,0.5234613224375944,1.1801819002369214,0.4449906680801191,0.3749752842328584,-0.1775955918580664,0.0,,22.44058965693021,0.0,0.0,0.0,0.0,0.0,0.0100775463710947
708,2021,2021-12-31,12,0,,,,,,0,,,,,,,,,,,,,,,,,,,,,,,,,
708,2022,2022-12-31,12,1,A_DART,2022-12-31,2024-04-03,0.0,dart_rcept_dt_restated_report,1,,,,,,,,-0.6677529533036421,,-0.6776088317223604,-0.8253323514046693,1.3072547185259416,0.7595039886174814,0.2093424896850552,0.463144769492658,-0.4644817389989906,0.0,0.1732442367334848,21.110378916690845,,0.0,0.0,1.0,,
708,2023,2023-12-31,12,1,A_DART,2023-12-31,2024-04-03,0.0,dart_rcept_dt,2,0.0,-0.0983482177762419,,-0.0983482177762419,1.0,0.1035852157354884,,-1.104449521696045,-0.4366965683924029,-1.2068867521511395,-1.2010174097795856,2.3901238036900856,0.2467294043578663,0.1190422983776944,0.7943807805787293,-1.03169249884696,0.0,0.1477523914369365,21.006852032484844,0.0,0.0,0.0,1.0,0.0,0.0985596980052621
708,2024,2024-12-31,12,1,C_FSC,2024-12-31,2025-04-30,1.0,estimated_fy_plus_4m,3,1.0,-0.4587679639172035,,-0.3014280066230491,2.0,0.4943748855239216,,-2.3655830792842005,-1.2611335575881557,-2.6693929118552706,-0.9620977978017636,0.8089704737035576,,,,,,,20.39294484258325,0.0,0.0,0.0,0.0,0.0,3.113328316633848
709,2021,2021-12-31,12,0,,,,,,0,,,,,,,,,,,,,,,,,,,,,,,,,
709,2022,2022-12-31,12,1,A_DART,2022-12-31,2024-04-05,0.0,dart_rcept_dt_restated_report,1,,,,,,,,0.2059845007247464,,0.1690181204271531,0.2501818562126973,0.2554492631667738,1.2831494420162226,0.0057057817848993,,0.1898322034157956,1.0,0.0059749386353319,23.79982628582882,,1.0,0.0,0.0,,
709,2023,2023-12-31,12,1,A_DART,2023-12-31,2024-04-05,0.0,dart_rcept_dt,2,0.0,-0.2376325528073875,,-0.2376325528073875,1.0,1.2788357880843444,,0.0812613470171649,-0.1247231537075814,0.0628094887040317,0.0311027731820124,0.1660198836010016,3.4080457502748,0.5025912314935842,0.0389421241943829,0.058306460291785,1.0,0.018264037605172,23.528499660468977,0.0,1.0,0.0,0.0,0.0,1.0850748863317186
709,2024,2024-12-31,12,1,A_DART,2024-12-31,2025-04-03,0.0,dart_rcept_dt,3,0.0,-0.3461422299063142,,-0.2939689248953858,2.0,0.3557203398024537,,-0.467528563300604,-0.548789910317769,-0.4270277943957899,-0.1019866145821231,0.0448140217902566,30.13276100812353,1.9717859882386088,0.1030758418532664,-0.5548935709679071,0.0,0.0294287611766646,23.103634232371537,0.0,0.0,0.0,0.0,0.0,0.5992502703306319
710,2021,2021-12-31,12,1,C_FSC,2021-12-31,2022-04-30,1.0,estimated_fy_plus_4m,1,0.0,,,,,3.9384615384615382,,-39.66666666666666,-21.666666666666664,-17.166666666666668,-0.6417445482866043,0.3862928348909657,,,,,,,16.300417207752275,0.0,0.0,0.0,0.0,1.0,5.384615384615385
710,2022,2022-12-31,12,1,C_FSC,2022-12-31,2023-04-30,1.0,estimated_fy_plus_4m,2,0.0,1.5,,1.5,1.0,3.947040498442368,,-30.966666666666665,8.7,-17.4,-0.3287153652392947,0.2600755667506297,,,,,,,17.216707939626428,0.0,0.0,0.0,0.0,0.0,4.672897196261682
710,2023,2023-12-31,12,0,,,,,,2,,,,,,,,,,,,,,,,,,,,,,,,,
710,2024,2024-12-31,12,0,,,,,,2,,,,,,,,,,,,,,,,,,,,,,,,,
711,2021,2021-12-31,12,1,A_DART,2021-12-31,2023-04-03,0.0,dart_rcept_dt_restated_report,1,,,,1.62056251126292,2.0,,,-0.2258377295600464,,-0.2458169091150003,-0.0557885782341685,0.5582166278338079,1.692463228654405,1.5339517163094898,0.1070013648153791,0.934069880582422,1.0,0.0152289721660356,22.91067504947447,,0.0,0.0,0.0,,
711,2022,2022-12-31,12,1,A_DART,2022-12-31,2023-04-03,0.0,dart_rcept_dt,2,0.0,0.6521502701439577,1.2470506638875087,1.2470506638875087,3.0,-0.1797097403059879,1.0581876765021083,-0.0888932068112904,0.136944522748756,-0.0862368260788651,-0.0394192443811734,0.4494043444908294,1.2951848538737676,0.9861300265245174,0.159400035814424,-0.7527628483982124,0.0,0.0300902786651229,23.41275268299329,0.0,0.0,0.0,0.0,0.0,0.0422001032881946
711,2023,2023-12-31,12,1,A_DART,2023-12-31,2024-04-03,0.0,dart_rcept_dt,3,0.0,0.2077322392912632,,0.4125704036990962,2.0,0.1115017427408375,,0.0123846873614746,0.101277894172765,0.0223955074867281,0.0111233845275811,0.2659887123187621,2.645619109595564,0.850558175148613,0.1862229015247343,-0.4212897866824412,0.0,0.0301700513659308,23.6014971017207,1.0,1.0,0.0,0.0,0.0,0.2528955086523888
711,2024,2024-12-31,12,1,A_DART,2024-12-31,2025-04-09,0.0,dart_rcept_dt,4,0.0,-0.4352715937497108,0.040606688413616,0.040606688413616,3.0,-0.0052247110015518,-0.032017370990687,-0.4734600984467218,-0.4858447858081964,-0.4834715791614391,-0.1363206464619694,0.3423494438960492,1.8220958248778576,0.613732567475218,0.2214100205135845,-0.1393508236924741,0.0,0.0506105238911175,23.03008674141107,0.0,0.0,0.0,0.0,0.0,0.0558116448077208
712,2021,2021-12-31,12,0,,,,,,0,,,,,,,,,,,,,,,,,,,,,,,,,
712,2022,2022-12-31,12,1,C_FSC,2022-12-31,2023-04-30,1.0,estimated_fy_plus_4m,1,,,0.5291965214310637,0.5291965214310637,3.0,,0.7961029207095858,-0.0337567772015983,,0.0657337003958558,0.0671611832032538,0.4284541721297352,,,,,,,21.987442845313847,,0.0,0.0,0.0,,
712,2023,2023-12-31,12,1,C_FSC,2023-12-31,2024-04-30,1.0,estimated_fy_plus_4m,2,0.0,-0.0547478121156619,0.0852614652501884,0.0852614652501884,3.0,-0.0200915861865149,0.4849113398540958,-0.3767519403913684,-0.3429951631897701,-0.35681207138142,-0.3516673111818425,0.4739831361843386,,,,,,,21.931139323709267,0.0,0.0,0.0,0.0,0.0,0.2885042798807365
712,2024,2024-12-31,12,1,C_FSC,2024-12-31,2025-04-30,1.0,estimated_fy_plus_4m,3,0.0,0.6188866054798032,,0.2370352079736588,2.0,0.2400821484415152,,0.0203059449966487,0.3970578853880171,0.0039441582359292,0.0050747279639907,0.5707462251263041,,,,,,,22.412877956099976,1.0,1.0,0.0,0.0,0.0,0.0
713,2021,2021-12-31,12,1,C_FSC,2021-12-31,2022-04-30,1.0,estimated_fy_plus_4m,1,0.0,0.4200985154543097,,0.6842558603915085,2.0,0.5672907268898162,,0.119883853302883,0.5187307696944303,0.1237417376654111,0.0348505934522453,0.3456031351453851,,,,,,,20.979580299750424,1.0,1.0,0.0,0.0,0.0,0.4990286386764753
713,2022,2022-12-31,12,1,C_FSC,2022-12-31,2023-04-30,1.0,estimated_fy_plus_4m,2,0.0,0.4235608775700203,0.5924435990571859,0.5924435990571859,3.0,0.1824788006063664,0.2754243258095401,0.0504874509844427,-0.0693964023184402,0.0224700959571441,0.0076187123227828,0.4389703964557956,,,,,,,21.33274169269067,0.0,1.0,0.0,0.0,0.0,-2.1796060797931989e-07
713,2023,2023-12-31,12,1,C_FSC,2023-12-31,2024-04-30,1.0,estimated_fy_plus_4m,3,0.0,0.0824271378611303,0.2982681312673516,0.2982681312673516,3.0,-0.1043440834845568,0.1840263718293113,0.0093019448151237,-0.0411855061693189,-0.3629551466559255,-0.148726062478957,0.4748027827329625,,,,,,,21.4119475621846,0.0,1.0,0.0,0.0,0.0,0.0425737692377877
713,2024,2024-12-31,12,0,,,,,,3,,,,,,,,,,,,,,,,,,,,,,,,,
714,2021,2021-12-31,12,1,C_FSC,2021-12-31,2022-04-30,1.0,estimated_fy_plus_4m,1,0.0,1.809897879025923,,3.0600333702744287,2.0,0.9069045771916212,,0.0304724629577858,0.1883671997998911,0.1218898518311434,0.177379983726607,0.5138323840520749,,,,,,,21.997790297223293,1.0,1.0,0.0,0.0,0.0,-0.0023273855702094
714,2022,2022-12-31,12,1,C_FSC,2022-12-31,2023-04-30,1.0,estimated_fy_plus_4m,2,0.0,0.5515795359239586,1.946305318715566,1.946305318715566,3.0,2.6232709519934905,2.183644278151866,0.0718918918918919,0.041419428934106,0.1544144144144144,0.0962272625196496,0.7694812485964518,,,,,,,22.437063764704757,0.0,1.0,0.0,0.0,0.0,0.000406834825061
714,2023,2023-12-31,12,0,,,,,,2,,,,,,,,,,,,,,,,,,,,,,,,,
714,2024,2024-12-31,12,0,,,,,,2,,,,,,,,,,,,,,,,,,,,,,,,,
715,2021,2021-12-31,12,1,C_FSC,2021-12-31,2022-04-30,1.0,estimated_fy_plus_4m,1,,,,,,,,,,,-0.3237006352158538,0.813622887593905,,,,,,,,,0.0,1.0,0.0,,
715,2022,2022-12-31,12,1,C_FSC,2022-12-31,2023-04-30,1.0,estimated_fy_plus_4m,2,0.0,,,,,1.705088140208085,,,,,-0.0365365227825886,0.1325610805504052,,,,,,,,0.0,0.0,1.0,0.0,1.0,2.258956135415543
715,2023,2023-12-31,12,1,C_FSC,2023-12-31,2024-04-30,1.0,estimated_fy_plus_4m,3,0.0,,,,,0.0593420117475964,,-84.53846153846153,,-13.038461538461538,-0.1724313326551373,0.3555442522889115,,,,,,,17.073607095985757,0.0,0.0,0.0,0.0,1.0,-0.0020761163638166
715,2024,2024-12-31,12,0,,,,,,3,,,,,,,,,,,,,,,,,,,,,,,,,
716,2021,2021-12-31,12,0,,,,,,0,,,,,,,,,,,,,,,,,,,,,,,,,
716,2022,2022-12-31,12,1,C_FSC,2022-12-31,2023-04-30,1.0,estimated_fy_plus_4m,1,,,,,,,,-1.000022820146277,,-1.0567471837494478,-0.0432776595363325,0.2319734940381545,,,,,,,20.234679412107194,,0.0,0.0,0.0,,
716,2023,2023-12-31,12,0,,,,,,1,,,,,,,,,,,,,,,,,,,,,,,,,
716,2024,2024-12-31,12,0,,,,,,1,,,,,,,,,,,,,,,,,,,,,,,,,
717,2021,2021-12-31,12,1,C_FSC,2021-12-31,2022-04-30,1.0,estimated_fy_plus_4m,1,0.0,0.7808041876696394,,1.433898731243235,2.0,0.373271382636656,,0.0299900232848084,-0.0045194765213179,0.1841910216530864,0.132046820705395,0.6153305701206201,,,,,,,22.247732616948507,0.0,1.0,0.0,0.0,0.0,0.2071551982851018
717,2022,2022-12-31,12,1,C_FSC,2022-12-31,2023-04-30,1.0,estimated_fy_plus_4m,2,0.0,0.4268893159439753,1.0370347210935655,1.0370347210935655,3.0,0.6831945873373928,1.5379474381856624,-0.0410731076687563,-0.0710631309535647,-0.2439902485264599,-0.1482818248016241,0.7158447855471188,,,,,,,22.60322938827516,0.0,0.0,0.0,0.0,0.0,0.3432062539580111
717,2023,2023-12-31,12,1,A_DART,2023-12-31,2025-04-03,0.0,dart_rcept_dt_restated_report,3,1.0,0.0491732233973105,0.3866000691288411,0.3866000691288411,3.0,0.2342314230977678,0.4182814793568941,-0.0550093781077511,-0.0139362704389948,-0.1032713267425806,-0.0533513984943829,0.6352419316666602,6.128960806547043,1.6926462207792448,0.542336745671662,-0.0183103117862662,0.0,0.0346473268125262,22.651231835989154,0.0,0.0,0.0,0.0,0.0,0.231888627800548
717,2024,2024-12-31,12,1,A_DART,2024-12-31,2025-04-03,0.0,dart_rcept_dt,4,0.0,0.3836456823766945,0.2747375885663343,0.2747375885663343,3.0,0.287400421020169,0.3880811523239591,0.0402049737421745,0.0952143518499257,0.001028332167196,0.0005709666185906,0.5410869824083185,1.0326967939398148,0.1038025912478814,0.4209170841934269,-0.2186442754198543,0.0,0.0184833216180573,22.97595365056509,1.0,1.0,0.0,0.0,0.0,0.225311681060665
718,2021,2021-12-31,12,1,A_DART,2021-12-31,2022-04-13,0.0,dart_rcept_dt,1,0.0,-1.0,,,,1.0672309159090791,,,,,-0.0689369021737168,0.9929616643110836,0.8541989014585953,0.0001323152957449,0.5808166308380733,,0.0,,,0.0,0.0,1.0,0.0,0.0,0.0
718,2022,2022-12-31,12,1,A_DART,2022-12-31,2023-04-14,0.0,dart_rcept_dt,2,0.0,,,,,2.6327913050572014,,,,,-0.1476350309554743,0.7012587308472036,8.782157847570266,5.214028727652591,0.1519691952102008,,0.0,,,,,1.0,0.0,1.0,1.6145536061280137
718,2023,2023-12-31,12,1,A_DART,2023-12-31,2024-04-01,0.0,dart_rcept_dt,3,0.0,,1.1748382591487996,1.1748382591487996,3.0,0.0616299125488337,0.9977180602055252,0.0727216018601407,,0.0819305048885478,0.0103776471225181,0.7104740684283516,1.8860116101026747,0.0748204740571582,0.1243263226606684,0.4480841444887756,1.0,0.0878162962208765,23.22565849491264,,1.0,0.0,0.0,1.0,-0.0023891003449091
718,2024,2024-12-31,12,1,A_DART,2024-12-31,2025-03-31,0.0,dart_rcept_dt,4,0.0,-0.2064616902501485,,-0.2064616902501485,1.0,0.0720559725541503,0.6050073255472772,0.1880443799869978,0.1153227781268571,-0.765210125818181,-0.0717438062240212,0.7775609041420998,1.6796423962788438,0.2322308450075099,0.1011080926368549,0.1208980373696465,1.0,0.1179105966145637,22.99440503418945,0.0,1.0,0.0,0.0,0.0,0.0258546056285882
719,2021,2021-12-31,12,0,,,,,,0,,,,,,,,,,,,,,,,,,,,,,,,,
719,2022,2022-12-31,12,0,,,,,,0,,,,,,,,,,,,,,,,,,,,,,,,,
719,2023,2023-12-31,12,1,C_FSC,2023-12-31,2024-04-30,1.0,estimated_fy_plus_4m,1,,,0.581869268248818,0.581869268248818,3.0,,0.4863231994024835,-35.23639397202081,,-2.4507014499074966,-0.0058456637544055,0.1162814145335782,11.211977182502771,,,,,,20.117498382194007,,0.0,0.0,0.0,,
719,2024,2024-12-31,12,1,C_FSC,2024-12-31,2025-04-30,1.0,estimated_fy_plus_4m,2,0.0,5.873012615102386,,5.873012615102386,1.0,-0.152449155954112,,-8.368167014318454,26.868226957702355,-6.649178793135814,-0.1286153531582944,0.0826066691513181,6.370004318043764,,,,,,22.045100909789724,0.0,0.0,0.0,0.0,0.0,0.0028269575430194
720,2021,2021-12-31,12,1,C_FSC,2021-12-31,2022-04-30,1.0,estimated_fy_plus_4m,1,,,,-0.0682637700714643,2.0,,,0.0544192685814095,,0.0480929739566745,0.0991107758346066,0.385219885716957,,,,,,,22.42188445500771,,1.0,0.0,0.0,,
720,2022,2022-12-31,12,0,,,,,,1,,,,,,,,,,,,,,,,,,,,,,,,,
720,2023,2023-12-31,12,0,,,,,,1,,,,,,,,,,,,,,,,,,,,,,,,,
720,2024,2024-12-31,12,0,,,,,,1,,,,,,,,,,,,,,,,,,,,,,,,,
721,2021,2021-12-31,12,0,,,,,,0,,,,,,,,,,,,,,,,,,,,,,,,,
721,2022,2022-12-31,12,0,,,,,,0,,,,,,,,,,,,,,,,,,,,,,,,,
721,2023,2023-12-31,12,0,,,,,,0,,,,,,,,,,,,,,,,,,,,,,,,,
721,2024,2024-12-31,12,0,,,,,,0,,,,,,,,,,,,,,,,,,,,,,,,,
723,2021,2021-12-31,6,1,A_DART,2021-06-30,2022-10-04,0.0,dart_rcept_dt_restated_report,1,1.0,11.980535662470452,,0.8825087666866445,2.0,3.3108251518365126,,0.119239619099249,0.5881874732072123,0.1098711578790166,0.0780220277241551,0.2245451118940496,11.457248642289075,0.2157570016248269,0.1538807046641588,0.0848019387385657,1.0,0.0177814944764916,23.07670170796708,1.0,1.0,0.0,0.0,0.0,2.180233325623312
723,2022,2022-12-31,6,1,A_DART,2022-06-30,2022-10-04,0.0,dart_rcept_dt,2,0.0,0.663940099369615,0.8066356155516403,0.8066356155516403,3.0,0.2242296777093224,0.7055683658931569,-0.0641259027867174,-0.1833655218859665,-0.0331526807763449,-0.031998304588413,0.3985755880627709,5.400234986641258,0.2066692330558809,0.3208554352736993,-0.0316842035355254,0.0,0.0213535369823671,23.585890051743167,0.0,0.0,0.0,0.0,0.0,0.0
723,2023,2023-12-31,6,1,A_DART,2023-06-30,2023-09-27,0.0,dart_rcept_dt,3,0.0,0.3281535338011541,2.061208154852156,2.061208154852156,3.0,-0.1411251542152025,0.6549481752228643,-0.1041909118643314,-0.0400650090776139,-0.1062074361025719,-0.1585191152308821,0.45696088855107,1.4464780180213552,0.076971637817405,0.1463495459581368,-0.0656962321945203,0.0,0.0189940764515161,23.86967970891684,0.0,0.0,0.0,0.0,0.0,0.0011263018114504
723,2024,2024-12-31,6,1,A_DART,2024-06-30,2024-10-02,0.0,dart_rcept_dt,4,0.0,0.1870262220187009,0.3791624607799753,0.3791624607799753,3.0,1.2541200059561466,0.3332858606952569,0.1298173122697126,0.234008224134044,0.1294755214049515,0.1017648185877139,0.2440870411077074,3.1131753726555145,0.0443680288597648,0.266535675833157,0.0964396099755221,1.0,0.0206774536845754,24.0411309153018,1.0,1.0,0.0,0.0,0.0,0.9314892984706292
724,2021,2021-12-31,12,0,,,,,,0,,,,,,,,,,,,,,,,,,,,,,,,,
724,2022,2022-12-31,12,1,B_VENTUREIN,2022-12-31,2023-04-30,1.0,estimated_fy_plus_4m,1,,,,,,,,,,,-1.730490353163557,0.109232978668419,14.38446617855972,1.1924926237569664,0.0,,,,,,0.0,1.0,0.0,,
724,2023,2023-12-31,12,1,B_VENTUREIN,2023-12-31,2024-04-30,1.0,estimated_fy_plus_4m,2,0.0,,,,,7.707198393301486,,-4.661201267322738,,-4.620013278315167,-0.2330904089236984,0.0715258191278804,15.887152559319556,13.627853749281568,0.0,,,2.6183324789269777,19.287705598523537,0.0,0.0,0.0,0.0,1.0,9.223206308654463
724,2024,2024-12-31,12,0,,,,,,2,,,,,,,,,,,,,,,,,,,,,,,,,
725,2021,2021-12-31,12,0,,,,,,0,,,,,,,,,,,,,,,,,,,,,,,,,
725,2022,2022-12-31,12,1,C_FSC,2022-12-31,2023-04-30,1.0,estimated_fy_plus_4m,1,,,,,,,,0.0069808027923211,,0.0113438045375218,0.011743450767841,0.1752484191508581,,,,,,,20.85954345523896,,1.0,0.0,0.0,,
725,2023,2023-12-31,12,1,C_FSC,2023-12-31,2024-04-30,1.0,estimated_fy_plus_4m,2,0.0,-0.5628272251308901,,-0.5628272251308901,1.0,-0.3920505871725384,,-1.1377245508982037,-1.1447053536905247,-1.1077844311377243,-0.8246656760772659,0.4650817236255572,,,,,,,20.032116659049137,0.0,0.0,0.0,0.0,0.0,0.001806684733514
725,2024,2024-12-31,12,1,C_FSC,2024-12-31,2025-04-30,1.0,estimated_fy_plus_4m,3,0.0,2.153692614770459,,0.1741842067935595,2.0,0.2466567607726597,,0.0183544303797468,1.1560789812779506,0.020253164556962,0.0381406436233611,0.532777115613826,,,,,,,21.180690683985286,1.0,1.0,0.0,0.0,0.0,0.0
726,2021,2021-12-31,12,1,C_FSC,2021-12-31,2022-04-30,1.0,estimated_fy_plus_4m,1,0.0,1.4061538461538463,,1.4061538461538463,1.0,1.667384284176534,,0.1304347826086956,0.0812040133779264,0.4578005115089514,0.1444713478611783,0.7243744955609362,,,,,,,20.477365298509586,0.0,1.0,0.0,0.0,0.0,0.1065662002152852
726,2022,2022-12-31,12,1,C_FSC,2022-12-31,2023-04-30,1.0,estimated_fy_plus_4m,2,0.0,0.6619066496163684,,0.9997007468426562,2.0,0.1529322033898306,,-1.1897490864574092,-1.3201838690661047,-1.148841461021798,-0.5225987988656497,0.8279493000616738,,,,,,,20.98533082586621,0.0,0.0,0.0,0.0,0.0,0.5252582728006456
726,2023,2023-12-31,12,1,C_FSC,2023-12-31,2024-04-30,1.0,estimated_fy_plus_4m,3,0.0,1.2547285303063762,1.0813323090756164,1.0813323090756164,3.0,0.3051779405145178,0.5892285593673809,-0.0446597071259645,1.1450893793314447,-0.0490698809324738,-0.0385609607683228,0.7993329845214971,,,,,,,21.798360405900468,0.0,0.0,0.0,0.0,0.0,0.1401843774129618
726,2024,2024-12-31,12,1,C_FSC,2024-12-31,2025-04-30,1.0,estimated_fy_plus_4m,4,0.0,-0.0748292819433021,0.5134715265473764,0.5134715265473764,3.0,0.3816595952263018,0.2763159132524744,0.0911102914053854,0.1357699985313499,0.0649206934710439,0.0341614906832298,0.7269021739130435,,,,,,,21.72058340746294,1.0,1.0,0.0,0.0,0.0,0.129461664980266
727,2021,2021-12-31,12,1,C_FSC,2021-12-31,2022-04-30,1.0,estimated_fy_plus_4m,1,0.0,0.1725923949866648,,0.1093145308532579,2.0,0.0919148271457277,,0.103807127436846,0.0113675737038703,-0.1070418054575503,-0.0669914345290895,0.5652167913940833,,,,,,,22.723842321000607,0.0,1.0,0.0,0.0,0.0,0.0743894503528072
727,2022,2022-12-31,12,1,A_DART,2022-12-31,2024-03-28,0.0,dart_rcept_dt_restated_report,2,1.0,0.3753752748597145,0.1917272558015075,0.1917272558015075,3.0,-0.1950256777051001,0.0986991343801086,-0.0328040982934751,-0.1366112257303211,-0.2607547869676391,-0.2788286061184619,0.8333384363436835,2.710935036810896,0.939974427961833,0.627700022426055,0.0677498337116045,1.0,0.0622973404872719,23.042568942052,0.0,0.0,0.0,0.0,0.0,-0.0761750611024246
727,2023,2023-12-31,12,1,A_DART,2023-12-31,2024-03-28,0.0,dart_rcept_dt,3,0.0,0.3531080371953106,0.2970804688450672,0.2970804688450672,3.0,1.0309851210972982,0.2130885700663891,-0.1716901538215198,-0.1388860555280447,-0.2427604556148152,-0.1729452798657732,0.5881374346449589,1.3212903182635962,0.1380713566773861,0.3180336122937683,-0.3328192033868731,0.0,0.0871508001001761,23.3449731381602,0.0,0.0,0.0,0.0,0.0,1.021074468688129
727,2024,2024-12-31,12,1,A_DART,2024-12-31,2025-03-31,0.0,dart_rcept_dt,4,0.0,-0.2388332988704514,0.1230811958883053,0.1230811958883053,3.0,-0.3130904698344816,0.039432049478788,-0.2435643867327632,-0.0718742329112434,-0.3493965667395626,-0.2758224690744542,0.6861114979300248,0.7732489424712191,0.1655996776399937,0.4968316937812187,-0.1560271302214633,0.0,0.038740315078897,23.0720702484114,0.0,0.0,0.0,0.0,0.0,-0.0067844792327695
728,2021,2021-12-31,12,1,C_FSC,2021-12-31,2022-04-30,1.0,estimated_fy_plus_4m,1,0.0,0.6165069686411149,,0.6958823802539924,2.0,0.4770872567482738,,0.0487673447393237,0.0256837210459439,0.0524046881314832,0.1653208669783255,0.56353591160221,,,,,,,22.72784912508182,0.0,1.0,0.0,0.0,0.0,0.0251098556183301
728,2022,2022-12-31,12,0,,,,,,1,,,,,,,,,,,,,,,,,,,,,,,,,
728,2023,2023-12-31,12,0,,,,,,1,,,,,,,,,,,,,,,,,,,,,,,,,
728,2024,2024-12-31,12,1,C_FSC,2024-12-31,2025-04-30,1.0,estimated_fy_plus_4m,2,,,0.208590026068802,0.208590026068802,3.0,,0.5861206988825491,0.1316782632982255,,0.1241143800775008,0.1732239571151841,0.519896703078544,,,,,,,23.296212362415663,,1.0,0.0,0.0,,
729,2021,2021-12-31,12,1,C_FSC,2021-12-31,2022-04-30,1.0,estimated_fy_plus_4m,1,0.0,0.0284108657445183,,0.0284108657445183,1.0,0.478706231063666,,0.067315678661799,0.0236031017298785,0.0491269243398814,0.049185733265518,0.4129959716955043,,,,,,,21.45122015901176,0.0,1.0,0.0,0.0,0.0,0.0
729,2022,2022-12-31,12,0,,,,,,1,,,,,,,,,,,,,,,,,,,,,,,,,
729,2023,2023-12-31,12,0,,,,,,1,,,,,,,,,,,,,,,,,,,,,,,,,
729,2024,2024-12-31,12,0,,,,,,1,,,,,,,,,,,,,,,,,,,,,,,,,
730,2021,2021-12-31,12,0,,,,,,0,,,,,,,,,,,,,,,,,,,,,,,,,
730,2022,2022-12-31,12,1,A_DART,2022-12-31,2024-07-09,0.0,dart_rcept_dt_restated_report,1,,,,,,,,-55.70253880379747,,-55.03299486075949,-0.4786885575643045,0.6035236373792983,0.8268164108852928,0.1916770582779711,0.4890320954485461,-62.21444929113924,0.0,15.853961829113924,18.87810559099124,,0.0,0.0,0.0,,
730,2023,2023-12-31,12,1,A_DART,2023-12-31,2024-07-09,0.0,dart_rcept_dt,2,0.0,5.04070253164557,,5.04070253164557,1.0,-0.0875148412303282,,-8.253964534890422,47.448574268907045,-8.663020618567502,-0.4988395597049083,0.7893218096263901,0.423035281036997,0.018388773733913,0.5818193048866274,-6.143353251308895,0.0,1.707377341054513,20.676625909360464,0.0,0.0,0.0,0.0,0.0,0.2509480542095952
730,2024,2024-12-31,12,1,A_DART,2024-12-31,2025-03-20,0.0,dart_rcept_dt,3,0.0,5.0143778135873625,,5.027525801256277,2.0,0.0477326413103842,,0.0284564152383464,8.282420950128769,-0.0346053790430767,-0.0114386660707746,0.5225895257264707,1.072824884123437,0.3183908987853855,0.4097984438805992,-0.1128010526303703,0.0,0.2143273447625886,22.47077881429931,1.0,1.0,0.0,0.0,0.0,0.3015050106416385
731,2021,2021-12-31,12,0,,,,,,0,,,,,,,,,,,,,,,,,,,,,,,,,
731,2022,2022-12-31,12,1,B_VENTUREIN,2022-12-31,2023-04-30,1.0,estimated_fy_plus_4m,1,,,,,,,,-0.0128435688541915,,0.0273549417007659,0.0323999810338727,0.1096242153676693,6.376840397781659,3.134707984129652,0.0,,,0.0821405783855558,21.207968405526668,,0.0,0.0,0.0,,
731,2023,2023-12-31,12,1,B_VENTUREIN,2023-12-31,2024-04-30,1.0,estimated_fy_plus_4m,2,0.0,0.270388719042774,,0.270388719042774,1.0,-0.0149270715934829,,0.0352728436239528,0.0481164124781443,0.023472890164443,0.0358545085093179,0.0606123213680074,12.061941821113976,3.777143834528595,0.0,,,0.0592814342227738,21.44729133715129,1.0,1.0,0.0,0.0,0.0,-0.0003297188271638
731,2024,2024-12-31,12,1,B_VENTUREIN,2024-12-31,2025-04-30,1.0,estimated_fy_plus_4m,3,0.0,-0.332747052435619,,-0.0793097060716728,2.0,0.3642967057217037,,0.1042768004789458,0.069003956854993,0.0793762660241972,0.0592992967130549,0.2534199546340026,18.643299246501616,5.182409400789379,0.0,,,0.0945024397757556,21.042705263925303,0.0,1.0,0.0,0.0,0.0,-0.0017328173388368
732,2021,2021-12-31,12,0,,,,,,0,,,,,,,,,,,,,,,,,,,,,,,,,
732,2022,2022-12-31,12,1,B_VENTUREIN,2022-12-31,2023-04-30,1.0,estimated_fy_plus_4m,1,,,,,,,,0.0216372380715655,,0.0262096852251494,0.0565340334948448,0.5754235292349166,1.2834286842158733,1.27205043582755,0.2811168511438588,,,0.0954189577298361,20.97901674282439,,1.0,0.0,0.0,,
732,2023,2023-12-31,12,1,B_VENTUREIN,2023-12-31,2024-04-30,1.0,estimated_fy_plus_4m,2,0.0,-0.1296066146778264,,-0.1296066146778264,1.0,-0.2103357334575986,,-0.0563452079216905,-0.0779824459932561,0.0109932538768189,0.0261365054453696,0.4361943116033224,1.6324584074830162,1.557928884190722,0.3187693401045291,,,0.0863820478215884,20.84020674033115,0.0,0.0,0.0,0.0,0.0,1.6702326132960538e-06
732,2024,2024-12-31,12,1,B_VENTUREIN,2024-12-31,2025-04-30,1.0,estimated_fy_plus_4m,3,0.0,-0.1952283388772593,,-0.1630603782016463,2.0,-0.1757049157442992,,-0.2333424717501321,-0.1769972638284415,-0.2419119484062674,-0.5615242894825976,0.8775390284206961,0.7374082943703197,0.2922533049115328,0.7798653378357573,,,0.1709175044162873,20.623010047751883,0.0,0.0,0.0,0.0,0.0,2.1151173784389164e-06
733,2021,2021-12-31,12,1,C_FSC,2021-12-31,2022-04-30,1.0,estimated_fy_plus_4m,1,,,,,,,,0.0423887606410997,,0.037543003916563,0.0312125160080295,0.439656977113976,,,,,,,22.5018156076822,,1.0,0.0,0.0,,
733,2022,2022-12-31,12,0,,,,,,1,,,,,,,,,,,,,,,,,,,,,,,,,
733,2023,2023-12-31,12,1,C_FSC,2023-12-31,2024-04-30,1.0,estimated_fy_plus_4m,2,,,,0.1327599030468045,2.0,,,0.0715968053547857,,0.0620225040304223,0.0504130669139194,0.4705801551363854,,,,,,,22.751129701700552,,1.0,0.0,0.0,,
733,2024,2024-12-31,12,1,C_FSC,2024-12-31,2025-04-30,1.0,estimated_fy_plus_4m,3,0.0,-0.0613327026276814,0.0639694078876151,0.0639694078876151,3.0,0.056215570402279,0.1150082456732226,0.0562700272566291,-0.0153267780981565,0.0513452132919919,0.0370896647045126,0.464080750386433,,,,,,,22.687835523244544,0.0,1.0,0.0,0.0,0.0,-0.0025482703053655
734,2021,2021-12-31,12,0,,,,,,0,,,,,,,,,,,,,,,,,,,,,,,,,
734,2022,2022-12-31,12,0,,,,,,0,,,,,,,,,,,,,,,,,,,,,,,,,
734,2023,2023-12-31,12,0,,,,,,0,,,,,,,,,,,,,,,,,,,,,,,,,
734,2024,2024-12-31,12,0,,,,,,0,,,,,,,,,,,,,,,,,,,,,,,,,
735,2021,2021-12-31,12,0,,,,,,0,,,,,,,,,,,,,,,,,,,,,,,,,
735,2022,2022-12-31,12,1,B_VENTUREIN,2022-12-31,2023-04-30,1.0,estimated_fy_plus_4m,1,,,,,,,,0.0637852694837978,,0.0637792319690965,0.3077209892446668,0.4583882212433204,2.048415180935569,0.6705553398058253,0.0,,,0.0235045814003223,22.731935872735075,,1.0,0.0,0.0,,
735,2023,2023-12-31,12,1,B_VENTUREIN,2023-12-31,2024-04-30,1.0,estimated_fy_plus_4m,2,0.0,-0.3183349393122439,,-0.3183349393122439,1.0,0.6915663040558255,,0.0772620657579898,0.013476796274192,0.0949103483541017,0.184532731864178,0.5098250889632732,1.8928829584170572,0.224372547856901,0.0,,,0.0403617911709775,22.348719017599677,0.0,1.0,0.0,0.0,0.0,-0.0245977673702029
735,2024,2024-12-31,12,1,B_VENTUREIN,2024-12-31,2025-04-30,1.0,estimated_fy_plus_4m,3,0.0,-0.0129395020903528,,-0.1797289141935659,2.0,-0.3738520111879998,,0.0379933794338919,-0.0392686863240979,0.0810224728757588,0.2483316760612703,0.2075004446215461,4.52502231110666,1.456268758265418,0.0,,,0.0634965769547589,22.335695070913857,0.0,1.0,0.0,0.0,0.0,-0.1494456705050634
736,2021,2021-12-31,12,1,C_FSC,2021-12-31,2022-04-30,1.0,estimated_fy_plus_4m,1,0.0,0.1425687749483049,,0.0971280416325746,2.0,0.2372052268541253,,0.0993816928788472,0.0263347501679385,0.0802465879325299,0.0769838517076227,0.6810483170637557,,,,,,,22.954052734351706,0.0,1.0,0.0,0.0,0.0,0.0039872061514125
736,2022,2022-12-31,12,1,C_FSC,2022-12-31,2023-04-30,1.0,estimated_fy_plus_4m,2,0.0,0.0452137686714577,0.079542930224628,0.079542930224628,3.0,0.2172162555937677,0.063536107680117,0.102282072368421,0.0029003794895737,0.0849095394736842,0.0699466508595139,0.6738081124566009,,,,,,,22.998274162170222,0.0,1.0,0.0,0.0,0.0,-0.0070458154261468
736,2023,2023-12-31,12,1,A_DART,2023-12-31,2025-04-07,0.0,dart_rcept_dt_restated_report,3,1.0,0.0963403209292763,0.0939839572672041,0.0939839572672041,3.0,0.3327645743924126,0.2614043084961424,0.1738179005592683,0.0715358281908472,0.1620673591763374,0.1098241728917609,0.289782936700181,3.8808919439222223,0.5816271477591599,0.2284908535621148,0.0907094804770163,1.0,0.0148339633710124,23.09025181429402,0.0,1.0,0.0,0.0,0.0,0.4739904875095266
736,2024,2024-12-31,12,1,A_DART,2024-12-31,2025-04-07,0.0,dart_rcept_dt,4,0.0,0.1374555719222017,0.0923495910977192,0.0923495910977192,3.0,0.3403657531021671,0.2955320725868768,0.2016200489328745,0.0278021483736062,0.0851651496908045,0.0489751099127605,0.6243488832027563,1.55530695845383,0.3174570321589202,0.5390670219608599,0.1058426857640823,1.0,0.0347799189676848,23.219045627723407,0.0,1.0,0.0,0.0,0.0,-0.2723517313116898
737,2021,2021-12-31,12,0,,,,,,0,,,,,,,,,,,,,,,,,,,,,,,,,
737,2022,2022-12-31,12,0,,,,,,0,,,,,,,,,,,,,,,,,,,,,,,,,
737,2023,2023-12-31,12,1,B_VENTUREIN,2023-12-31,2024-04-30,1.0,estimated_fy_plus_4m,1,,,0.6732355606496232,0.6732355606496232,3.0,,0.1591106982776566,0.0444813409018529,,0.0353212770988495,0.0289553193718392,0.5451153725271813,1.7706229013487025,0.4363525053954276,0.1315519085333708,,,0.1025847187159577,21.79707574033268,,1.0,0.0,0.0,,
737,2024,2024-12-31,12,1,B_VENTUREIN,2024-12-31,2025-04-30,1.0,estimated_fy_plus_4m,2,0.0,0.2022147214359229,,0.2022147214359229,1.0,0.111797371029106,,0.036722374584706,-0.0077589663171469,0.0321337831350505,0.0284846061535073,0.5633623505645347,1.699290975027479,0.4844779363890308,0.2646471258277545,,,0.0900832250658061,21.981241197293976,0.0,1.0,0.0,0.0,0.0,-0.0011011469744089
738,2021,2021-12-31,12,0,,,,,,0,,,,,,,,,,,,,,,,,,,,,,,,,
738,2022,2022-12-31,12,0,,,,,,0,,,,,,,,,,,,,,,,,,,,,,,,,
738,2023,2023-12-31,12,1,B_VENTUREIN,2023-12-31,2024-04-30,1.0,estimated_fy_plus_4m,1,,,,,,,,0.0617355131046889,,0.0081124932395889,0.00431990742416,0.4269404050491436,24.83438306984947,4.88241901282778,0.3932309512786814,,,0.1937197532905337,21.07914006039404,,1.0,0.0,0.0,,
738,2024,2024-12-31,12,1,B_VENTUREIN,2024-12-31,2025-04-30,1.0,estimated_fy_plus_4m,2,0.0,0.0236046931964344,,0.0236046931964344,1.0,1.139953062974775,,-0.6375278724158557,-0.6992633855205447,-0.792592952539213,-0.201882334975366,0.4721718517547459,1.4637931574782792,0.1655680295825074,0.1597782994380085,,,0.1006678429316648,21.10247047067768,0.0,0.0,0.0,0.0,0.0,0.9884865887019126
739,2021,2021-12-31,12,0,,,,,,0,,,,,,,,,,,,,,,,,,,,,,,,,
739,2022,2022-12-31,12,1,B_VENTUREIN,2022-12-31,2023-04-30,1.0,estimated_fy_plus_4m,1,,,,,,,,-1.988919500417772,,-1.9821043254401791,-1.6063033443032622,1.3984968147238954,0.4589926483432689,0.1970778789119953,0.8004291209016587,,,0.767980358092592,21.66654352300496,,0.0,0.0,1.0,,
739,2023,2023-12-31,12,0,,,,,,1,,,,,,,,,,,,,,,,,,,,,,,,,
739,2024,2024-12-31,12,0,,,,,,1,,,,,,,,,,,,,,,,,,,,,,,,,
740,2021,2021-12-31,12,1,C_FSC,2021-12-31,2022-04-30,1.0,estimated_fy_plus_4m,1,,,,,,,,-0.0254021383320413,,0.0998822713970803,0.0278401426986239,0.8240196782650469,,,,,,,21.48589896741016,,0.0,0.0,0.0,,
740,2022,2022-12-31,12,1,C_FSC,2022-12-31,2023-04-30,1.0,estimated_fy_plus_4m,2,0.0,0.1271044454208518,,0.1271044454208518,1.0,-0.4249634185265093,,0.0529308914238655,0.0783330297559068,0.0047715313801644,0.0026068108529245,0.6936981421555228,,,,,,,21.60555087379112,1.0,1.0,0.0,0.0,0.0,-0.0013445601024996
740,2023,2023-12-31,12,1,C_FSC,2023-12-31,2024-04-30,1.0,estimated_fy_plus_4m,3,0.0,0.2441807388217669,,0.1841966228768825,2.0,-0.0167774165622698,,0.0472004089863916,-0.0057304824374738,0.0102725567004617,0.0071016932861358,0.6813695754850394,,,,,,,21.8240281459967,0.0,1.0,0.0,0.0,0.0,2.260894061513049e-07
740,2024,2024-12-31,12,0,,,,,,3,,,,,,,,,,,,,,,,,,,,,,,,,
741,2021,2021-12-31,12,0,,,,,,0,,,,,,,,,,,,,,,,,,,,,,,,,
741,2022,2022-12-31,12,1,B_VENTUREIN,2022-12-31,2023-04-30,1.0,estimated_fy_plus_4m,1,,,,,,,,0.0847367396840707,,0.192714842923742,0.3409203302460081,0.4186897926682512,4.72038119199292,3.890293939105823,0.2541122094032701,,,0.0761002106759397,21.806688342773533,,1.0,0.0,0.0,,
741,2023,2023-12-31,12,0,,,,,,1,,,,,,,,,,,,,,,,,,,,,,,,,
741,2024,2024-12-31,12,0,,,,,,1,,,,,,,,,,,,,,,,,,,,,,,,,
742,2021,2021-12-31,12,1,A_DART,2021-12-31,2022-03-31,0.0,dart_rcept_dt,1,0.0,0.2506083449709348,,0.3435850708495345,2.0,-0.4640586147295986,,0.0171644884798661,0.002054509475316,0.0287961491455344,0.0759141716978293,0.6758171091700452,1.2616200627414862,0.0412819454790679,0.381426259957849,-0.0259212608323803,0.0,0.0040689528905906,23.888101036841764,0.0,1.0,0.0,0.0,0.0,-0.0657239575449234
742,2022,2022-12-31,12,1,A_DART,2022-12-31,2024-04-12,0.0,dart_rcept_dt_restated_report,2,0.0,0.1575290133091265,0.2784607760885658,0.2784607760885658,3.0,1.105840592197222,0.0874903787409686,0.003745968233248,-0.0134185202466181,-0.01579942373239,-0.0228947593411973,0.8689501103344537,1.2428179643773885,0.1104236637302048,0.6500113125534817,0.0329991763619927,1.0,0.0031857874036662,24.034388608999727,0.0,1.0,0.0,0.0,0.0,0.0
742,2023,2023-12-31,12,1,A_DART,2023-12-31,2024-04-12,0.0,dart_rcept_dt,3,0.0,0.0485908258801788,0.1492638700539499,0.1492638700539499,3.0,0.2034340341360285,0.1074437903172929,0.0344274042889168,0.0306814360556688,0.0069892541545546,0.0088248926974975,0.8822784948183542,1.0570370861908391,0.0760608230474294,0.6063089060718904,-0.0191950834574028,0.0,0.0123780994176644,24.08183580119555,0.0,1.0,0.0,0.0,0.0,0.0
742,2024,2024-12-31,12,1,A_DART,2024-12-31,2025-04-14,0.0,dart_rcept_dt,4,0.0,0.0665653440288054,0.0898710977854768,0.0898710977854768,3.0,0.1938871447993209,0.4463398520452626,0.0039105039922875,-0.0305169002966292,-0.0228537884102222,-0.0257786989326614,0.68063956391735,0.775371113010279,0.0319287368855566,0.5381991612306697,-0.0182427961938475,0.0,0.0075136746403364,24.14627932784829,0.0,1.0,0.0,0.0,0.0,0.2943356712802915
744,2021,2021-12-31,12,1,C_FSC,2021-12-31,2022-04-30,1.0,estimated_fy_plus_4m,1,0.0,7.417934359033572,,0.1149396747660755,2.0,0.3862948539394373,,0.1536571252218193,0.6198588109880636,0.1501071590840898,0.1303523750428525,0.5590724280775913,,,,,,,21.57041225729572,1.0,1.0,0.0,0.0,0.0,0.0017043968071069
744,2022,2022-12-31,12,1,C_FSC,2022-12-31,2023-04-30,1.0,estimated_fy_plus_4m,2,0.0,0.6504603554252502,0.2706792722143947,0.2706792722143947,3.0,1.1184106254101462,0.4417622398632193,0.0930605992846107,-0.0605965259372085,0.0817202273684057,0.0552894232970673,0.7369823957947687,,,,,,,22.071466509582063,0.0,1.0,0.0,0.0,0.0,-0.0008739862894331
744,2023,2023-12-31,12,1,C_FSC,2023-12-31,2024-04-30,1.0,estimated_fy_plus_4m,3,0.0,0.5992098150599494,1.8112881336515037,1.8112881336515037,3.0,0.181662311109596,0.513978520686776,0.1563974008009103,0.0633368015162996,0.1293621705225437,0.1184491231544995,0.659853209028363,,,,,,,22.54097615124849,0.0,1.0,0.0,0.0,0.0,-0.0010458256848251
744,2024,2024-12-31,12,1,C_FSC,2024-12-31,2025-04-30,1.0,estimated_fy_plus_4m,4,0.0,1.22512436780814,0.8042149526291289,0.8042149526291289,3.0,0.5459656720454931,0.5700053251107904,0.1705922983234835,0.0141948975225731,0.1810536673287721,0.2386087282042087,0.5569933898459631,,,,,,,23.3407889609487,0.0,1.0,0.0,0.0,0.0,-0.0241546820383957
745,2021,2021-12-31,12,0,,,,,,0,,,,,,,,,,,,,,,,,,,,,,,,,
745,2022,2022-12-31,12,1,B_VENTUREIN,2022-12-31,2023-04-30,1.0,estimated_fy_plus_4m,1,,,,,,,,0.0870516007967957,,0.0981048268155378,0.1694161213799844,0.1822775052904075,3.880087040952621,0.7305944512624881,0.0,,,0.0,22.06988286067604,,1.0,0.0,0.0,,
745,2023,2023-12-31,12,1,B_VENTUREIN,2023-12-31,2024-04-30,1.0,estimated_fy_plus_4m,2,0.0,0.3734306385551131,,0.3734306385551131,1.0,0.6099885949099788,,0.135083922125964,0.0480323213291683,0.1487922191115402,0.2191939243699003,0.2749024526004037,1.9393598559875835,0.2073955227686552,0.0724857044407956,,,0.02022210547169,22.387194586176214,0.0,1.0,0.0,0.0,0.0,-0.0032238807042856
745,2024,2024-12-31,12,0,,,,,,2,,,,,,,,,,,,,,,,,,,,,,,,,
746,2021,2021-12-31,12,1,A_DART,2021-12-31,2023-04-10,0.0,dart_rcept_dt_restated_report,1,1.0,0.3564153778310941,,1.0619268238603667,2.0,0.5990874054206028,,0.1008596194112367,-0.0176624535254234,0.0969918210534695,0.0964103990411638,0.7185815687026593,1.3043888196089983,0.3298449369601999,0.3027124191699469,-0.0997417825889451,0.0,0.0348326553210888,23.3718383417158,0.0,1.0,0.0,0.0,0.0,-0.1178986757759784
746,2022,2022-12-31,12,1,A_DART,2022-12-31,2023-04-10,0.0,dart_rcept_dt,2,0.0,0.5663698385443474,0.8813962307531444,0.8813962307531444,3.0,0.3413485593241865,0.4249587856263368,0.0154308725322,-0.0854287468790367,0.0332233215137062,0.0385642136988465,0.7516331743394065,1.2295402029737024,0.0949174054318992,0.3915357885689964,-0.2648900828286144,0.0,0.0376113981323124,23.82059907905406,0.0,1.0,0.0,0.0,0.0,0.0
746,2023,2023-12-31,12,1,A_DART,2023-12-31,2024-04-05,0.0,dart_rcept_dt,3,0.0,0.3009792772334043,0.403413980431996,0.403413980431996,3.0,-0.0793235771367386,0.2546048358497643,-0.0336937513006833,-0.0491246238328833,-0.0460315194130242,-0.0755022857054876,0.805736687833236,1.0780223703782017,0.0817772457373823,0.4635579987802943,0.0090095603789966,1.0,0.080723004505111,24.083716350120447,0.0,0.0,0.0,0.0,0.0,0.0
746,2024,2024-12-31,12,1,A_DART,2024-12-31,2025-04-01,0.0,dart_rcept_dt,4,0.0,-0.3947698485116773,0.0724122070763615,0.0724122070763615,3.0,-0.0894531828143252,0.0398810159707196,-0.019100216498901,0.0145935348017822,-0.0386013630055664,-0.0420848422699246,0.6345285022537668,1.3944865607036367,0.0436855363725778,0.461941198837218,-0.1322564646817874,0.0,0.1120291299527762,23.581569872512627,0.0,0.0,0.0,0.0,0.0,0.1768358160587913
747,2021,2021-12-31,12,1,C_FSC,2021-12-31,2022-04-30,1.0,estimated_fy_plus_4m,1,0.0,0.5911464413354646,,0.4583078611476532,2.0,0.6875802070175394,,0.1303119616576816,0.1122393695706142,0.1357965103072493,0.3591364805118192,0.3736782227223864,,,,,,,22.68163095697286,0.0,1.0,0.0,0.0,0.0,0.0
747,2022,2022-12-31,12,1,C_FSC,2022-12-31,2023-04-30,1.0,estimated_fy_plus_4m,2,0.0,0.7582498204643799,0.5521237290820793,0.5521237290820793,3.0,0.8690235741745644,0.3699516394674673,0.0317766008666345,-0.098535360791047,0.0345048948804365,0.0858454781393491,0.549211419444999,,,,,,,23.24594985106844,0.0,1.0,0.0,0.0,0.0,0.055765484369642
747,2023,2023-12-31,12,1,C_FSC,2023-12-31,2024-04-30,1.0,estimated_fy_plus_4m,3,0.0,0.7293371850425292,0.6913109911545994,0.6913109911545994,3.0,0.6276701936514275,0.7251036906952537,0.0324810913646698,0.0007044904980352,0.0223191499234374,0.0589966883355819,0.6639273886912793,,,,,,,23.793688056131845,0.0,1.0,0.0,0.0,0.0,0.0001996406468356
747,2024,2024-12-31,12,1,C_FSC,2024-12-31,2025-04-30,1.0,estimated_fy_plus_4m,4,0.0,-0.4896292515428518,0.1577514820800838,0.1577514820800838,3.0,-0.0408438611554029,0.4289712797645408,0.1640149104464042,0.1315338190817343,0.1516501500136376,0.2132992327365729,0.5549872122762148,,,,,,,23.12107019652139,0.0,1.0,0.0,0.0,0.0,-0.1138231325892309
748,2021,2021-12-31,12,1,C_FSC,2021-12-31,2022-04-30,1.0,estimated_fy_plus_4m,1,0.0,0.927146992602123,,0.3885522073375604,2.0,0.0857427716849452,,0.045981807560711,-0.002265217206095,0.0349662021196695,0.0427507397204366,0.7136006529945924,,,,,,,23.20675481564679,0.0,1.0,0.0,0.0,0.0,-0.0001107787747867
748,2022,2022-12-31,12,1,C_FSC,2022-12-31,2023-04-30,1.0,estimated_fy_plus_4m,2,0.0,0.1548026370691813,0.3058022054122089,0.3058022054122089,3.0,-0.1445770839710233,0.0393192871835785,0.0411186587657175,-0.0048631487949934,0.0379390085272438,0.0626192748091603,0.6024570610687023,,,,,,,23.35068426802303,0.0,1.0,0.0,0.0,0.0,0.0001020304050607
748,2023,2023-12-31,12,1,C_FSC,2023-12-31,2024-04-30,1.0,estimated_fy_plus_4m,3,0.0,0.066700390229802,0.333997515844411,0.333997515844411,3.0,-0.014074427480916,-0.0289297417741585,0.0667976424361493,0.0256789836704317,0.0504030892215974,0.0900072586498911,0.506774739898379,,,,,,,23.415254404501272,0.0,1.0,0.0,0.0,0.0,0.0
748,2024,2024-12-31,12,1,C_FSC,2024-12-31,2025-04-30,1.0,estimated_fy_plus_4m,4,0.0,-0.2312173971953119,-0.017985449883237,-0.017985449883237,3.0,0.2763126058553109,0.0248509078060523,0.075872400422982,0.0090747579868327,0.0605393020796616,0.0651184834123222,0.5485308056872038,,,,,,,23.15230735389301,0.0,1.0,0.0,0.0,0.0,-0.0001209774981853
749,2021,2021-12-31,12,0,,,,,,0,,,,,,,,,,,,,,,,,,,,,,,,,
749,2022,2022-12-31,12,0,,,,,,0,,,,,,,,,,,,,,,,,,,,,,,,,
749,2023,2023-12-31,12,1,C_FSC,2023-12-31,2024-04-30,1.0,estimated_fy_plus_4m,1,,,0.4558338138153579,0.4558338138153579,3.0,,1.1552729552016543,-0.010608246896645,,0.0870808349659494,0.0859362649175996,0.7622728033903982,,,,,,,21.938436114911635,,0.0,0.0,0.0,,
749,2024,2024-12-31,12,0,,,,,,1,,,,,,,,,,,,,,,,,,,,,,,,,
750,2021,2021-12-31,12,1,C_FSC,2021-12-31,2022-04-30,1.0,estimated_fy_plus_4m,1,,,,,,,,0.1634545901986579,,0.1761381995203839,0.1631990347709492,0.5299821529085779,,,,,,,22.276316026717105,,1.0,0.0,0.0,,
750,2022,2022-12-31,12,1,C_FSC,2022-12-31,2023-04-30,1.0,estimated_fy_plus_4m,2,0.0,-0.2297358175639031,,-0.2297358175639031,1.0,-0.0298363843435738,,0.0148265338667526,-0.1486280563319052,0.0448364537522083,0.0329829889403963,0.4825440463312255,,,,,,,22.01529429781224,0.0,1.0,0.0,0.0,0.0,1.9605724950108333e-07
750,2023,2023-12-31,12,1,C_FSC,2023-12-31,2024-04-30,1.0,estimated_fy_plus_4m,3,0.0,-0.1851312702205917,,-0.2077473913351394,2.0,0.0208319145156716,,-0.160102553556589,-0.1749290874233417,0.0292243923735484,0.0171608050198626,0.4759430603432319,,,,,,,21.810566051342832,0.0,0.0,0.0,0.0,0.0,-2.0208678859640418e-07
750,2024,2024-12-31,12,1,C_FSC,2024-12-31,2025-04-30,1.0,estimated_fy_plus_4m,4,0.0,0.1311832596995201,-0.1078865062449702,-0.1078865062449702,3.0,0.1894886481176803,0.0561359874187794,-0.1357027434762938,0.0243998100802951,0.0005641689252298,0.000315046018687,0.5591116534407252,,,,,,,21.933830268683742,0.0,0.0,0.0,0.0,0.0,0.0
842,2021,2021-12-31,12,1,C_FSC,2021-12-31,2022-04-30,1.0,estimated_fy_plus_4m,1,,,,,,,,0.7038123167155426,,0.6891495601173021,0.175438596491228,0.0593505039193729,,,,,,,20.34054021580773,,1.0,0.0,0.0,,
842,2022,2022-12-31,12,1,C_FSC,2022-12-31,2023-04-30,1.0,estimated_fy_plus_4m,2,0.0,-0.1920821114369502,,-0.1920821114369502,1.0,-0.1444568868980963,,-0.6025408348457351,-1.3063531515612776,-0.5607985480943739,-0.1348167539267015,0.0353403141361256,,,,,,,20.12724536711719,0.0,0.0,0.0,0.0,0.0,0.0
842,2023,2023-12-31,12,1,C_FSC,2023-12-31,2024-04-30,1.0,estimated_fy_plus_4m,3,0.0,0.2867513611615244,,0.0196025906279608,2.0,-0.2805410122164049,,-0.9873060648801129,-0.3847652300343778,-0.9816643159379408,-0.4220739842328684,0.0818677986658581,,,,,,,20.3793660844964,0.0,0.0,0.0,0.0,0.0,-0.00043630017452
842,2024,2024-12-31,12,1,C_FSC,2024-12-31,2025-04-30,1.0,estimated_fy_plus_4m,4,0.0,2.1057827926657264,0.4780109332306896,0.4780109332306896,3.0,-0.1503941782898726,-0.1943338066267265,-0.1702997275204359,0.8170063373596769,-0.1212534059945504,-0.1905781584582441,0.1099214846538187,,,,,,,21.5126318752469,0.0,0.0,0.0,0.0,0.0,0.0
843,2021,2021-12-31,12,1,A_DART,2021-12-31,2022-04-11,0.0,dart_rcept_dt,1,0.0,-0.4186272416423939,,-0.4186272416423939,1.0,2.6621308057871085,,-6.616203932195591,-4.998841674057717,-6.705725706242309,-0.2079699568436283,0.1033234666906122,9.184138021845644,2.787022485794921,0.1346868512337528,-6.074544529233091,0.0,1.1315643181327293,19.660210368141403,0.0,0.0,0.0,0.0,0.0,3.28837767163558
843,2022,2022-12-31,12,0,,,,,,1,,,,,,,,,,,,,,,,,,,,,,,,,
843,2023,2023-12-31,12,0,,,,,,1,,,,,,,,,,,,,,,,,,,,,,,,,
843,2024,2024-12-31,12,0,,,,,,1,,,,,,,,,,,,,,,,,,,,,,,,,
844,2021,2021-12-31,12,0,,,,,,0,,,,,,,,,,,,,,,,,,,,,,,,,
844,2022,2022-12-31,12,0,,,,,,0,,,,,,,,,,,,,,,,,,,,,,,,,
844,2023,2023-12-31,12,0,,,,,,0,,,,,,,,,,,,,,,,,,,,,,,,,
844,2024,2024-12-31,12,0,,,,,,0,,,,,,,,,,,,,,,,,,,,,,,,,
845,2021,2021-12-31,12,0,,,,,,0,,,,,,,,,,,,,,,,,,,,,,,,,
845,2022,2022-12-31,12,0,,,,,,0,,,,,,,,,,,,,,,,,,,,,,,,,
845,2023,2023-12-31,12,0,,,,,,0,,,,,,,,,,,,,,,,,,,,,,,,,
845,2024,2024-12-31,12,0,,,,,,0,,,,,,,,,,,,,,,,,,,,,,,,,
846,2021,2021-12-31,12,1,C_FSC,2021-12-31,2022-04-30,1.0,estimated_fy_plus_4m,1,,,,,,,,,,,-0.7065518656505008,1.6205205859338512,,,,,,,,,0.0,1.0,1.0,,
846,2022,2022-12-31,12,1,C_FSC,2022-12-31,2023-04-30,1.0,estimated_fy_plus_4m,2,0.0,,,,,-0.5473728376232498,,,,,-1.4196901906389026,3.5768890505269213,,,,,,,,0.0,0.0,1.0,1.0,1.0,0.0967409496771269
846,2023,2023-12-31,12,0,,,,,,2,,,,,,,,,,,,,,,,,,,,,,,,,
846,2024,2024-12-31,12,1,C_FSC,2024-12-31,2025-04-30,1.0,estimated_fy_plus_4m,3,,,,,,,-0.7275831162543874,,,,-15.675876042682525,99.27797608339569,,,,,,,,,0.0,1.0,1.0,,
847,2021,2021-12-31,12,1,C_FSC,2021-12-31,2022-04-30,1.0,estimated_fy_plus_4m,1,,,,,,,,0.7157403478998727,,0.6134917267713195,0.2123036264865658,0.0462487153134635,,,,,,,21.58065546090041,,1.0,0.0,0.0,,
847,2022,2022-12-31,12,1,C_FSC,2022-12-31,2023-04-30,1.0,estimated_fy_plus_4m,2,0.0,-1.0,,,,0.3729261488768169,,,,,-0.7001390225644316,0.0652336648486792,,,,,,,,0.0,0.0,1.0,0.0,0.0,1.290853031860226
847,2023,2023-12-31,12,0,,,,,,2,,,,,,,,,,,,,,,,,,,,,,,,,
847,2024,2024-12-31,12,0,,,,,,2,,,,,,,,,,,,,,,,,,,,,,,,,
848,2021,2021-12-31,12,0,,,,,,0,,,,,,,,,,,,,,,,,,,,,,,,,
848,2022,2022-12-31,12,1,B_VENTUREIN,2022-12-31,2023-04-30,1.0,estimated_fy_plus_4m,1,,,,,,,,-222.39442815249268,,-222.3284457478006,-0.290869050610693,1.5187006155847096,0.6390718313274927,0.4218429482321318,0.0,,,0.0,14.125932117385544,,0.0,1.0,1.0,,
848,2023,2023-12-31,12,1,B_VENTUREIN,2023-12-31,2024-04-30,1.0,estimated_fy_plus_4m,2,0.0,,,,,1.105080060541768,,0.0947838074648995,222.4892119599576,0.0967374428617544,0.2523293329876563,0.9775867340220448,0.5771797816489679,0.0477428484071113,0.0,,,0.0,22.46805807944449,1.0,1.0,0.0,0.0,1.0,0.0347088873244029
848,2024,2024-12-31,12,1,B_VENTUREIN,2024-12-31,2025-04-30,1.0,estimated_fy_plus_4m,3,0.0,-0.752251641654637,,-0.752251641654637,1.0,0.1595173340465578,,-0.018953132227023,-0.1137369396919225,-0.0129881942172534,-0.0072386145368009,0.9882314061797594,0.2595457030667528,3.340126248819524e-05,0.2667052809938919,,,0.0,21.07271634739565,0.0,0.0,0.0,0.0,0.0,-0.000374078416131
849,2021,2021-12-31,12,1,A_DART,2021-12-31,2022-05-20,0.0,dart_rcept_dt,1,0.0,-0.15578158273975,,-0.15578158273975,1.0,0.1937702723914298,,-2.8581997826004484,-1.687066583489463,-4.717399957307189,-0.1361887526380471,1.3014881401730674,0.0311814088312087,0.0284172687125764,0.032900292194128,-0.6923196841613319,0.0,,21.18035498207409,0.0,0.0,0.0,1.0,0.0,0.558999872076081
849,2022,2022-12-31,12,1,A_DART,2022-12-31,2023-03-28,0.0,dart_rcept_dt,2,0.0,4.789662428974262,,1.2108232973848874,2.0,0.3957836384042315,,-0.1396572604334279,2.7185425221670205,-1.0038396844416444,-0.1202092931121574,0.0474373818910054,6.831837301610978,5.904328501117459,0.023571197776571,0.2414318270880416,1.0,,22.93642896953693,0.0,0.0,0.0,0.0,0.0,1.7988456215951882
849,2023,2023-12-31,12,1,A_DART,2023-12-31,2024-03-25,0.0,dart_rcept_dt,3,0.0,-0.6461918677878549,0.2003059490970313,0.2003059490970313,3.0,-0.0036348553370844,0.1840929529479797,-2.471163258603628,-2.3315059981702,-1.742641917943457,-0.0741022037321136,0.1066166574213812,4.115874249483162,2.23635301293926,0.0236571882334819,-0.0769015175418938,0.0,,21.89742845735308,0.0,0.0,0.0,0.0,0.0,0.0114062582001782
849,2024,2024-12-31,12,1,A_DART,2024-12-31,2025-03-28,0.0,dart_rcept_dt,4,0.0,0.1603056723182028,0.3345386506673162,0.3345386506673162,3.0,0.0387046616557138,0.1304279928504923,-1.900553707717947,0.5706095508856805,-1.8106828060635756,-0.0860093527589773,0.1268331829422485,3.4784589201298446,2.298201816359863,0.0227756638694313,-1.067998177912968,0.0,,22.046111938377663,0.0,0.0,0.0,0.0,0.0,0.1029174163590901
850,2021,2021-12-31,12,1,A_DART,2021-12-31,2022-04-06,0.0,dart_rcept_dt,1,0.0,-0.7197850444017477,,-0.7197850444017477,1.0,0.6666581584068012,,-1.6428007786245504,-1.9049199839201532,-1.509892467897456,-0.177154002625762,0.0155857278820747,49.61217683804783,40.19623716027713,,-2.0182341421952983,0.0,,22.20228274920907,0.0,0.0,0.0,0.0,0.0,1.012439138957643
850,2022,2022-12-31,12,1,A_DART,2022-12-31,2023-04-10,0.0,dart_rcept_dt,2,0.0,-0.6194447867077377,,-0.6734463869509714,2.0,-0.5361873562105239,,-12.093831002078783,-10.451030223454232,-12.19928644668279,-1.1743957522753778,0.0519562601671167,10.52386535674725,2.428203250283048,,-12.86410921854556,0.0,,21.236158744208637,0.0,0.0,0.0,0.0,0.0,0.0
850,2023,2023-12-31,12,1,A_DART,2023-12-31,2024-04-09,0.0,dart_rcept_dt,3,0.0,5.511476398590571,-0.1144845306682351,-0.1144845306682351,3.0,0.084879813980939,-0.0569741850404975,-1.2282824844838662,10.865548517594917,-1.2199158207742575,-0.7048679253850318,0.830998094261471,0.7307174876389175,0.0692442114248736,,0.1882968574019766,1.0,,23.10972496405433,0.0,0.0,0.0,0.0,0.0,0.0
850,2024,2024-12-31,12,1,A_DART,2024-12-31,2025-04-08,0.0,dart_rcept_dt,4,0.0,3.6626122577340032,1.260695913209882,1.260695913209882,3.0,1.3321543750319242,0.0547766383580725,0.5371651098900821,1.7654475943739485,0.4860379327206926,0.5614615966763243,0.3660724004090034,2.3051131772761217,0.6158244582194068,0.0009112856918223,0.2690179175033198,1.0,,24.64930082546021,1.0,1.0,0.0,0.0,0.0,0.0
851,2021,2021-12-31,12,1,C_FSC,2021-12-31,2022-04-30,1.0,estimated_fy_plus_4m,1,0.0,,,,,0.808695652173913,,-3.609876543209877,330.72345679012346,-3.2049382716049384,-6.240384615384615,4.322115384615385,,,,,,,19.819397625070813,0.0,0.0,0.0,1.0,1.0,9.991304347826087
851,2022,2022-12-31,12,1,C_FSC,2022-12-31,2023-04-30,1.0,estimated_fy_plus_4m,2,0.0,-0.2123456790123457,,-0.2123456790123457,1.0,-0.3942307692307693,-0.2145249419009245,-3.238244514106583,0.3716320291032935,-3.2884012539184955,-8.325396825396826,10.436507936507937,,,,,,,19.58070166074912,0.0,0.0,0.0,1.0,0.0,2.6490384615384617
851,2023,2023-12-31,12,0,,,,,,2,,,,,,,,,,,,,,,,,,,,,,,,,
851,2024,2024-12-31,12,0,,,,,,2,,,,,,,,,,,,,,,,,,,,,,,,,
852,2021,2021-12-31,12,0,,,,,,0,,,,,,,,,,,,,,,,,,,,,,,,,
852,2022,2022-12-31,12,1,B_VENTUREIN,2022-12-31,2023-04-30,1.0,estimated_fy_plus_4m,1,,,,,,,,,,,-3.62364588487294,2.257362544829854,0.091871908775436,0.0239755819636533,2.015998918244483,,,,,,0.0,1.0,1.0,,
852,2023,2023-12-31,12,1,B_VENTUREIN,2023-12-31,2024-04-30,1.0,estimated_fy_plus_4m,2,0.0,,,,,1.278352289664625,,,,,-3.156733016891723,0.7090983032740781,1.0214636197019804,0.7863900468610158,0.6676837040663961,,,,,0.0,0.0,1.0,0.0,1.0,9.11228898852786
852,2024,2024-12-31,12,0,,,,,,2,,,,,,,,,,,,,,,,,,,,,,,,,
853,2021,2021-12-31,12,1,C_FSC,2021-12-31,2022-04-30,1.0,estimated_fy_plus_4m,1,0.0,1.191780821917808,,1.191780821917808,1.0,0.4302670623145401,,-0.0484375,-0.0852525684931506,0.1421875,0.2517289073305671,0.462655601659751,,,,,,,21.663273095437884,0.0,0.0,0.0,0.0,0.0,0.0009891196834817
853,2022,2022-12-31,12,1,C_FSC,2022-12-31,2023-04-30,1.0,estimated_fy_plus_4m,2,0.0,0.53984375,,0.8371173070873836,2.0,0.3769017980636238,,0.0410958904109589,0.0895333904109589,0.0728056823947234,0.1441486690105474,0.467101958814666,,,,,,,22.09495404567694,1.0,1.0,0.0,0.0,0.0,-0.0020746887966804
853,2023,2023-12-31,12,1,C_FSC,2023-12-31,2024-04-30,1.0,estimated_fy_plus_4m,3,0.0,0.5520040588533739,0.7366896255698072,0.7366896255698072,3.0,2.1943746860873934,0.8460154012863752,0.0317097090552468,-0.009386181355712,0.0223929388689114,0.0215408805031446,0.3625786163522012,,,,,,,22.534501082675124,0.0,1.0,0.0,0.0,0.0,1.4344550477147162
853,2024,2024-12-31,12,0,,,,,,3,,,,,,,,,,,,,,,,,,,,,,,,,
854,2021,2021-12-31,12,1,C_FSC,2021-12-31,2022-04-30,1.0,estimated_fy_plus_4m,1,,,,,,,,-0.4375188196326408,,-0.4323998795543511,-0.3372135932101043,1.3036666778489718,,,,,,,16.961686649414197,,0.0,0.0,1.0,,
854,2022,2022-12-31,12,1,C_FSC,2022-12-31,2023-04-30,1.0,estimated_fy_plus_4m,2,0.0,136.86690755796448,,136.86690755796448,1.0,13.673051762890402,,0.0893150435320899,0.5268338631647307,0.0930124006549782,0.6815534912857891,0.2060797139388507,,,,,,,21.887975431216084,1.0,1.0,0.0,0.0,0.0,1.952430474017914
854,2023,2023-12-31,12,1,C_FSC,2023-12-31,2024-04-30,1.0,estimated_fy_plus_4m,3,0.0,2.7001134480210878,,21.5859070814591,2.0,0.7849168589059168,,0.0311926956731159,-0.058122347858974,0.02972180907499,0.4514725830437439,0.1037321491015149,,,,,,,23.196338912023528,0.0,1.0,0.0,0.0,0.0,2.2862943512525462e-06
854,2024,2024-12-31,12,1,C_FSC,2024-12-31,2025-04-30,1.0,estimated_fy_plus_4m,4,0.0,0.0920648691093912,7.228256790951168,7.228256790951168,3.0,1.650274175967045,3.10969648255337,0.0846764354683978,0.0534837397952818,0.0862418436312218,0.5397986638486629,0.1220215584050279,,,,,,,23.284409191528223,0.0,1.0,0.0,0.0,0.0,1.2808968327264015e-06
855,2021,2021-12-31,12,1,A_DART,2021-12-31,2022-03-31,0.0,dart_rcept_dt,1,0.0,0.1509052651183473,,0.1509052651183473,1.0,0.0255195237356848,,0.0551546861091992,0.0215131815316061,0.0342836110648063,0.0427445604213976,0.5865520562439837,1.5208405694735383,0.8291930220817813,0.2498764158360406,0.0097925336436286,1.0,,23.27638550005546,0.0,1.0,0.0,0.0,0.0,0.0
855,2022,2022-12-31,12,1,A_DART,2022-12-31,2023-03-31,0.0,dart_rcept_dt,2,0.0,-0.056484674540541,,0.0420637004478863,2.0,-0.0247455375824363,,0.0205279836206126,-0.0346267024885865,0.0157973808362129,0.0190550633229461,0.5500181963953805,1.6857997573800831,0.6987453211403136,0.2430015684836292,0.0077753417321396,1.0,,23.218242828950284,0.0,1.0,0.0,0.0,0.0,0.00681528267874
855,2023,2023-12-31,12,1,A_DART,2023-12-31,2024-03-29,0.0,dart_rcept_dt,3,0.0,0.0548160486142974,0.0462972603255766,0.0462972603255766,3.0,-0.0056406800135593,-0.0018363674962729,0.0064345136953584,-0.0140934699252542,0.011770579205649,0.0150610941190743,0.5324045005004284,1.6812077660579952,0.7343593493964098,0.2059854414369707,0.0467690628104314,1.0,,23.271609219172543,0.0,1.0,0.0,0.0,0.0,0.0
855,2024,2024-12-31,12,1,A_DART,2024-12-31,2025-03-31,0.0,dart_rcept_dt,4,0.0,-0.2391566045462719,-0.0885343192826609,-0.0885343192826609,3.0,-0.211769471677675,-0.0856660439461702,-0.0070535108196919,-0.0134880245150503,-0.0104055821681461,-0.0128518928273198,0.4113991947637637,1.668605833505614,1.0324981412913132,0.2094870219615399,-0.05698943801612,0.0,,22.998281489034827,0.0,0.0,0.0,0.0,0.0,0.006487878455953
856,2021,2021-12-31,12,1,C_FSC,2021-12-31,2022-04-30,1.0,estimated_fy_plus_4m,1,0.0,2.035320088300221,,1.968855429976772,2.0,1.356382978723404,,0.181090909090909,0.388596427854706,0.2,0.6207674943566591,0.4650112866817156,,,,,,,21.041719568064945,1.0,1.0,0.0,0.0,0.0,0.0
856,2022,2022-12-31,12,1,C_FSC,2022-12-31,2023-04-30,1.0,estimated_fy_plus_4m,2,0.0,2.397818181818182,2.10546099330878,2.10546099330878,3.0,3.489841986455982,2.0811200738745192,0.3047945205479452,0.1237036114570361,0.3054366438356164,0.7174459527400704,0.1633986928104575,,,,,,,22.26485308247234,0.0,1.0,0.0,0.0,0.0,0.0
856,2023,2023-12-31,12,1,C_FSC,2023-12-31,2024-04-30,1.0,estimated_fy_plus_4m,3,0.0,-0.1038099315068493,1.0986253745436194,1.0986253745436194,3.0,1.1025641025641026,1.812389015846408,0.030093145450203,-0.2747013750977422,0.0317649868641031,0.0318029650884744,0.59636537541846,,,,,,,22.155250323983417,0.0,1.0,0.0,0.0,0.0,-0.0548014077425842
856,2024,2024-12-31,12,0,,,,,,3,,,,,,,,,,,,,,,,,,,,,,,,,
857,2021,2021-12-31,12,0,,,,,,0,,,,,,,,,,,,,,,,,,,,,,,,,
857,2022,2022-12-31,12,0,,,,,,0,,,,,,,,,,,,,,,,,,,,,,,,,
857,2023,2023-12-31,12,1,B_VENTUREIN,2023-12-31,2024-04-30,1.0,estimated_fy_plus_4m,1,,,,,,,,-0.3085183597038529,,-0.308095461018576,-1.772324560410962,3.901327253388852,0.1188065831089223,0.0598042585156536,1.6160186924347688,,,0.0,20.739918409987958,,0.0,0.0,1.0,,
857,2024,2024-12-31,12,1,B_VENTUREIN,2024-12-31,2025-04-30,1.0,estimated_fy_plus_4m,2,0.0,0.5898344990912596,,0.5898344990912596,1.0,3.703580076489624,,0.2138647511244758,0.5223831108283287,0.2135579212523607,0.4152379279901273,1.2015958892740557,0.2966116845207335,0.070070811044847,0.8151640754114214,,,0.0,21.20354833218065,1.0,1.0,0.0,1.0,0.0,0.0
858,2021,2021-12-31,12,1,C_FSC,2021-12-31,2022-04-30,1.0,estimated_fy_plus_4m,1,0.0,0.9796888637552734,,0.4956598616149321,2.0,0.2179448876310488,,0.0547079110678183,0.3608773179326743,0.0766349416515608,0.1114787144102611,0.8512674347236148,,,,,,,23.017928429648418,1.0,1.0,0.0,0.0,0.0,0.0279031659244573
858,2022,2022-12-31,12,1,C_FSC,2022-12-31,2023-04-30,1.0,estimated_fy_plus_4m,2,0.0,0.1730585395472754,0.379309691412369,0.379309691412369,3.0,-0.0074197738056941,0.1762207136882831,0.0536346527075875,-0.0010732583602308,0.0388701099164917,0.0668243827137697,0.7833310929086867,,,,,,,23.177542903911903,0.0,1.0,0.0,0.0,0.0,1.4662425511212797e-07
858,2023,2023-12-31,12,1,A_DART,2023-12-31,2025-04-01,0.0,dart_rcept_dt_restated_report,3,1.0,-0.1640678417981345,0.2474674413017636,0.2474674413017636,3.0,0.3720318199880346,0.1837295243226393,-0.1201623554293927,-0.1737970081369802,-0.0687088832692815,-0.0719679158823666,0.8073268256814531,0.5572451484621503,0.2647653259829698,0.3659545748454429,0.0644811935711316,1.0,,22.998335084245355,0.0,0.0,0.0,0.0,0.0,0.1464270895406637
858,2024,2024-12-31,12,1,A_DART,2024-12-31,2025-04-01,0.0,dart_rcept_dt,4,0.0,0.4295608975125404,0.1191744653444071,0.1191744653444071,3.0,0.2232383854843542,0.1854419755287191,-0.025388086029958,0.0947742693994346,-0.0270388431080476,-0.0330983010328093,0.8755875683702989,0.580704982328927,0.2783535653070981,0.3788457358766712,0.0655855160874129,1.0,,23.35570241668661,0.0,0.0,0.0,0.0,0.0,0.0
859,2021,2021-12-31,12,1,C_FSC,2021-12-31,2022-04-30,1.0,estimated_fy_plus_4m,1,0.0,-0.2428242542648601,,-0.2588571246788522,2.0,0.9759218574386156,,0.0160813900123387,0.0305294642079148,0.0410986870774792,0.0128433075735787,0.305934870012281,,,,,,,21.829247240204666,1.0,1.0,0.0,0.0,0.0,1.0210622708751709
859,2022,2022-12-31,12,1,C_FSC,2022-12-31,2023-04-30,1.0,estimated_fy_plus_4m,2,0.0,1.25234093565955,0.0735262509921814,0.0735262509921814,3.0,-0.0973039166773256,0.3426184856484568,-0.0230644924342588,-0.0391458824465975,-0.004847950639048,-0.0037800687285223,0.2348224513172966,,,,,,,22.641217331412225,0.0,0.0,0.0,0.0,0.0,6.989949052991155e-05
859,2023,2023-12-31,12,1,C_FSC,2023-12-31,2024-04-30,1.0,estimated_fy_plus_4m,3,0.0,-0.3063023358307625,0.0576298153565215,0.0576298153565215,3.0,-0.1241695303550973,0.1603182537848047,0.072850487081745,0.0959149795160038,0.0516730199068191,0.0319121109076641,0.4735809573633272,,,,,,,22.27549827560973,1.0,1.0,0.0,0.0,0.0,-0.3320733104238259
859,2024,2024-12-31,12,1,C_FSC,2024-12-31,2025-04-30,1.0,estimated_fy_plus_4m,4,0.0,-0.3962304108428631,-0.0192495134335544,-0.0192495134335544,3.0,0.0145173947161914,-0.070875949586118,0.1038232199228341,0.030972732841089,0.0333216415292879,0.0122470027072321,0.4044089209746035,,,,,,,21.770935646876943,0.0,1.0,0.0,0.0,0.0,0.0653936698927543
860,2021,2021-12-31,12,0,,,,,,0,,,,,,,,,,,,,,,,,,,,,,,,,
860,2022,2022-12-31,12,0,,,,,,0,,,,,,,,,,,,,,,,,,,,,,,,,
860,2023,2023-12-31,12,1,B_VENTUREIN,2023-12-31,2024-04-30,1.0,estimated_fy_plus_4m,1,,,,,,,,0.1647484422710938,,0.4247398236700814,0.2795621042175407,0.1131660892493249,9.059019039931629,1.46830634822658,0.0106138477906787,,,0.0,20.108358509124,,1.0,0.0,0.0,,
860,2024,2024-12-31,12,1,B_VENTUREIN,2024-12-31,2025-04-30,1.0,estimated_fy_plus_4m,2,0.0,-0.1427414179263202,,-0.1427414179263202,1.0,0.1551406374395294,,-0.0787811318800807,-0.2435295741511746,0.3404701496401388,0.1663073100099271,0.0797276476998012,12.574927511988404,2.240520798483328,0.0041299669729101,,,0.0,19.95434283260268,0.0,0.0,0.0,0.0,0.0,-0.0158982511923688
861,2021,2021-12-31,12,0,,,,,,0,,,,,,,,,,,,,,,,,,,,,,,,,
861,2022,2022-12-31,12,0,,,,,,0,,,,,,,,,,,,,,,,,,,,,,,,,
861,2023,2023-12-31,12,1,B_VENTUREIN,2023-12-31,2024-04-30,1.0,estimated_fy_plus_4m,1,,,1.057347875658754,1.057347875658754,3.0,,1.2874481687739898,0.5106130596753891,,0.5345243977397173,0.1227359932594281,0.2293564430956116,3.656573594644729,1.5786085974675377,0.0959763675874673,,,0.0,21.54428410830486,,1.0,0.0,0.0,,
861,2024,2024-12-31,12,1,B_VENTUREIN,2024-12-31,2025-04-30,1.0,estimated_fy_plus_4m,2,0.0,-0.762532597270431,,-0.762532597270431,1.0,-0.2034522194282435,,-2.8251052862693364,-3.3357183459447253,-2.512327711271977,-0.1719779895731405,0.2044986045308198,3.444841565777573,1.037298552380348,0.0126832009101464,,,0.0,20.106559191712574,0.0,0.0,0.0,0.0,0.0,0.0
862,2021,2021-12-31,12,0,,,,,,0,,,,,,,,,,,,,,,,,,,,,,,,,
862,2022,2022-12-31,12,1,C_FSC,2022-12-31,2023-04-30,1.0,estimated_fy_plus_4m,1,,,,,,,,-0.0529775715390564,,-0.048337200309358,-0.6983240223463687,1.664804469273743,,,,,,,21.67337811729608,,0.0,0.0,1.0,,
862,2023,2023-12-31,12,1,C_FSC,2023-12-31,2024-04-30,1.0,estimated_fy_plus_4m,2,0.0,-0.5019334880123743,,-0.5019334880123743,1.0,8.994413407821229,,-0.3509316770186335,-0.297954105479577,-0.3315217391304347,-0.2386808272778088,0.1883733929569592,,,,,,,20.976356464628573,0.0,0.0,0.0,0.0,0.0,11.162011173184355
862,2024,2024-12-31,12,1,C_FSC,2024-12-31,2025-04-30,1.0,estimated_fy_plus_4m,3,0.0,1.267080745341615,,0.0626179930843466,2.0,-0.0614868641699273,,0.0455479452054794,0.396479622224113,0.0582191780821917,0.1012507444907683,0.0339487790351399,,,,,,,21.7948494532266,1.0,1.0,0.0,0.0,0.0,0.0
863,2021,2021-12-31,12,1,C_FSC,2021-12-31,2022-04-30,1.0,estimated_fy_plus_4m,1,0.0,0.0643102601865488,,0.3331084346650814,2.0,-0.1127733026467203,,0.0380535055350553,-0.0296931807683319,0.0239852398523985,0.0449632511889321,0.7427583225248595,,,,,,,22.190218101083754,0.0,1.0,0.0,0.0,0.0,-0.0003835826620636
863,2022,2022-12-31,12,1,C_FSC,2022-12-31,2023-04-30,1.0,estimated_fy_plus_4m,2,0.0,1.6501383763837638,0.6762282970299385,0.6762282970299385,3.0,1.4020752269779506,0.457294140558349,-0.2092942302671656,-0.2473477358022209,-0.2099034026629536,-0.4341252699784017,0.787077033837293,,,,,,,23.164829957221908,0.0,0.0,0.0,0.0,0.0,1.297016861219196
863,2023,2023-12-31,12,1,C_FSC,2023-12-31,2024-04-30,1.0,estimated_fy_plus_4m,3,0.0,-0.1138832999738925,0.3570918441745117,0.3570918441745117,3.0,-0.3264658027357812,0.1280463699274425,-0.1848294212927112,0.0244648089744544,-0.1994079569121796,-0.5425869472036976,1.2264234842160509,,,,,,,23.0439233357762,0.0,0.0,0.0,1.0,0.0,2.3938084953203743e-05
863,2024,2024-12-31,12,0,,,,,,3,,,,,,,,,,,,,,,,,,,,,,,,,
864,2021,2021-12-31,12,1,C_FSC,2021-12-31,2022-04-30,1.0,estimated_fy_plus_4m,1,0.0,0.918324607329843,,0.918324607329843,1.0,0.1123188405797102,,0.0169213973799126,-0.3705131575939093,0.0436681222707423,0.0868621064060803,0.1726384364820846,,,,,,,21.32867410319835,0.0,1.0,0.0,0.0,0.0,0.0
864,2022,2022-12-31,12,1,C_FSC,2022-12-31,2023-04-30,1.0,estimated_fy_plus_4m,2,0.0,0.1064410480349344,,0.4568847205613886,2.0,0.5863192182410424,,-0.0103601381351751,-0.0272815355150878,0.0029600394671928,0.0041067761806981,0.4743326488706365,,,,,,,21.429822704416274,0.0,0.0,0.0,0.0,0.0,0.0
864,2023,2023-12-31,12,1,C_FSC,2023-12-31,2024-04-30,1.0,estimated_fy_plus_4m,3,0.0,-0.2072027627035026,0.1894262029235485,0.1894262029235485,3.0,0.3976728268309377,0.3510615472900336,-0.7734909769757312,-0.7631308388405561,-0.7884256378344742,-0.6204701273261508,0.5063663075416258,,,,,,,21.197634923701788,0.0,0.0,0.0,0.0,0.0,1.0314852840520192
864,2024,2024-12-31,12,0,,,,,,3,,,,,,,,,,,,,,,,,,,,,,,,,
865,2021,2021-12-31,12,0,,,,,,0,,,,,,,,,,,,,,,,,,,,,,,,,
865,2022,2022-12-31,12,0,,,,,,0,,,,,,,,,,,,,,,,,,,,,,,,,
865,2023,2023-12-31,12,1,B_VENTUREIN,2023-12-31,2024-04-30,1.0,estimated_fy_plus_4m,1,,,,,,,,-3.1315113659753657,,-2.796320413357161,-1.904327845142899,2.7312559606778666,0.1373224945871821,0.0162811422892406,0.0005056750893446,,,0.0,20.069033553552035,,0.0,0.0,1.0,,
865,2024,2024-12-31,12,1,B_VENTUREIN,2024-12-31,2025-04-30,1.0,estimated_fy_plus_4m,2,0.0,2.161530160183595,,2.161530160183595,1.0,-0.0717600113187377,,-2.0514106235925555,1.0801007423828102,-2.0431136609647864,-4.738974453785782,6.192758824600351,0.0531712525367855,0.0280940807008308,0.7550535664637666,,,0.0,21.22008969185656,0.0,0.0,0.0,1.0,0.0,1.3100351614492176
866,2021,2021-12-31,12,1,C_FSC,2021-12-31,2022-04-30,1.0,estimated_fy_plus_4m,1,0.0,2.549079754601227,,0.9134765232589844,2.0,1.0874785591766725,,-0.337942955920484,0.5352676780263463,-0.3232497839239412,-0.9219391947411668,2.1166803615447822,,,,,,,21.96770857382606,0.0,0.0,0.0,1.0,0.0,0.0
866,2022,2022-12-31,12,0,,,,,,1,,,,,,,,,,,,,,,,,,,,,,,,,
866,2023,2023-12-31,12,0,,,,,,1,,,,,,,,,,,,,,,,,,,,,,,,,
866,2024,2024-12-31,12,1,C_FSC,2024-12-31,2025-04-30,1.0,estimated_fy_plus_4m,2,,,-0.1330567987638942,-0.1330567987638942,3.0,,0.7069847461813137,-1.4651777281779368,,-1.702861531550333,-0.636247933504738,1.4653429312439217,,,,,,,21.53936312526809,,0.0,0.0,1.0,,
867,2021,2021-12-31,12,1,C_FSC,2021-12-31,2022-04-30,1.0,estimated_fy_plus_4m,1,0.0,3.124000169446488,,1.2709638427013554,2.0,4.984561567164179,,0.3089968483716587,0.4489115089587908,0.2894147309443212,0.6038683958257021,0.4714682913903155,,,,,,,21.484889088808423,1.0,1.0,0.0,0.0,0.0,-1.166044776119403e-05
867,2022,2022-12-31,12,0,,,,,,1,,,,,,,,,,,,,,,,,,,,,,,,,
867,2023,2023-12-31,12,0,,,,,,1,,,,,,,,,,,,,,,,,,,,,,,,,
867,2024,2024-12-31,12,1,C_FSC,2024-12-31,2025-04-30,1.0,estimated_fy_plus_4m,2,,,-0.1560554796209182,-0.1560554796209182,3.0,,0.5538474889328118,-0.4015609865223541,,-0.4371616703860754,-0.1461437568375292,0.3943057225040113,,,,,,,20.975883526724115,,0.0,0.0,0.0,,
868,2021,2021-12-31,12,0,,,,,,0,,,,,,,,,,,,,,,,,,,,,,,,,
868,2022,2022-12-31,12,1,B_VENTUREIN,2022-12-31,2023-04-30,1.0,estimated_fy_plus_4m,1,,,,,,,,-12.796138613861386,,-13.126534653465349,-0.8189425795721458,1.6373631973710423,5.607471054639552,5.1658262283117145,1.544265601329304,,,0.0,17.51434034293138,,0.0,0.0,1.0,,
868,2023,2023-12-31,12,1,B_VENTUREIN,2023-12-31,2024-04-30,1.0,estimated_fy_plus_4m,2,0.0,26.786559405940597,,26.786559405940597,1.0,-0.0056489235696626,,-0.4167785372406525,12.379360076620731,-0.4681879283113764,-0.8162413670466953,2.395103890516991,0.4855986204479855,0.4801744727547699,1.553038597668268,,,0.0,20.838892772109983,0.0,0.0,0.0,1.0,0.0,0.0617706240531721
868,2024,2024-12-31,12,0,,,,,,2,,,,,,,,,,,,,,,,,,,,,,,,,
869,2021,2021-12-31,12,0,,,,,,0,,,,,,,,,,,,,,,,,,,,,,,,,
869,2022,2022-12-31,12,1,A_DART,2022-12-31,2024-04-05,0.0,dart_rcept_dt_restated_report,1,,,,,,,,-19.742966061248737,,-15.475058329010388,-0.0245192939315585,0.002363886016523,337.48363768205974,312.9153760406067,,-18.263358882676584,0.0,,18.50636095867184,,0.0,0.0,0.0,,
869,2023,2023-12-31,12,1,A_DART,2023-12-31,2024-04-05,0.0,dart_rcept_dt,2,0.0,5.821828678681915,,5.821828678681915,1.0,0.0207973447953677,,-3.205874636686056,16.537091424562682,-1.8172355670679188,-0.0192419096124279,0.0320876090112658,15.967756309906772,8.932483415621865,0.0284941485900786,-0.7957510664277689,0.0,,20.426488529289617,0.0,0.0,0.0,0.0,0.0,0.0100483749735176
869,2024,2024-12-31,12,1,A_DART,2024-12-31,2025-03-31,0.0,dart_rcept_dt,3,0.0,0.2700895033364219,,1.9435239082353772,2.0,-0.0480109795785849,,-3.2566864633438626,-0.0508118266578065,-4.047176570546209,-0.0571730658510782,0.0404114981708858,5.828565695139261,2.2383253502953737,0.0299311735522592,-1.6538222103266775,0.0,,20.66557590234492,0.0,0.0,0.0,0.0,0.0,3.345782927447039e-05
870,2021,2021-12-31,12,0,,,,,,0,,,,,,,,,,,,,,,,,,,,,,,,,
870,2022,2022-12-31,12,0,,,,,,0,,,,,,,,,,,,,,,,,,,,,,,,,
870,2023,2023-12-31,12,1,B_VENTUREIN,2023-12-31,2024-04-30,1.0,estimated_fy_plus_4m,1,,,,,,,,0.0069877677913791,,0.0011830041436776,0.0013939797963447,0.6242047712659126,0.3458247684134654,0.1721315304733175,0.4858706463423205,,,0.0,20.824472236197995,,1.0,0.0,0.0,,
870,2024,2024-12-31,12,1,B_VENTUREIN,2024-12-31,2025-04-30,1.0,estimated_fy_plus_4m,2,0.0,0.2734077116687228,,0.2734077116687228,1.0,0.1433861036507575,,-0.2543746345008488,-0.2613624022922279,0.0013420561066036,0.0017612274758937,0.6698299218670688,0.3751568249148664,0.2825231152017374,0.4143960554465331,,,0.0,21.066168780747716,0.0,0.0,0.0,0.0,0.0,-0.0002971125769138
871,2021,2021-12-31,12,0,,,,,,0,,,,,,,,,,,,,,,,,,,,,,,,,
871,2022,2022-12-31,12,0,,,,,,0,,,,,,,,,,,,,,,,,,,,,,,,,
871,2023,2023-12-31,12,1,B_VENTUREIN,2023-12-31,2024-04-30,1.0,estimated_fy_plus_4m,1,,,,,,,,-0.680917317485306,,-0.1271415429501811,-0.0830186450454344,0.1727415643641746,5.551384048318523,3.820009853475175,0.116687045482249,,,0.2624451022128475,20.06857369186801,,0.0,0.0,0.0,,
871,2024,2024-12-31,12,1,B_VENTUREIN,2024-12-31,2025-04-30,1.0,estimated_fy_plus_4m,2,0.0,0.3362631398647426,,0.3362631398647426,1.0,-0.0177515610842954,,0.011478774349188,0.6923960918344941,0.0136016994923126,0.0120823658101287,0.1461027205792985,21.223516267732,12.89308325151505,0.108313982869242,,,0.2114528498901811,20.358450708564806,1.0,1.0,0.0,0.0,0.0,-0.0003870508858815
872,2021,2021-12-31,12,0,,,,,,0,,,,,,,,,,,,,,,,,,,,,,,,,
872,2022,2022-12-31,12,1,B_VENTUREIN,2022-12-31,2023-04-30,1.0,estimated_fy_plus_4m,1,,,,,,,,-0.1420090320820767,,-0.1237971115522754,-0.1792953783812331,0.8213219165773875,0.9164487606196728,0.7470569695878199,0.6684618518574406,,,0.1962147847303256,20.77755703313243,,0.0,0.0,0.0,,
872,2023,2023-12-31,12,1,B_VENTUREIN,2023-12-31,2024-04-30,1.0,estimated_fy_plus_4m,2,0.0,0.2237647188082501,,0.2237647188082501,1.0,-0.0359443995571937,,0.0094927328157543,0.151501764897831,0.026316502340096,0.04838186412895,0.7662766938348056,0.5629838049770924,0.4352395996971911,0.6575277752481559,,,0.1639065633366123,20.979488975549447,1.0,1.0,0.0,0.0,0.0,1.3717665747125809e-06
872,2024,2024-12-31,12,0,,,,,,2,,,,,,,,,,,,,,,,,,,,,,,,,
873,2021,2021-12-31,12,1,C_FSC,2021-12-31,2022-04-30,1.0,estimated_fy_plus_4m,1,0.0,0.7586361582906009,,0.6050389885603282,2.0,1.276114365427404,,0.2034631800518329,-0.0396384872356744,0.2068681336840138,0.1332035740361203,0.7188746963179752,,,,,,,21.92575333875649,0.0,1.0,0.0,0.0,0.0,-0.0055587822286295
873,2022,2022-12-31,12,1,C_FSC,2022-12-31,2023-04-30,1.0,estimated_fy_plus_4m,2,0.0,0.1774475676799505,0.4475633644747894,0.4475633644747894,3.0,0.3027518747129554,0.6359584107440084,0.1235008930849706,-0.0799622869668622,0.1010461852513396,0.0588060588060588,0.7254232254232255,,,,,,,22.089102356163902,0.0,1.0,0.0,0.0,0.0,-2.9599203568619276e-05
873,2023,2023-12-31,12,0,,,,,,2,,,,,,,,,,,,,,,,,,,,,,,,,
873,2024,2024-12-31,12,0,,,,,,2,,,,,,,,,,,,,,,,,,,,,,,,,
874,2021,2021-12-31,12,1,C_FSC,2021-12-31,2022-04-30,1.0,estimated_fy_plus_4m,1,0.0,0.2352941176470588,,0.4536172453487308,2.0,0.0591216216216217,,0.0293040293040293,0.0121094591682826,0.0681318681318681,0.1483253588516746,0.6889952153110048,,,,,,,21.034420265583336,0.0,1.0,0.0,0.0,0.0,0.0033783783783783
874,2022,2022-12-31,12,0,,,,,,1,,,,,,,,,,,,,,,,,,,,,,,,,
874,2023,2023-12-31,12,0,,,,,,1,,,,,,,,,,,,,,,,,,,,,,,,,
874,2024,2024-12-31,12,0,,,,,,1,,,,,,,,,,,,,,,,,,,,,,,,,
875,2021,2021-12-31,12,1,C_FSC,2021-12-31,2022-04-30,1.0,estimated_fy_plus_4m,1,0.0,1.457627118644068,,1.457627118644068,1.0,1.852112676056338,,0.056551724137931,-0.1061601402688486,0.1958620689655172,0.3506172839506173,0.4592592592592592,,,,,,,20.401682212818947,0.0,1.0,0.0,0.0,0.0,0.0
875,2022,2022-12-31,12,1,C_FSC,2022-12-31,2023-04-30,1.0,estimated_fy_plus_4m,2,0.0,1.56551724137931,,1.5109927809061323,2.0,0.691358024691358,,0.1220430107526881,0.0654912866147571,0.1456989247311828,0.3956204379562044,0.3372262773722628,,,,,,,21.34384232467152,0.0,1.0,0.0,0.0,0.0,-0.0888888888888888
875,2023,2023-12-31,12,1,C_FSC,2023-12-31,2024-04-30,1.0,estimated_fy_plus_4m,3,0.0,-0.0023327956989247,0.845973836962516,0.845973836962516,3.0,0.3094467153284672,0.8485449657791713,-0.0698257925343044,-0.1918688032869926,-0.0351114777968605,-0.0726389147475225,0.8103405795728067,,,,,,,21.34150680376565,0.0,0.0,0.0,0.0,0.0,-0.3193080291970803
875,2024,2024-12-31,12,1,C_FSC,2024-12-31,2025-04-30,1.0,estimated_fy_plus_4m,4,0.0,0.2708824510511349,0.4816831392266179,0.4816831392266179,3.0,-0.2461796423741681,0.1863069650011106,-0.1038727877855785,-0.034046995251274,-0.1099576097801534,-0.3835156140234118,1.1600165642493214,,,,,,,21.58121830629163,0.0,0.0,0.0,1.0,0.0,-0.0211812867974549
876,2021,2021-12-31,12,1,A_DART,2021-12-31,2023-04-03,0.0,dart_rcept_dt_restated_report,1,1.0,-0.6024534993621506,,-0.2166204251534523,2.0,0.9874759719745728,,-0.3715637669350288,-0.4830731186107814,-0.5210410025102999,-0.1379920672194355,0.5420455853118935,1.9226155986101652,0.026161739597869,,-0.3024483964495695,0.0,,22.15541483039417,0.0,0.0,0.0,0.0,0.0,0.9060515070668148
876,2022,2022-12-31,12,1,A_DART,2022-12-31,2023-04-03,0.0,dart_rcept_dt,2,0.0,1.8665584130809507,0.2071699831497733,0.2071699831497733,3.0,-0.5808115501043383,0.0677910968126274,-0.0216563704047835,0.3499073965302453,-0.4366021466843769,-0.7907142669091766,0.6982356578203676,1.374145833115547,0.7457248010449944,,-0.1838243276226256,0.0,,23.208526981393756,0.0,0.0,0.0,0.0,0.0,0.0
876,2023,2023-12-31,12,1,A_DART,2023-12-31,2025-04-07,0.0,dart_rcept_dt_restated_report,3,0.0,-0.1382580002557409,-0.0060252997534699,-0.0060252997534699,3.0,0.6491140149399912,0.1116991981306327,0.0068463032270973,0.0285026736318808,0.024821972496555,0.0234907333921151,0.7935235303605258,1.2352474188294458,0.1129455924710269,,0.3379329444949029,1.0,,23.059727624033854,1.0,1.0,0.0,0.0,0.0,0.0
876,2024,2024-12-31,12,1,A_DART,2024-12-31,2025-04-07,0.0,dart_rcept_dt,4,0.0,-0.2536297298868546,0.2262079553334381,0.2262079553334381,3.0,-0.2482512057908249,-0.1960218544901573,-0.1859326432581372,-0.1927789464852345,-0.1581291422857638,-0.1485777553395539,0.8739162311309473,1.2114668610343722,0.0968047997691249,0.103441309557769,-0.5453631764753402,0.0,,22.76719416275345,0.0,0.0,0.0,0.0,0.0,0.0
877,2021,2021-12-31,12,0,,,,,,0,,,,,,,,,,,,,,,,,,,,,,,,,
877,2022,2022-12-31,12,1,B_VENTUREIN,2022-12-31,2023-04-30,1.0,estimated_fy_plus_4m,1,,,,,,,,0.4468039125722303,,0.4652164083331671,0.224332553538004,0.3086960762177566,4.8975771227108025,2.7162667711291744,0.1870439967561226,,,0.0881492416232786,21.31362917936198,,1.0,0.0,0.0,,
877,2023,2023-12-31,12,1,B_VENTUREIN,2023-12-31,2024-04-30,1.0,estimated_fy_plus_4m,2,0.0,0.2073367378829287,,0.2073367378829287,1.0,0.1604989799422034,,0.3288616324576731,-0.1179422801145572,0.315486459829274,0.1582711119175002,0.2525675256246011,5.479738376226361,2.456526375657614,0.1611754943252411,,,0.0642781184066737,21.502046070043107,0.0,1.0,0.0,0.0,0.0,-0.0075827636284932
877,2024,2024-12-31,12,1,B_VENTUREIN,2024-12-31,2025-04-30,1.0,estimated_fy_plus_4m,3,0.0,0.1243020855851329,,0.165079916746198,2.0,0.1225362023185325,,0.258384891845509,-0.070476740612164,0.2558588105047101,0.1285594380464047,0.2306625386285664,7.282786447199658,3.623855458173008,0.1435815557594869,,,0.0600491336700353,21.61920854482264,0.0,1.0,0.0,0.0,0.0,-0.0281359455429449
878,2021,2021-12-31,12,0,,,,,,0,,,,,,,,,,,,,,,,,,,,,,,,,
878,2022,2022-12-31,12,1,B_VENTUREIN,2022-12-31,2023-04-30,1.0,estimated_fy_plus_4m,1,,,,,,,,-0.3348512203558563,,0.0741093047388447,0.1304942045078938,0.0950304722926825,9.021924339534158,8.321752383929967,0.0094852206595088,,,0.4241991546515257,19.97697944882268,,0.0,0.0,0.0,,
878,2023,2023-12-31,12,1,B_VENTUREIN,2023-12-31,2024-04-30,1.0,estimated_fy_plus_4m,2,0.0,0.5137200394833419,,0.5137200394833419,1.0,0.841562647394164,,0.2416318443452683,0.5764830647011246,0.33097391495783,0.4790394888890233,0.0303956149001433,17.12645966029724,15.953091825902336,0.0047714984642873,,,0.1089563614424592,20.391549672263157,1.0,1.0,0.0,0.0,0.0,-0.0015635387226519
878,2024,2024-12-31,12,0,,,,,,2,,,,,,,,,,,,,,,,,,,,,,,,,
879,2021,2021-12-31,12,1,C_FSC,2021-12-31,2022-04-30,1.0,estimated_fy_plus_4m,1,,,,,,,,,,,0.0096153846153846,0.5096153846153846,,,,,,,,,0.0,1.0,0.0,,
879,2022,2022-12-31,12,1,C_FSC,2022-12-31,2023-04-30,1.0,estimated_fy_plus_4m,2,0.0,,,,,0.83325,,-0.6104134631812745,,0.0063487255952658,0.0042877823117834,0.5981312087612374,,,,,,,19.36665454219162,0.0,0.0,0.0,0.0,1.0,0.2384807692307692
879,2023,2023-12-31,12,0,,,,,,2,,,,,,,,,,,,,,,,,,,,,,,,,
879,2024,2024-12-31,12,0,,,,,,2,,,,,,,,,,,,,,,,,,,,,,,,,
880,2021,2021-12-31,12,1,C_FSC,2021-12-31,2022-04-30,1.0,estimated_fy_plus_4m,1,,,,0.7864474967806105,2.0,,,-0.0325430032543003,,0.0674105067410506,0.0824800910125142,0.7189988623435722,,,,,,,21.489198687232005,,0.0,0.0,0.0,,
880,2022,2022-12-31,12,1,C_FSC,2022-12-31,2023-04-30,1.0,estimated_fy_plus_4m,2,0.0,0.2598791259879125,0.5901440362841073,0.5901440362841073,3.0,0.3543799772468714,1.0314853048516803,0.0059040590405904,0.0384470622948907,0.0819188191881918,0.0932381352372952,0.6997060058798824,,,,,,,21.72021447183802,1.0,1.0,0.0,0.0,0.0,-0.0005688282138794
880,2023,2023-12-31,12,1,C_FSC,2023-12-31,2024-04-30,1.0,estimated_fy_plus_4m,3,0.0,-0.0808118081180812,,0.0761347572709476,2.0,0.0919781604367913,,0.0040144520272982,-0.0018896070132921,0.0196708149337615,0.0188461538461538,0.6973076923076923,,,,,,,21.635950073226454,0.0,1.0,0.0,0.0,0.0,0.0096598068038639
880,2024,2024-12-31,12,1,C_FSC,2024-12-31,2025-04-30,1.0,estimated_fy_plus_4m,4,0.0,-0.1493376154154958,-0.0049837301340334,-0.0049837301340334,3.0,-0.01,0.1355246263175069,-0.2029259084473808,-0.2069403604746791,-0.2147239263803681,-0.1767676767676767,0.8706293706293706,,,,,,,21.474210116232573,0.0,0.0,0.0,0.0,0.0,0.0003846153846153
881,2021,2021-12-31,12,0,,,,,,0,,,,,,,,,,,,,,,,,,,,,,,,,
881,2022,2022-12-31,12,1,A_DART,2022-12-31,2024-04-04,0.0,dart_rcept_dt_restated_report,1,,,,,,,,0.0797579362783835,,0.0717214366116881,0.1658365506029282,0.7464443138575507,1.3146188614011876,0.6873099840082476,,0.1122194677903028,1.0,,24.68460150101045,,1.0,0.0,0.0,,
881,2023,2023-12-31,12,1,A_DART,2023-12-31,2024-04-04,0.0,dart_rcept_dt,2,0.0,-0.6384261387718906,,-0.6384261387718906,1.0,-0.4276034656278483,,0.125982224996198,0.0462242887178145,0.1173160160392805,0.1713517773374267,0.3856761378986978,2.5314831963545164,0.4687150830799285,,-0.379282979004577,0.0,,23.66731256150686,0.0,1.0,0.0,0.0,0.0,0.0
881,2024,2024-12-31,12,1,A_DART,2024-12-31,2025-04-08,0.0,dart_rcept_dt,3,0.0,-0.5566209881722296,,-0.5996073660841517,2.0,0.2718275113816368,,0.0419636965627307,-0.0840185284334673,0.0625703142321407,0.0318600577927375,0.4851154309400562,1.935874931946511,0.8133171752951461,,0.3188594496979339,1.0,,22.853982243962733,0.0,1.0,0.0,0.0,0.0,0.0
882,2021,2021-12-31,12,1,C_FSC,2021-12-31,2022-04-30,1.0,estimated_fy_plus_4m,1,0.0,0.4575757575757575,,0.1623784218169304,2.0,0.2132904608788852,,-0.6715176715176715,0.0375732375732376,0.3575883575883576,0.1519434628975265,0.6899293286219081,,,,,,,19.99137782807004,0.0,0.0,0.0,0.0,0.0,0.0535905680600214
882,2022,2022-12-31,12,1,C_FSC,2022-12-31,2023-04-30,1.0,estimated_fy_plus_4m,2,0.0,0.5800415800415801,0.2876204477228208,0.2876204477228208,3.0,0.0521201413427561,0.3604529924260478,-0.425,0.2465176715176715,0.1710526315789473,0.109151973131822,0.5961376994122586,,,,,,,20.44882899124465,0.0,0.0,0.0,0.0,0.0,0.0
882,2023,2023-12-31,12,1,C_FSC,2023-12-31,2024-04-30,1.0,estimated_fy_plus_4m,3,0.0,0.1368421052631578,0.3782667131653789,0.3782667131653789,3.0,0.1704450041981529,0.1432127077189466,-0.3171296296296296,0.1078703703703703,0.0034722222222222,0.0021520803443328,0.6527977044476327,,,,,,,20.577083326768328,0.0,0.0,0.0,0.0,0.0,0.0
882,2024,2024-12-31,12,0,,,,,,3,,,,,,,,,,,,,,,,,,,,,,,,,
883,2021,2021-12-31,12,1,C_FSC,2021-12-31,2022-04-30,1.0,estimated_fy_plus_4m,1,0.0,0.2732739420935413,,0.2718937215569741,2.0,0.1240567461515242,,0.0633199230365576,-0.0910230613732419,0.0906069616931957,0.1390977443609022,0.3705692803437164,,,,,,,22.46671002922825,0.0,1.0,0.0,0.0,0.0,0.0
883,2022,2022-12-31,12,1,C_FSC,2022-12-31,2023-04-30,1.0,estimated_fy_plus_4m,2,0.0,0.0543991603988105,0.1948193100306585,0.1948193100306585,3.0,0.0797529538131041,0.3900724121058516,0.0350033178500331,-0.0283166051865244,0.0577305905773059,0.0865456354140761,0.330514797314101,,,,,,,22.51968111771066,0.0,1.0,0.0,0.0,0.0,0.0
883,2023,2023-12-31,12,1,C_FSC,2023-12-31,2024-04-30,1.0,estimated_fy_plus_4m,3,0.0,0.008626410086264,0.1063326924031728,0.1063326924031728,3.0,0.1880129321064412,0.1297385154575803,0.0467105263157894,0.0117072084657562,0.0610197368421052,0.0776638057358174,0.3588025957714046,,,,,,,22.528270532924488,0.0,1.0,0.0,0.0,0.0,0.0
883,2024,2024-12-31,12,1,C_FSC,2024-12-31,2025-04-30,1.0,estimated_fy_plus_4m,4,0.0,0.025328947368421,0.0292784228085836,0.0292784228085836,3.0,0.236759472472263,0.1662999887684189,0.0593519409688803,0.0126414146530908,0.0668912415784408,0.0705822613405551,0.472241029113067,,,,,,,22.55328401829156,0.0,1.0,0.0,0.0,0.0,-0.0757797781034121
884,2021,2021-12-31,12,0,,,,,,0,,,,,,,,,,,,,,,,,,,,,,,,,
884,2022,2022-12-31,12,0,,,,,,0,,,,,,,,,,,,,,,,,,,,,,,,,
884,2023,2023-12-31,12,0,,,,,,0,,,,,,,,,,,,,,,,,,,,,,,,,
884,2024,2024-12-31,12,0,,,,,,0,,,,,,,,,,,,,,,,,,,,,,,,,
885,2021,2021-12-31,12,1,C_FSC,2021-12-31,2022-04-30,1.0,estimated_fy_plus_4m,1,,,,,,,,0.004055373005587,,0.0073397139586412,0.0071679223526995,0.4465188551779951,,,,,,,22.987604989541808,,1.0,0.0,0.0,,
885,2022,2022-12-31,12,1,C_FSC,2022-12-31,2023-04-30,1.0,estimated_fy_plus_4m,2,0.0,0.1753058413288557,,0.1753058413288557,1.0,-0.2700755197436216,,0.0113230691655147,0.0072676961599276,0.0089041418616042,0.0140016492153438,0.2277265572045855,,,,,,,23.14913339376088,0.0,1.0,0.0,0.0,0.0,0.0
885,2023,2023-12-31,12,1,C_FSC,2023-12-31,2024-04-30,1.0,estimated_fy_plus_4m,3,0.0,-0.0047971899672552,,0.081511754877577,2.0,-0.0133551134294281,,0.0099893646816293,-0.0013337044838854,0.0119666651654816,0.0189806458502961,0.1982925055063992,,,,,,,23.144324660345628,0.0,1.0,0.0,0.0,0.0,0.0
885,2024,2024-12-31,12,1,C_FSC,2024-12-31,2025-04-30,1.0,estimated_fy_plus_4m,4,0.0,-0.5041648112819471,-0.1660629333812983,-0.1660629333812983,3.0,-0.0571528524014494,-0.121058379516178,0.0127194553923324,0.0027300907107031,0.0209602293084915,0.0174835624626419,0.1295576808129109,,,,,,,22.44281297206054,0.0,1.0,0.0,0.0,0.0,0.0025022363032501
886,2021,2021-12-31,12,0,,,,,,0,,,,,,,,,,,,,,,,,,,,,,,,,
886,2022,2022-12-31,12,0,,,,,,0,,,,,,,,,,,,,,,,,,,,,,,,,
886,2023,2023-12-31,12,1,B_VENTUREIN,2023-12-31,2024-04-30,1.0,estimated_fy_plus_4m,1,,,,,,,,0.3204447925197805,,0.3388231850013531,0.470371597054825,0.257126965626835,2.854554722688795,1.1733274121401174,0.0491128530485115,,,0.0,22.23236349996084,,1.0,0.0,0.0,,
886,2024,2024-12-31,12,1,B_VENTUREIN,2024-12-31,2025-04-30,1.0,estimated_fy_plus_4m,2,0.0,-0.036106944427247,,-0.036106944427247,1.0,0.7033430198204127,,0.0378705627835715,-0.2825742297362089,0.0387803316504367,0.0304653536501767,0.5334649088978576,1.675200318888754,0.5688782817841556,0.4594942005595085,,,0.0,22.19558857123261,0.0,1.0,0.0,0.0,0.0,-9.669092943925708e-05
887,2021,2021-12-31,12,0,,,,,,0,,,,,,,,,,,,,,,,,,,,,,,,,
887,2022,2022-12-31,12,0,,,,,,0,,,,,,,,,,,,,,,,,,,,,,,,,
887,2023,2023-12-31,12,1,B_VENTUREIN,2023-12-31,2024-04-30,1.0,estimated_fy_plus_4m,1,,,,,,,,0.0137502117009465,,0.0137050488323516,0.0115416127197034,0.7758331339210581,0.3416059497474298,0.2872701795668417,0.1773681066081794,,,0.0,20.09104440932896,,1.0,0.0,0.0,,
887,2024,2024-12-31,12,1,B_VENTUREIN,2024-12-31,2025-04-30,1.0,estimated_fy_plus_4m,2,0.0,-0.2106810184226868,,-0.2106810184226868,1.0,0.5777287919102534,,-0.3379933818410688,-0.3517435935420153,0.0197758027140173,0.0083318266738986,0.8496715482432351,0.4502314360804927,0.3275245492226624,0.737258683380542,,,0.2002207642352402,19.854459655393978,0.0,0.0,0.0,0.0,0.0,-0.0001347023316181
888,2021,2021-12-31,12,0,,,,,,0,,,,,,,,,,,,,,,,,,,,,,,,,
888,2022,2022-12-31,12,0,,,,,,0,,,,,,,,,,,,,,,,,,,,,,,,,
888,2023,2023-12-31,12,1,B_VENTUREIN,2023-12-31,2024-04-30,1.0,estimated_fy_plus_4m,1,,,,,,,,0.1396222206015469,,0.1416372442610221,0.1678341763464911,0.122338916706911,6.902158597756862,3.557758422606532,0.0050834964288437,,,0.0,21.56955890698654,,1.0,0.0,0.0,,
888,2024,2024-12-31,12,1,B_VENTUREIN,2024-12-31,2025-04-30,1.0,estimated_fy_plus_4m,2,0.0,-0.0554631293999545,,-0.0554631293999545,1.0,-0.1463167526624812,,-0.0534585453280319,-0.1930807659295789,-0.0523089822165175,-0.0685806125444598,0.1595887152144048,5.194623276653966,2.201193018631711,0.005954780587177,,,0.0,21.512498351346604,0.0,0.0,0.0,0.0,0.0,-0.1016699285768751
889,2021,2021-12-31,12,0,,,,,,0,,,,,,,,,,,,,,,,,,,,,,,,,
889,2022,2022-12-31,12,1,B_VENTUREIN,2022-12-31,2023-04-30,1.0,estimated_fy_plus_4m,1,,,,,,,,0.0107218517595848,,0.0252712810025085,0.0747182222019207,0.5131781794927429,1.3227967110606718,0.6209820087452852,0.2854891571218125,,,0.0332161113589445,20.065140180658634,,1.0,0.0,0.0,,
889,2023,2023-12-31,12,0,,,,,,1,,,,,,,,,,,,,,,,,,,,,,,,,
889,2024,2024-12-31,12,0,,,,,,1,,,,,,,,,,,,,,,,,,,,,,,,,
890,2021,2021-12-31,12,1,C_FSC,2021-12-31,2022-04-30,1.0,estimated_fy_plus_4m,1,,,,,,,,0.1575342465753424,,0.1438356164383561,0.6237623762376238,0.5742574257425742,,,,,,,19.89772946834072,,1.0,0.0,0.0,,
890,2022,2022-12-31,12,1,C_FSC,2022-12-31,2023-04-30,1.0,estimated_fy_plus_4m,2,0.0,0.7534246575342465,,0.7534246575342465,1.0,1.712871287128713,,-0.2421875,-0.3997217465753424,0.0169270833333333,0.0474452554744525,0.791970802919708,,,,,,,20.459300291111948,0.0,0.0,0.0,0.0,0.0,0.0099009900990099
890,2023,2023-12-31,12,1,C_FSC,2023-12-31,2024-04-30,1.0,estimated_fy_plus_4m,3,0.0,1.3971354166666663,,1.0501698337045062,2.0,0.332116788321168,,0.0738728951656708,0.3160603951656708,0.0032590983161325,0.0164383561643835,0.8273972602739726,,,,,,,21.333574739197356,1.0,1.0,0.0,0.0,0.0,0.0
890,2024,2024-12-31,12,0,,,,,,3,,,,,,,,,,,,,,,,,,,,,,,,,
891,2021,2021-12-31,12,1,C_FSC,2021-12-31,2022-04-30,1.0,estimated_fy_plus_4m,1,0.0,1.3534917206623471,,1.3534917206623471,1.0,1.5142503097893432,,0.184460079535026,0.0811483444738308,0.147292750076476,0.4746180384425825,0.2681123706259241,,,,,,,22.60089714524843,0.0,1.0,0.0,0.0,0.0,-0.0495662949194547
891,2022,2022-12-31,12,1,C_FSC,2022-12-31,2023-04-30,1.0,estimated_fy_plus_4m,2,0.0,0.2292750076475986,,0.7009081553440111,2.0,0.5327747658945294,,0.1474430757745427,-0.0370170037604832,0.1337563767574965,0.3456591639871382,0.1897106109324758,,,,,,,22.807321716176997,0.0,1.0,0.0,0.0,0.0,-0.019714144898965
891,2023,2023-12-31,12,1,C_FSC,2023-12-31,2024-04-30,1.0,estimated_fy_plus_4m,3,0.0,0.2341669777280079,0.5284288134951143,0.5284288134951143,3.0,0.9405144694533762,0.9555454461012868,0.0595826192156467,-0.087860456558896,0.0521221897368686,0.0856669428334714,0.503893951946976,,,,,,,23.017717946710267,0.0,1.0,0.0,0.0,0.0,-0.0138263665594855
891,2024,2024-12-31,12,1,C_FSC,2024-12-31,2025-04-30,1.0,estimated_fy_plus_4m,4,0.0,-0.0066905938098598,0.1464871039903676,0.1464871039903676,3.0,0.1430692626346312,0.503681735807221,0.0460726449246678,-0.0135099742909788,0.0568594029049687,0.0812091401179661,0.4968622538803434,,,,,,,23.01100487054131,0.0,1.0,0.0,0.0,0.0,-0.0138124275062137
