company_id,feature_year,period_end,patent_period_end,has_patent,patent_coverage,patent_count_total,registered_count,registered_ratio,patent_first_year,patent_latest_application_date,mature_application_count,patent_momentum,patent_count_3y,patent_count_1y,patent_per_year,registered_ratio_mature,unique_ipc_count,new_ipc_count_1y,joint_application_ratio,new_patent_activity,patent_per_year_age_estimated
78,2021,2021-12-31,2021-12-31,1,1,6,0,0.0,2018.0,2018-02-09,6,0.0,0,0,0.8955864323661626,0.0,3,0,0.0,0,0
78,2022,2022-12-31,2022-12-31,1,1,6,0,0.0,2018.0,2018-02-09,6,,0,0,0.7793385490753911,0.0,3,0,0.0,0,0
78,2023,2023-12-31,2023-12-31,1,1,6,6,1.0,2018.0,2018-02-09,6,,0,0,0.6898016997167139,1.0,3,0,0.0,0,0
78,2024,2024-12-31,2024-12-31,1,1,12,6,0.5,2018.0,2024-11-27,6,,6,6,1.237087214225233,1.0,7,4,0.0,1,0
101,2021,2021-12-31,2021-12-31,1,1,16,2,0.125,2019.0,2021-12-17,0,1.3636363636363638,16,5,6.352173913043479,,12,0,0.0,0,1
101,2022,2022-12-31,2022-12-31,1,1,25,4,0.16,2019.0,2022-11-09,4,1.6875,21,9,7.106031128404669,0.5,13,1,0.0,0,1
101,2023,2023-12-31,2023-12-31,1,1,32,7,0.21875,2019.0,2023-12-28,11,1.0,21,7,7.083636363636364,0.5454545454545454,15,2,0.0,0,1
101,2024,2024-12-31,2024-12-31,1,1,39,9,0.2307692307692307,2019.0,2024-07-18,16,1.0,23,7,7.065848214285714,0.5625,17,2,0.0,0,1
102,2021,2021-12-31,2021-12-31,1,1,19,15,0.7894736842105263,2019.0,2021-10-15,0,2.181818181818182,19,8,6.141371681415929,,5,1,0.0,0,0
102,2022,2022-12-31,2022-12-31,1,1,23,19,0.8260869565217391,2019.0,2022-10-28,8,0.6315789473684211,15,4,5.61923076923077,1.0,5,0,0.0,0,0
102,2023,2023-12-31,2023-12-31,1,1,29,22,0.7586206896551724,2019.0,2023-12-19,11,1.2,18,6,5.694758064516129,1.0,7,2,0.0,0,0
102,2024,2024-12-31,2024-12-31,1,1,41,28,0.6829268292682927,2019.0,2024-11-19,19,2.0,22,12,6.7274258760107815,1.0,7,0,0.0,0,0
103,2021,2021-12-31,2021-12-31,1,1,5,2,0.4,2017.0,2021-08-24,3,1.0,2,1,1.5030864197530864,0.6666666666666666,4,0,0.0,0,1
103,2022,2022-12-31,2022-12-31,1,1,5,3,0.6,2017.0,2021-08-24,3,0.0,2,0,1.1558544303797469,0.6666666666666666,4,0,0.0,0,1
103,2023,2023-12-31,2023-12-31,1,1,6,3,0.5,2017.0,2023-10-11,4,1.5,2,1,1.1267352185089974,0.5,4,0,0.0,0,1
103,2024,2024-12-31,2024-12-31,1,1,6,3,0.5,2017.0,2023-10-11,5,0.0,1,0,0.9482907832107312,0.6,4,0,0.0,0,1
104,2021,2021-12-31,2021-12-31,1,1,19,1,0.0526315789473684,2014.0,2021-11-16,2,,17,17,2.273836828309306,0.5,5,2,0.0,1,0
104,2022,2022-12-31,2022-12-31,1,1,20,1,0.05,2014.0,2022-01-21,2,0.1764705882352941,18,1,2.13784021071115,0.5,5,0,0.0,0,0
104,2023,2023-12-31,2023-12-31,1,1,20,1,0.05,2014.0,2022-01-21,2,0.0,18,0,1.9315177154944476,0.5,5,0,0.0,0,0
104,2024,2024-12-31,2024-12-31,1,1,20,2,0.1,2014.0,2022-01-21,19,0.0,1,0,1.761089681774349,0.1052631578947368,5,0,0.0,0,0
105,2021,2021-12-31,2021-12-31,0,1,0,0,,,,0,,0,0,0.0,,0,0,,0,0
105,2022,2022-12-31,2022-12-31,0,1,0,0,,,,0,,0,0,0.0,,0,0,,0,0
105,2023,2023-12-31,2023-12-31,0,1,0,0,,,,0,,0,0,0.0,,0,0,,0,0
105,2024,2024-12-31,2024-12-31,0,1,0,0,,,,0,,0,0,0.0,,0,0,,0,0
106,2021,2021-12-31,2021-12-31,1,1,1,0,0.0,2021.0,2021-10-14,0,,1,1,0.6330155979202773,,3,3,0.0,1,1
106,2022,2022-12-31,2022-12-31,1,1,7,0,0.0,2021.0,2022-10-17,0,18.0,7,6,2.714171974522293,,10,7,0.0,0,1
106,2023,2023-12-31,2023-12-31,1,1,9,0,0.0,2021.0,2023-06-01,0,0.8571428571428571,9,2,2.5151109410864576,,10,0,0.1111111111111111,0,1
106,2024,2024-12-31,2024-12-31,1,1,10,1,0.1,2021.0,2024-11-26,1,0.3333333333333333,9,1,2.18320382546324,0.0,10,0,0.1,0,1
107,2021,2021-12-31,2021-12-31,1,1,1,0,0.0,2021.0,2021-07-15,0,,1,1,1.0,,4,4,0.0,1,1
107,2022,2022-12-31,2022-12-31,1,1,1,0,0.0,2021.0,2021-07-15,0,0.0,1,0,0.5698127925117005,,4,0,0.0,0,1
107,2023,2023-12-31,2023-12-31,1,1,1,0,0.0,2021.0,2021-07-15,0,0.0,1,0,0.3630715705765407,,4,0,0.0,0,1
107,2024,2024-12-31,2024-12-31,1,1,1,0,0.0,2021.0,2021-07-15,1,0.0,0,0,0.2662172011661807,0.0,4,0,0.0,0,1
108,2021,2021-12-31,2021-12-31,1,1,19,15,0.7894736842105263,2017.0,2021-11-08,5,1.0,14,4,3.4543305126928816,0.8,5,0,0.0526315789473684,0,1
108,2022,2022-12-31,2022-12-31,1,1,20,16,0.8,2017.0,2022-10-07,9,0.2142857142857142,11,1,3.0770850884582983,1.0,5,0,0.05,0,1
108,2023,2023-12-31,2023-12-31,1,1,25,17,0.68,2017.0,2023-09-27,15,1.3636363636363638,10,5,3.333789704271632,1.0,5,0,0.04,0,1
108,2024,2024-12-31,2024-12-31,1,1,28,17,0.6071428571428571,2017.0,2024-12-23,19,0.8999999999999999,9,3,3.293719806763285,0.8947368421052632,5,0,0.0714285714285714,0,1
109,2021,2021-12-31,2021-12-31,1,1,23,12,0.5217391304347826,2018.0,2021-08-20,6,0.8333333333333334,17,5,6.417685255920549,0.8333333333333334,5,2,0.4782608695652174,0,1
109,2022,2022-12-31,2022-12-31,1,1,49,21,0.4285714285714285,2018.0,2022-12-30,12,4.588235294117647,37,26,10.6913082437276,0.9166666666666666,6,1,0.2857142857142857,0,1
109,2023,2023-12-31,2023-12-31,1,1,66,24,0.3636363636363636,2018.0,2023-12-26,18,1.3783783783783785,48,17,11.82270720941638,1.0,9,3,0.2575757575757575,0,1
109,2024,2024-12-31,2024-12-31,1,1,95,26,0.2736842105263158,2018.0,2024-12-16,23,1.8125,72,29,14.427754677754676,1.0,10,1,0.2526315789473684,0,1
110,2021,2021-12-31,2021-12-31,1,1,1,0,0.0,2018.0,2018-08-08,1,0.0,0,0,0.1579118028534371,0.0,1,0,0.0,0,0
110,2022,2022-12-31,2022-12-31,1,1,1,0,0.0,2018.0,2018-08-08,1,,0,0,0.1363890963405526,0.0,1,0,0.0,0,0
110,2023,2023-12-31,2023-12-31,1,1,1,0,0.0,2018.0,2018-08-08,1,,0,0,0.1200295760762405,0.0,1,0,0.0,0,0
110,2024,2024-12-31,2024-12-31,1,1,1,0,0.0,2018.0,2018-08-08,1,,0,0,0.1071428571428571,0.0,1,0,0.0,0,0
111,2021,2021-12-31,2021-12-31,1,1,1,0,0.0,2021.0,2021-03-26,0,,1,1,0.2979200652528548,,1,1,0.0,1,1
111,2022,2022-12-31,2022-12-31,1,1,3,0,0.0,2021.0,2022-12-29,0,6.0,3,2,0.6887177875549968,,6,5,0.0,0,1
111,2023,2023-12-31,2023-12-31,1,1,3,0,0.0,2021.0,2022-12-29,0,0.0,3,0,0.5601993865030674,,6,0,0.0,0,1
111,2024,2024-12-31,2024-12-31,1,1,4,1,0.25,2021.0,2024-12-03,1,1.0,3,1,0.6291989664082688,0.0,7,1,0.0,0,1
112,2021,2021-12-31,2021-12-31,1,1,20,1,0.05,2020.0,2021-12-21,0,2.4545454545454546,20,9,6.174978867286559,,9,1,0.0,0,0
112,2022,2022-12-31,2022-12-31,1,1,48,14,0.2916666666666667,2020.0,2022-12-07,0,4.2,48,28,11.325581395348838,,11,2,0.0208333333333333,0,0
112,2023,2023-12-31,2023-12-31,1,1,55,34,0.6181818181818182,2020.0,2023-11-24,11,0.4375,44,7,10.501176163094616,0.6363636363636364,11,0,0.0181818181818181,0,0
112,2024,2024-12-31,2024-12-31,1,1,60,41,0.6833333333333333,2020.0,2024-10-28,20,0.3409090909090909,40,5,9.616059675296182,0.85,11,0,0.0166666666666666,0,0
113,2021,2021-12-31,2021-12-31,1,1,7,4,0.5714285714285714,2018.0,2021-11-19,1,7.5,6,5,1.0145833333333334,1.0,9,6,0.7142857142857143,0,0
113,2022,2022-12-31,2022-12-31,1,1,12,5,0.4166666666666667,2018.0,2022-11-23,2,2.5,10,5,1.5192374350086657,1.0,9,0,0.4166666666666667,0,0
113,2023,2023-12-31,2023-12-31,1,1,18,10,0.5555555555555556,2018.0,2023-11-16,2,1.7999999999999998,16,6,2.022923076923077,1.0,9,0,0.3333333333333333,0,0
113,2024,2024-12-31,2024-12-31,1,1,19,11,0.5789473684210527,2018.0,2024-09-24,7,0.1875,12,1,1.919178650442478,1.0,9,0,0.3157894736842105,0,0
114,2021,2021-12-31,2021-12-31,1,1,2,0,0.0,2021.0,2021-12-30,0,,2,2,2.0,,3,3,0.0,1,1
114,2022,2022-12-31,2022-12-31,1,1,3,0,0.0,2021.0,2022-11-15,0,1.5,3,1,2.2546296296296298,,4,1,0.0,0,1
114,2023,2023-12-31,2023-12-31,1,1,10,2,0.2,2021.0,2023-12-06,0,7.0,10,7,4.292009400705053,,7,3,0.0,0,1
114,2024,2024-12-31,2024-12-31,1,1,10,4,0.4,2021.0,2023-12-06,2,0.0,8,0,3.0012325390304024,0.5,7,0,0.0,0,1
115,2021,2021-12-31,2021-12-31,1,1,34,25,0.7352941176470589,2016.0,2021-12-13,12,1.3043478260869563,22,10,5.45628295254833,1.0,7,1,0.0294117647058823,0,0
115,2022,2022-12-31,2022-12-31,1,1,38,30,0.7894736842105263,2016.0,2022-06-28,17,0.5454545454545455,21,4,5.255395683453238,1.0,9,2,0.0526315789473684,0,0
115,2023,2023-12-31,2023-12-31,1,1,43,32,0.7441860465116279,2016.0,2023-11-23,24,0.7142857142857143,19,5,5.224800399201596,0.9166666666666666,9,0,0.0465116279069767,0,0
115,2024,2024-12-31,2024-12-31,1,1,51,36,0.7058823529411765,2016.0,2024-10-30,34,1.2631578947368425,17,8,5.524243772241993,0.8823529411764706,9,0,0.0392156862745098,0,0
116,2021,2021-12-31,2021-12-31,0,1,0,0,,,,0,,0,0,0.0,,0,0,,0,1
116,2022,2022-12-31,2022-12-31,0,1,0,0,,,,0,,0,0,0.0,,0,0,,0,1
116,2023,2023-12-31,2023-12-31,0,1,0,0,,,,0,,0,0,0.0,,0,0,,0,1
116,2024,2024-12-31,2024-12-31,0,1,0,0,,,,0,,0,0,0.0,,0,0,,0,1
117,2021,2021-12-31,2021-12-31,1,1,4,0,0.0,2021.0,2021-12-16,0,,4,4,2.735955056179776,,4,4,0.0,1,0
117,2022,2022-12-31,2022-12-31,1,1,5,0,0.0,2021.0,2022-07-12,0,0.75,5,1,2.0314238042269186,,4,0,0.0,0,0
117,2023,2023-12-31,2023-12-31,1,1,5,1,0.2,2021.0,2022-07-12,0,0.0,5,0,1.4448180379746836,,4,0,0.0,0,0
117,2024,2024-12-31,2024-12-31,1,1,7,3,0.4285714285714285,2021.0,2024-07-16,4,1.2,3,2,1.568558282208589,0.75,5,1,0.0,0,0
118,2021,2021-12-31,2021-12-31,0,1,0,0,,,,0,,0,0,0.0,,0,0,,0,1
118,2022,2022-12-31,2022-12-31,0,1,0,0,,,,0,,0,0,0.0,,0,0,,0,1
118,2023,2023-12-31,2023-12-31,0,1,0,0,,,,0,,0,0,0.0,,0,0,,0,1
118,2024,2024-12-31,2024-12-31,0,1,0,0,,,,0,,0,0,0.0,,0,0,,0,1
119,2021,2021-12-31,2021-12-31,0,1,0,0,,,,0,,0,0,0.0,,0,0,,0,1
119,2022,2022-12-31,2022-12-31,0,1,0,0,,,,0,,0,0,0.0,,0,0,,0,1
119,2023,2023-12-31,2023-12-31,1,1,1,0,0.0,2023.0,2023-08-11,0,,1,1,0.4292009400705053,,1,1,0.0,1,1
119,2024,2024-12-31,2024-12-31,1,1,2,1,0.5,2023.0,2024-07-30,0,3.0,2,1,0.6002465078060805,,2,1,0.0,0,1
120,2021,2021-12-31,2021-12-31,1,1,2,0,0.0,2020.0,2021-12-15,0,3.0,2,1,1.5443974630021142,,4,3,0.0,0,1
120,2022,2022-12-31,2022-12-31,1,1,3,1,0.3333333333333333,2020.0,2022-02-22,0,1.5,3,1,1.3075775656324582,,5,1,0.0,0,1
120,2023,2023-12-31,2023-12-31,1,1,3,1,0.3333333333333333,2020.0,2022-02-22,1,0.0,2,0,0.9108478802992518,0.0,5,0,0.0,0,1
120,2024,2024-12-31,2024-12-31,1,1,3,1,0.3333333333333333,2020.0,2022-02-22,2,0.0,1,0,0.6983747609942639,0.5,5,0,0.0,0,1
121,2021,2021-12-31,2021-12-31,1,1,2,0,0.0,2016.0,2016-03-11,2,,0,0,0.2857981220657277,0.0,3,0,0.0,0,1
121,2022,2022-12-31,2022-12-31,1,1,2,0,0.0,2016.0,2016-03-11,2,,0,0,0.250085587127696,0.0,3,0,0.0,0,1
121,2023,2023-12-31,2023-12-31,1,1,2,0,0.0,2016.0,2016-03-11,2,,0,0,0.2223067559342665,0.0,3,0,0.0,0,1
121,2024,2024-12-31,2024-12-31,1,1,2,0,0.0,2016.0,2016-03-11,2,,0,0,0.2000273822562979,0.0,3,0,0.0,0,1
122,2021,2021-12-31,2021-12-31,1,1,1,0,0.0,2021.0,2021-09-14,0,,1,1,0.6957142857142857,,2,2,0.0,1,0
122,2022,2022-12-31,2022-12-31,1,1,2,1,0.5,2021.0,2022-12-27,0,3.0,2,1,0.8207865168539326,,3,1,0.0,0,0
122,2023,2023-12-31,2023-12-31,1,1,5,1,0.2,2021.0,2023-12-14,0,4.5,5,3,1.455179282868526,,5,2,0.0,0,0
122,2024,2024-12-31,2024-12-31,1,1,6,1,0.1666666666666666,2021.0,2024-11-27,1,0.6,5,1,1.351943244910549,1.0,9,4,0.0,0,0
123,2021,2021-12-31,2021-12-31,1,1,2,1,0.5,2018.0,2021-08-24,1,3.0,1,1,0.368195564516129,1.0,1,0,0.0,0,0
123,2022,2022-12-31,2022-12-31,1,1,2,1,0.5,2018.0,2021-08-24,1,0.0,1,0,0.3109833971902938,1.0,1,0,0.0,0,0
123,2023,2023-12-31,2023-12-31,1,1,2,1,0.5,2018.0,2021-08-24,1,0.0,1,0,0.2691599115696389,1.0,1,0,0.0,0,0
123,2024,2024-12-31,2024-12-31,1,1,2,2,1.0,2018.0,2021-08-24,2,0.0,0,0,0.2371753246753246,1.0,1,0,0.0,0,0
124,2021,2021-12-31,2021-12-31,0,1,0,0,,,,0,,0,0,0.0,,0,0,,0,1
124,2022,2022-12-31,2022-12-31,0,1,0,0,,,,0,,0,0,0.0,,0,0,,0,1
124,2023,2023-12-31,2023-12-31,0,1,0,0,,,,0,,0,0,0.0,,0,0,,0,1
124,2024,2024-12-31,2024-12-31,0,1,0,0,,,,0,,0,0,0.0,,0,0,,0,1
125,2021,2021-12-31,2021-12-31,1,1,3,2,0.6666666666666666,2016.0,2018-07-20,3,0.0,0,0,0.4206333973128598,0.6666666666666666,2,0,0.0,0,0
125,2022,2022-12-31,2022-12-31,1,1,4,2,0.5,2016.0,2022-03-21,3,,1,1,0.4919191919191919,0.6666666666666666,3,1,0.0,1,0
125,2023,2023-12-31,2023-12-31,1,1,4,2,0.5,2016.0,2022-03-21,3,0.0,1,0,0.4380809595202399,0.6666666666666666,3,0,0.0,0,0
125,2024,2024-12-31,2024-12-31,1,1,4,2,0.5,2016.0,2022-03-21,3,0.0,1,0,0.3947581734666306,0.6666666666666666,3,0,0.0,0,0
126,2021,2021-12-31,2021-12-31,0,1,0,0,,,,0,,0,0,0.0,,0,0,,0,1
126,2022,2022-12-31,2022-12-31,1,1,1,0,0.0,2022.0,2022-12-01,0,,1,1,0.4053829078801331,,3,3,0.0,1,1
126,2023,2023-12-31,2023-12-31,1,1,1,0,0.0,2022.0,2022-12-01,0,0.0,1,0,0.2885071090047393,,3,0,0.0,0,1
126,2024,2024-12-31,2024-12-31,1,1,3,0,0.0,2022.0,2024-11-29,0,6.0,3,2,0.6714154411764707,,7,4,0.3333333333333333,0,1
127,2021,2021-12-31,2021-12-31,0,1,0,0,,,,0,,0,0,0.0,,0,0,,0,1
127,2022,2022-12-31,2022-12-31,0,1,0,0,,,,0,,0,0,0.0,,0,0,,0,1
127,2023,2023-12-31,2023-12-31,0,1,0,0,,,,0,,0,0,0.0,,0,0,,0,1
127,2024,2024-12-31,2024-12-31,1,1,1,0,0.0,2024.0,2024-12-03,0,,1,1,0.1333029197080292,,2,2,0.0,1,1
128,2021,2021-12-31,2021-12-31,1,1,2,0,0.0,2019.0,2020-04-14,0,0.0,2,0,0.7492307692307693,,3,0,0.0,0,1
128,2022,2022-12-31,2022-12-31,1,1,4,2,0.5,2019.0,2022-12-27,1,3.0,3,2,1.0902985074626863,1.0,9,6,0.5,0,1
128,2023,2023-12-31,2023-12-31,1,1,4,4,1.0,2019.0,2022-12-27,2,0.0,2,0,0.8568914956011731,1.0,9,0,0.5,0,1
128,2024,2024-12-31,2024-12-31,1,1,7,4,0.5714285714285714,2019.0,2024-11-29,2,4.5,5,3,1.2345485272815064,1.0,12,3,0.4285714285714285,0,1
129,2021,2021-12-31,2021-12-31,1,1,2,0,0.0,2020.0,2021-01-14,0,3.0,2,1,0.9235145385587864,,5,3,1.0,0,1
129,2022,2022-12-31,2022-12-31,1,1,2,1,0.5,2020.0,2021-01-14,0,0.0,2,0,0.6319204152249135,,5,0,1.0,0,1
129,2023,2023-12-31,2023-12-31,1,1,4,2,0.5,2020.0,2023-11-15,1,3.0,3,2,0.960552268244576,1.0,9,4,1.0,0,1
129,2024,2024-12-31,2024-12-31,1,1,4,2,0.5,2020.0,2023-11-15,2,0.0,2,0,0.7742448330683624,1.0,9,0,1.0,0,1
130,2021,2021-12-31,2021-12-31,1,1,4,3,0.75,2020.0,2020-12-06,0,0.0,4,0,0.9798792756539236,,14,0,0.0,0,1
130,2022,2022-12-31,2022-12-31,1,1,7,4,0.5714285714285714,2020.0,2022-11-30,0,2.25,7,3,1.3775592672413792,,25,11,0.0,0,1
130,2023,2023-12-31,2023-12-31,1,1,7,6,0.8571428571428571,2020.0,2022-11-30,4,0.0,3,0,1.1511706438541196,1.0,25,0,0.0,0,1
130,2024,2024-12-31,2024-12-31,1,1,13,8,0.6153846153846154,2020.0,2024-09-30,4,6.0,9,6,1.835427135678392,1.0,25,0,0.0,0,1
131,2021,2021-12-31,2021-12-31,0,1,0,0,,,,0,,0,0,0.0,,0,0,,0,1
131,2022,2022-12-31,2022-12-31,0,1,0,0,,,,0,,0,0,0.0,,0,0,,0,1
131,2023,2023-12-31,2023-12-31,0,1,0,0,,,,0,,0,0,0.0,,0,0,,0,1
131,2024,2024-12-31,2024-12-31,0,1,0,0,,,,0,,0,0,0.0,,0,0,,0,1
132,2021,2021-12-31,2021-12-31,1,1,2,2,1.0,2017.0,2017-06-14,2,,0,0,0.4363799283154121,1.0,2,0,0.0,0,1
132,2022,2022-12-31,2022-12-31,1,1,2,2,1.0,2017.0,2017-06-14,2,,0,0,0.3582638548307994,1.0,2,0,0.0,0,1
132,2023,2023-12-31,2023-12-31,1,1,2,2,1.0,2017.0,2017-06-14,2,,0,0,0.3038685524126456,1.0,2,0,0.0,0,1
132,2024,2024-12-31,2024-12-31,1,1,2,2,1.0,2017.0,2017-06-14,2,,0,0,0.2637184115523466,1.0,2,0,0.0,0,1
133,2021,2021-12-31,2021-12-31,1,1,1,1,1.0,2015.0,2015-01-23,1,,0,0,0.1263840830449827,1.0,1,0,1.0,0,1
133,2022,2022-12-31,2022-12-31,1,1,1,1,1.0,2015.0,2015-01-23,1,,0,0,0.1122119815668202,1.0,1,0,1.0,0,1
133,2023,2023-12-31,2023-12-31,1,1,1,1,1.0,2015.0,2015-01-23,1,,0,0,0.1008977900552486,1.0,1,0,1.0,0,1
133,2024,2024-12-31,2024-12-31,1,1,1,1,1.0,2015.0,2015-01-23,1,,0,0,0.0916332162568991,1.0,1,0,1.0,0,1
134,2021,2021-12-31,2021-12-31,1,1,15,12,0.8,2021.0,2021-12-14,0,,15,15,3.400837988826815,,21,21,0.0,1,1
134,2022,2022-12-31,2022-12-31,1,1,17,13,0.7647058823529411,2021.0,2022-11-10,0,0.4,17,2,3.142332995951417,,23,2,0.0,0,1
134,2023,2023-12-31,2023-12-31,1,1,19,14,0.7368421052631579,2021.0,2023-10-31,0,0.3529411764705882,19,2,2.964438274241777,,23,0,0.0,0,1
134,2024,2024-12-31,2024-12-31,1,1,23,14,0.6086956521739131,2021.0,2024-11-27,15,0.6315789473684211,8,4,3.103343184336904,0.9333333333333332,25,2,0.0,0,1
135,2021,2021-12-31,2021-12-31,1,1,6,3,0.5,2021.0,2021-07-23,0,,6,6,3.999087591240876,,11,11,0.0,1,1
135,2022,2022-12-31,2022-12-31,1,1,12,12,1.0,2021.0,2022-05-26,0,3.0,12,6,4.80065717415115,,15,4,0.0,0,1
135,2023,2023-12-31,2023-12-31,1,1,15,12,0.8,2021.0,2023-09-26,0,0.75,15,3,4.286971830985916,,15,0,0.0,0,1
135,2024,2024-12-31,2024-12-31,1,1,15,15,1.0,2021.0,2023-09-26,6,0.0,9,0,3.33257299270073,1.0,15,0,0.0,0,1
136,2021,2021-12-31,2021-12-31,0,1,0,0,,,,0,,0,0,0.0,,0,0,,0,1
136,2022,2022-12-31,2022-12-31,0,1,0,0,,,,0,,0,0,0.0,,0,0,,0,1
136,2023,2023-12-31,2023-12-31,1,1,2,0,0.0,2023.0,2023-12-22,0,,2,2,0.3985270049099836,,3,3,0.0,1,1
136,2024,2024-12-31,2024-12-31,1,1,2,0,0.0,2023.0,2023-12-22,0,0.0,2,0,0.3321964529331514,,3,0,0.0,0,1
138,2021,2021-12-31,2021-12-31,0,1,0,0,,,,0,,0,0,0.0,,0,0,,0,1
138,2022,2022-12-31,2022-12-31,0,1,0,0,,,,0,,0,0,0.0,,0,0,,0,1
138,2023,2023-12-31,2023-12-31,1,1,1,0,0.0,2023.0,2023-11-20,0,,1,1,0.1764492753623188,,2,2,0.0,1,1
138,2024,2024-12-31,2024-12-31,1,1,1,0,0.0,2023.0,2023-11-20,0,0.0,1,0,0.1499384236453202,,2,0,0.0,0,1
139,2021,2021-12-31,2021-12-31,1,1,4,3,0.75,2015.0,2019-10-22,1,0.0,3,0,0.5490417136414881,1.0,5,0,0.0,0,1
139,2022,2022-12-31,2022-12-31,1,1,4,3,0.75,2015.0,2019-10-22,4,0.0,0,0,0.4828155981493721,0.75,5,0,0.0,0,1
139,2023,2023-12-31,2023-12-31,1,1,4,3,0.75,2015.0,2019-10-22,4,,0,0,0.4308463580064878,0.75,5,0,0.0,0,1
139,2024,2024-12-31,2024-12-31,1,1,4,3,0.75,2015.0,2019-10-22,4,,0,0,0.3888741016768698,0.75,5,0,0.0,0,1
140,2021,2021-12-31,2021-12-31,1,1,2,0,0.0,2020.0,2020-11-12,0,0.0,2,0,0.4269433080070134,,2,0,0.0,0,0
140,2022,2022-12-31,2022-12-31,1,1,6,0,0.0,2020.0,2022-12-17,0,6.0,6,4,1.055635838150289,,6,4,0.1666666666666666,0,0
140,2023,2023-12-31,2023-12-31,1,1,6,0,0.0,2020.0,2022-12-17,2,0.0,4,0,0.8977877918885703,0.0,6,0,0.1666666666666666,0,0
140,2024,2024-12-31,2024-12-31,1,1,6,0,0.0,2020.0,2022-12-17,2,0.0,4,0,0.7807267545422159,0.0,6,0,0.1666666666666666,0,0
141,2021,2021-12-31,2021-12-31,0,1,0,0,,,,0,,0,0,0.0,,0,0,,0,1
141,2022,2022-12-31,2022-12-31,0,1,0,0,,,,0,,0,0,0.0,,0,0,,0,1
141,2023,2023-12-31,2023-12-31,0,1,0,0,,,,0,,0,0,0.0,,0,0,,0,1
141,2024,2024-12-31,2024-12-31,0,1,0,0,,,,0,,0,0,0.0,,0,0,,0,1
142,2021,2021-12-31,2021-12-31,0,1,0,0,,,,0,,0,0,0.0,,0,0,,0,1
142,2022,2022-12-31,2022-12-31,0,1,0,0,,,,0,,0,0,0.0,,0,0,,0,1
142,2023,2023-12-31,2023-12-31,0,1,0,0,,,,0,,0,0,0.0,,0,0,,0,1
142,2024,2024-12-31,2024-12-31,1,1,1,0,0.0,2024.0,2024-01-31,0,,1,1,0.3001232539030402,,2,2,0.0,1,1
143,2021,2021-12-31,2021-12-31,0,1,0,0,,,,0,,0,0,0.0,,0,0,,0,1
143,2022,2022-12-31,2022-12-31,1,1,3,0,0.0,2022.0,2022-12-05,0,,3,3,1.3870253164556965,,8,8,0.0,1,1
143,2023,2023-12-31,2023-12-31,1,1,10,0,0.0,2022.0,2023-12-22,0,7.0,10,7,3.1623376623376624,,12,4,0.0,0,1
143,2024,2024-12-31,2024-12-31,1,1,12,1,0.0833333333333333,2022.0,2024-11-12,0,0.6,12,2,2.881656804733728,,12,0,0.0,0,1
144,2021,2021-12-31,2021-12-31,0,1,0,0,,,,0,,0,0,0.0,,0,0,,0,1
144,2022,2022-12-31,2022-12-31,0,1,0,0,,,,0,,0,0,0.0,,0,0,,0,1
144,2023,2023-12-31,2023-12-31,1,1,5,0,0.0,2023.0,2023-09-07,0,,5,5,1.6147214854111407,,5,5,0.2,1,1
144,2024,2024-12-31,2024-12-31,1,1,5,1,0.2,2023.0,2023-09-07,0,0.0,5,0,1.2199398797595191,,5,0,0.2,0,1
145,2021,2021-12-31,2021-12-31,1,1,4,4,1.0,2017.0,2020-12-28,1,0.0,3,0,0.5997536945812808,1.0,4,0,0.0,0,1
145,2022,2022-12-31,2022-12-31,1,1,6,4,0.6666666666666666,2017.0,2022-12-09,1,2.0,5,2,0.7823991431631561,1.0,6,2,0.0,0,1
145,2023,2023-12-31,2023-12-31,1,1,6,4,0.6666666666666666,2017.0,2022-12-09,4,0.0,2,0,0.6921983575489576,1.0,6,0,0.0,0,1
145,2024,2024-12-31,2024-12-31,1,1,6,4,0.6666666666666666,2017.0,2022-12-09,4,0.0,2,0,0.6204699886749717,1.0,6,0,0.0,0,1
146,2021,2021-12-31,2021-12-31,1,1,13,5,0.3846153846153846,2019.0,2021-12-22,0,6.75,13,9,4.614431486880467,,12,3,0.0,0,0
146,2022,2022-12-31,2022-12-31,1,1,17,13,0.7647058823529411,2019.0,2022-10-21,3,0.9230769230769232,14,4,4.454268292682927,1.0,12,0,0.0,0,0
146,2023,2023-12-31,2023-12-31,1,1,17,16,0.9411764705882352,2019.0,2022-10-21,4,0.0,13,0,3.5299886299033543,1.0,12,0,0.0,0,0
146,2024,2024-12-31,2024-12-31,1,1,21,16,0.7619047619047619,2019.0,2024-12-27,13,0.9230769230769232,8,4,3.609529411764706,1.0,14,2,0.0,0,0
147,2021,2021-12-31,2021-12-31,0,1,0,0,,,,0,,0,0,0.0,,0,0,,0,1
147,2022,2022-12-31,2022-12-31,0,1,0,0,,,,0,,0,0,0.0,,0,0,,0,1
147,2023,2023-12-31,2023-12-31,0,1,0,0,,,,0,,0,0,0.0,,0,0,,0,1
147,2024,2024-12-31,2024-12-31,1,1,1,1,1.0,2024.0,2024-05-17,0,,1,1,0.2550628491620111,,3,3,0.0,1,1
148,2021,2021-12-31,2021-12-31,0,1,0,0,,,,0,,0,0,0.0,,0,0,,0,1
148,2022,2022-12-31,2022-12-31,0,1,0,0,,,,0,,0,0,0.0,,0,0,,0,1
148,2023,2023-12-31,2023-12-31,0,1,0,0,,,,0,,0,0,0.0,,0,0,,0,1
148,2024,2024-12-31,2024-12-31,0,1,0,0,,,,0,,0,0,0.0,,0,0,,0,1
149,2021,2021-12-31,2021-12-31,1,1,3,0,0.0,2019.0,2021-12-01,0,1.5,3,1,1.9995437956204376,,12,3,0.0,0,1
149,2022,2022-12-31,2022-12-31,1,1,4,2,0.5,2019.0,2022-09-14,1,1.0,3,1,1.6002190580503832,1.0,13,1,0.0,0,1
149,2023,2023-12-31,2023-12-31,1,1,6,2,0.3333333333333333,2019.0,2023-12-11,2,2.0,4,2,1.7147887323943662,1.0,16,3,0.0,0,1
149,2024,2024-12-31,2024-12-31,1,1,6,2,0.3333333333333333,2019.0,2023-12-11,3,0.0,3,0,1.333029197080292,0.6666666666666666,16,0,0.0,0,1
150,2021,2021-12-31,2021-12-31,0,1,0,0,,,,0,,0,0,0.0,,0,0,,0,1
150,2022,2022-12-31,2022-12-31,0,1,0,0,,,,0,,0,0,0.0,,0,0,,0,1
150,2023,2023-12-31,2023-12-31,0,1,0,0,,,,0,,0,0,0.0,,0,0,,0,1
150,2024,2024-12-31,2024-12-31,0,1,0,0,,,,0,,0,0,0.0,,0,0,,0,1
151,2021,2021-12-31,2021-12-31,1,1,22,10,0.4545454545454545,2018.0,2021-12-31,3,5.25,19,14,6.443865276663994,1.0,20,8,0.1363636363636363,0,0
151,2022,2022-12-31,2022-12-31,1,1,30,17,0.5666666666666667,2018.0,2022-10-25,4,1.2631578947368425,26,8,6.797456575682381,1.0,24,4,0.1333333333333333,0,0
151,2023,2023-12-31,2023-12-31,1,1,35,22,0.6285714285714286,2018.0,2023-12-27,8,0.576923076923077,27,5,6.466236722306525,1.0,25,1,0.1428571428571428,0,0
151,2024,2024-12-31,2024-12-31,1,1,36,28,0.7777777777777778,2018.0,2024-07-17,22,0.1111111111111111,14,1,5.612035851472472,1.0,26,1,0.1388888888888889,0,0
251,2021,2021-12-31,2021-12-31,1,1,17,8,0.4705882352941176,2018.0,2021-07-20,6,0.6428571428571428,11,3,4.432012847965739,0.6666666666666666,25,4,0.0588235294117647,0,1
251,2022,2022-12-31,2022-12-31,1,1,19,10,0.5263157894736842,2018.0,2022-07-27,10,0.5454545454545455,9,2,3.929643261608154,0.8,27,2,0.0526315789473684,0,1
251,2023,2023-12-31,2023-12-31,1,1,21,15,0.7142857142857143,2018.0,2023-05-02,14,0.6666666666666666,7,2,3.5993664946034727,0.8571428571428571,29,2,0.0476190476190476,0,1
251,2024,2024-12-31,2024-12-31,1,1,22,16,0.7272727272727273,2018.0,2024-05-30,17,0.4285714285714285,5,1,3.2180616740088106,0.8823529411764706,30,1,0.0909090909090909,0,1
252,2021,2021-12-31,2021-12-31,1,1,6,3,0.5,2019.0,2021-05-31,0,0.6,6,1,1.5346638655462184,,8,1,0.0,0,1
252,2022,2022-12-31,2022-12-31,1,1,8,3,0.375,2019.0,2022-12-29,4,1.0,4,2,1.6296709425543785,0.5,10,2,0.0,0,1
252,2023,2023-12-31,2023-12-31,1,1,8,3,0.375,2019.0,2022-12-29,5,0.0,3,0,1.3540315106580167,0.6,10,0,0.0,0,1
252,2024,2024-12-31,2024-12-31,1,1,12,3,0.25,2019.0,2024-12-13,6,4.0,6,4,1.7365293185419968,0.5,11,1,0.0,0,1
253,2021,2021-12-31,2021-12-31,1,1,5,3,0.6,2019.0,2021-12-01,0,0.75,5,1,1.5476694915254237,,9,1,0.2,0,1
253,2022,2022-12-31,2022-12-31,1,1,10,4,0.4,2019.0,2022-12-29,1,3.0,9,5,2.3640776699029127,1.0,14,5,0.1,0,1
253,2023,2023-12-31,2023-12-31,1,1,13,5,0.3846153846153846,2019.0,2023-11-06,4,1.0,9,3,2.4859947643979057,1.0,17,3,0.0769230769230769,0,1
253,2024,2024-12-31,2024-12-31,1,1,23,5,0.217391304347826,2019.0,2024-12-10,5,3.333333333333333,18,10,3.691014938488576,1.0,18,1,0.0434782608695652,0,1
254,2021,2021-12-31,2021-12-31,1,1,1,1,1.0,2020.0,2020-10-29,0,0.0,1,0,0.3877388535031847,,2,0,0.0,0,1
254,2022,2022-12-31,2022-12-31,1,1,3,1,0.3333333333333333,2020.0,2022-12-23,0,6.0,3,2,0.8383703136954859,,3,1,0.0,0,1
254,2023,2023-12-31,2023-12-31,1,1,3,1,0.3333333333333333,2020.0,2022-12-23,1,0.0,2,0,0.6553528708133971,1.0,3,0,0.0,0,1
254,2024,2024-12-31,2024-12-31,1,1,7,1,0.1428571428571428,2020.0,2024-12-31,1,6.0,6,4,1.2545387634936211,1.0,7,4,0.0,0,1
255,2021,2021-12-31,2021-12-31,1,1,7,5,0.7142857142857143,2016.0,2021-11-23,3,2.0,4,2,1.2405385735080057,1.0,15,0,0.1428571428571428,0,1
255,2022,2022-12-31,2022-12-31,1,1,7,6,0.8571428571428571,2016.0,2021-11-23,4,0.0,3,0,1.0538953009068426,1.0,15,0,0.1428571428571428,0,1
255,2023,2023-12-31,2023-12-31,1,1,7,7,1.0,2016.0,2021-11-23,5,0.0,2,0,0.9160695091365102,1.0,15,0,0.1428571428571428,0,1
255,2024,2024-12-31,2024-12-31,1,1,7,7,1.0,2016.0,2021-11-23,7,0.0,0,0,0.8098669623059866,1.0,15,0,0.1428571428571428,0,1
256,2021,2021-12-31,2021-12-31,1,1,5,0,0.0,2020.0,2021-10-13,0,2.0,5,2,4.611742424242424,,6,5,0.0,0,1
256,2022,2022-12-31,2022-12-31,1,1,10,1,0.1,2020.0,2022-09-29,0,3.0,10,5,4.799605781865966,,9,3,0.4,0,1
256,2023,2023-12-31,2023-12-31,1,1,17,5,0.2941176470588235,2020.0,2023-12-06,3,2.1,14,7,5.51443161634103,0.0,11,2,0.2352941176470588,0,1
256,2024,2024-12-31,2024-12-31,1,1,22,6,0.2727272727272727,2020.0,2024-12-26,5,1.0714285714285714,17,5,5.385723860589812,0.2,13,2,0.2272727272727272,0,1
257,2021,2021-12-31,2021-12-31,1,1,9,3,0.3333333333333333,2018.0,2021-12-23,1,24.0,8,8,1.1038448623237072,0.0,10,8,0.1111111111111111,0,0
257,2022,2022-12-31,2022-12-31,1,1,18,7,0.3888888888888889,2018.0,2022-11-30,1,3.375,17,9,1.9666467244989527,0.0,14,4,0.0555555555555555,0,0
257,2023,2023-12-31,2023-12-31,1,1,31,13,0.4193548387096774,2018.0,2023-08-24,1,2.294117647058824,30,13,3.0536003236245954,0.0,25,11,0.1612903225806451,0,0
257,2024,2024-12-31,2024-12-31,1,1,48,24,0.5,2018.0,2024-12-27,9,1.7,39,17,4.303387334315169,1.0,32,7,0.125,0,0
258,2021,2021-12-31,2021-12-31,1,1,14,6,0.4285714285714285,2017.0,2021-12-31,3,4.8,11,8,2.140435328589368,1.0,13,3,0.0714285714285714,0,0
258,2022,2022-12-31,2022-12-31,1,1,16,7,0.4375,2017.0,2022-08-04,5,0.5454545454545455,11,2,2.122004357298475,1.0,15,2,0.0625,0,0
258,2023,2023-12-31,2023-12-31,1,1,16,12,0.75,2017.0,2022-08-04,6,0.0,10,0,1.8736774607245916,1.0,15,0,0.0625,0,0
258,2024,2024-12-31,2024-12-31,1,1,19,14,0.7368421052631579,2017.0,2024-11-06,14,0.8999999999999999,5,3,1.991319942611191,0.9285714285714286,16,1,0.0526315789473684,0,0
259,2021,2021-12-31,2021-12-31,1,1,1,1,1.0,2020.0,2020-09-28,0,0.0,1,0,0.5484234234234234,,3,0,1.0,0,1
259,2022,2022-12-31,2022-12-31,1,1,1,1,1.0,2020.0,2020-09-28,0,0.0,1,0,0.3542677012609117,,3,0,1.0,0,1
259,2023,2023-12-31,2023-12-31,1,1,1,1,1.0,2020.0,2020-09-28,1,0.0,0,0,0.2616404011461318,1.0,3,0,1.0,0,1
259,2024,2024-12-31,2024-12-31,1,1,2,1,0.5,2020.0,2024-07-19,1,,1,1,0.4145856980703746,1.0,5,2,0.5,1,1
260,2021,2021-12-31,2021-12-31,1,1,6,1,0.1666666666666666,2020.0,2021-12-28,0,6.0,6,4,2.1676557863501484,,8,5,0.1666666666666666,0,1
260,2022,2022-12-31,2022-12-31,1,1,10,3,0.3,2020.0,2022-09-28,0,2.0,10,4,2.654433139534884,,12,4,0.1,0,1
260,2023,2023-12-31,2023-12-31,1,1,13,6,0.4615384615384615,2020.0,2023-11-24,2,0.8999999999999999,11,3,2.7273118897185524,1.0,15,3,0.0769230769230769,0,1
260,2024,2024-12-31,2024-12-31,1,1,14,8,0.5714285714285714,2020.0,2024-10-29,6,0.2727272727272727,8,1,2.4269102990033224,0.8333333333333334,15,0,0.0714285714285714,0,1
262,2021,2021-12-31,2021-12-31,1,1,3,0,0.0,2019.0,2021-11-19,0,1.5,3,1,1.2860915492957747,,8,4,0.0,0,1
262,2022,2022-12-31,2022-12-31,1,1,5,1,0.2,2019.0,2022-09-21,1,2.0,4,2,1.5006162695152012,0.0,10,2,0.0,0,1
262,2023,2023-12-31,2023-12-31,1,1,12,1,0.0833333333333333,2019.0,2023-12-22,2,5.25,10,7,2.7705436156763588,0.5,12,2,0.0,0,1
262,2024,2024-12-31,2024-12-31,1,1,16,1,0.0625,2019.0,2024-11-22,3,1.2,13,4,3.0,0.3333333333333333,17,5,0.0,0,1
263,2021,2021-12-31,2021-12-31,1,1,4,1,0.25,2019.0,2021-09-10,0,1.0,4,1,1.0902985074626863,,5,3,0.0,0,1
263,2022,2022-12-31,2022-12-31,1,1,5,3,0.6,2019.0,2022-12-09,1,0.75,4,1,1.0711143695014662,1.0,6,1,0.0,0,1
263,2023,2023-12-31,2023-12-31,1,1,6,4,0.6666666666666666,2019.0,2023-04-12,3,0.75,3,1,1.058695652173913,1.0,7,1,0.0,0,1
263,2024,2024-12-31,2024-12-31,1,1,10,5,0.5,2019.0,2024-12-06,4,4.0,6,4,1.499384236453202,1.0,11,4,0.0,0,1
264,2021,2021-12-31,2021-12-31,1,1,1,0,0.0,2021.0,2021-11-24,0,,1,1,0.808075221238938,,1,1,0.0,1,1
264,2022,2022-12-31,2022-12-31,1,1,1,0,0.0,2021.0,2021-11-24,0,0.0,1,0,0.4470624235006119,,1,0,0.0,0,1
264,2023,2023-12-31,2023-12-31,1,1,4,0,0.0,2021.0,2023-12-20,0,9.0,4,3,1.236040609137056,,1,0,0.0,0,1
264,2024,2024-12-31,2024-12-31,1,1,8,2,0.25,2021.0,2024-11-06,1,3.0,7,4,1.8875968992248064,1.0,2,1,0.0,0,1
265,2021,2021-12-31,2021-12-31,1,1,5,5,1.0,2020.0,2021-03-16,0,2.0,5,2,2.38102998696219,,4,0,0.0,0,1
265,2022,2022-12-31,2022-12-31,1,1,7,5,0.7142857142857143,2020.0,2022-11-23,0,1.2,7,2,2.258613074204947,,4,0,0.0,0,1
265,2023,2023-12-31,2023-12-31,1,1,7,5,0.7142857142857143,2020.0,2022-11-23,3,0.0,4,0,1.7079158316633267,1.0,4,0,0.0,0,1
265,2024,2024-12-31,2024-12-31,1,1,8,5,0.625,2020.0,2024-01-08,5,0.75,3,1,1.568438003220612,1.0,6,2,0.0,0,1
266,2021,2021-12-31,2021-12-31,1,1,6,2,0.3333333333333333,2018.0,2021-11-23,1,6.0,5,4,1.6102130786186628,1.0,8,3,0.0,0,0
266,2022,2022-12-31,2022-12-31,1,1,16,4,0.25,2018.0,2022-12-15,1,6.0,15,10,3.3858632676709157,1.0,11,3,0.0,0,0
266,2023,2023-12-31,2023-12-31,1,1,28,7,0.25,2018.0,2023-11-29,2,2.4,26,12,4.890961262553802,1.0,12,1,0.0714285714285714,0,0
266,2024,2024-12-31,2024-12-31,1,1,51,16,0.3137254901960784,2018.0,2024-12-31,6,2.653846153846154,45,23,7.581501831501832,0.8333333333333334,16,4,0.0588235294117647,0,0
267,2021,2021-12-31,2021-12-31,1,1,5,4,0.8,2019.0,2021-08-12,0,4.5,5,3,1.4256440281030445,,6,3,0.0,0,0
267,2022,2022-12-31,2022-12-31,1,1,5,5,1.0,2019.0,2021-08-12,2,0.0,3,0,1.1095078979343864,1.0,6,0,0.0,0,0
267,2023,2023-12-31,2023-12-31,1,1,9,5,0.5555555555555556,2019.0,2023-09-13,2,4.0,7,4,1.6346345101939332,1.0,7,1,0.0,0,0
267,2024,2024-12-31,2024-12-31,1,1,10,9,0.9,2019.0,2024-08-13,5,0.4285714285714285,5,1,1.5366007572570468,1.0,7,0,0.0,0,0
268,2021,2021-12-31,2021-12-31,1,1,4,0,0.0,2019.0,2021-01-07,0,1.0,4,1,4.0,,8,0,0.0,0,1
268,2022,2022-12-31,2022-12-31,1,1,6,2,0.3333333333333333,2019.0,2022-12-29,1,1.5,5,2,3.798093587521664,0.0,12,4,0.0,0,1
268,2023,2023-12-31,2023-12-31,1,1,10,3,0.3,2019.0,2023-08-03,3,2.4,7,4,3.877388535031847,0.6666666666666666,15,3,0.2,0,1
268,2024,2024-12-31,2024-12-31,1,1,12,4,0.3333333333333333,2019.0,2024-09-26,4,0.8571428571428571,8,2,3.3509174311926606,0.75,18,3,0.1666666666666666,0,1
269,2021,2021-12-31,2021-12-31,0,1,0,0,,,,0,,0,0,0.0,,0,0,,0,1
269,2022,2022-12-31,2022-12-31,0,1,0,0,,,,0,,0,0,0.0,,0,0,,0,1
269,2023,2023-12-31,2023-12-31,0,1,0,0,,,,0,,0,0,0.0,,0,0,,0,1
269,2024,2024-12-31,2024-12-31,0,1,0,0,,,,0,,0,0,0.0,,0,0,,0,1
270,2021,2021-12-31,2021-12-31,0,1,0,0,,,,0,,0,0,0.0,,0,0,,0,1
270,2022,2022-12-31,2022-12-31,1,1,2,0,0.0,2022.0,2022-04-15,0,,2,2,0.7057971014492753,,2,2,0.0,1,1
270,2023,2023-12-31,2023-12-31,1,1,6,1,0.1666666666666666,2022.0,2023-12-11,0,6.0,6,4,1.565357142857143,,6,4,0.0,0,1
270,2024,2024-12-31,2024-12-31,1,1,8,2,0.25,2022.0,2024-12-31,0,1.0,8,2,1.654586636466591,,6,0,0.0,0,1
271,2021,2021-12-31,2021-12-31,1,1,21,11,0.5238095238095238,2017.0,2021-11-24,6,4.714285714285714,15,11,4.343289920724803,1.0,27,17,0.0952380952380952,0,1
271,2022,2022-12-31,2022-12-31,1,1,32,19,0.59375,2017.0,2022-12-15,8,2.2,24,11,5.484748944157673,1.0,32,5,0.0625,0,1
271,2023,2023-12-31,2023-12-31,1,1,34,20,0.5882352941176471,2017.0,2023-11-27,10,0.25,24,2,4.975360576923077,1.0,36,4,0.088235294117647,0,1
271,2024,2024-12-31,2024-12-31,1,1,43,28,0.6511627906976745,2017.0,2024-12-23,21,1.125,22,9,5.487683438155136,0.9523809523809524,39,3,0.0697674418604651,0,1
272,2021,2021-12-31,2021-12-31,1,1,11,2,0.1818181818181818,2019.0,2021-10-25,0,1.7142857142857142,11,4,5.211089494163424,,9,1,0.2727272727272727,0,1
272,2022,2022-12-31,2022-12-31,1,1,18,6,0.3333333333333333,2019.0,2022-12-05,2,1.9090909090909087,16,7,5.787411971830985,0.5,17,8,0.2222222222222222,0,1
272,2023,2023-12-31,2023-12-31,1,1,21,6,0.2857142857142857,2019.0,2023-04-10,7,0.5625,14,3,5.110093271152564,0.7142857142857143,18,1,0.1904761904761904,0,1
272,2024,2024-12-31,2024-12-31,1,1,21,8,0.3809523809523809,2019.0,2023-04-10,11,0.0,10,0,4.108328869844671,0.7272727272727273,18,0,0.1904761904761904,0,1
273,2021,2021-12-31,2021-12-31,1,1,12,5,0.4166666666666667,2017.0,2021-09-15,5,0.75,7,2,1.901518438177874,0.8,12,0,0.0833333333333333,0,1
273,2022,2022-12-31,2022-12-31,1,1,13,7,0.5384615384615384,2017.0,2022-11-15,7,0.4285714285714285,6,1,1.778370786516854,0.8571428571428571,12,0,0.0769230769230769,0,1
273,2023,2023-12-31,2023-12-31,1,1,14,9,0.6428571428571429,2017.0,2023-07-03,10,0.5,4,1,1.6848434925864908,0.9,12,0,0.0714285714285714,0,1
273,2024,2024-12-31,2024-12-31,1,1,19,11,0.5789473684210527,2017.0,2024-11-22,12,3.75,7,5,2.0405027932960893,0.9166666666666666,12,0,0.0526315789473684,0,1
274,2021,2021-12-31,2021-12-31,1,1,9,3,0.3333333333333333,2018.0,2021-12-30,3,2.4,6,4,1.8323578595317724,1.0,14,3,0.0,0,1
274,2022,2022-12-31,2022-12-31,1,1,13,4,0.3076923076923077,2018.0,2022-12-23,4,2.0,9,4,2.1992820750347386,0.75,16,2,0.0,0,1
274,2023,2023-12-31,2023-12-31,1,1,18,5,0.2777777777777778,2018.0,2023-11-23,5,1.6666666666666667,13,5,2.604793977812996,0.8,21,5,0.0,0,1
274,2024,2024-12-31,2024-12-31,1,1,24,6,0.25,2018.0,2024-12-20,9,1.3846153846153848,15,6,3.033217993079585,0.5555555555555556,25,4,0.0,0,1
275,2021,2021-12-31,2021-12-31,0,1,0,0,,,,0,,0,0,0.0,,0,0,,0,0
275,2022,2022-12-31,2022-12-31,0,1,0,0,,,,0,,0,0,0.0,,0,0,,0,0
275,2023,2023-12-31,2023-12-31,0,1,0,0,,,,0,,0,0,0.0,,0,0,,0,0
275,2024,2024-12-31,2024-12-31,1,1,1,0,0.0,2024.0,2024-01-12,0,,1,1,0.1582538994800693,,3,3,1.0,1,0
276,2021,2021-12-31,2021-12-31,1,1,8,8,1.0,2015.0,2020-12-31,3,0.0,5,0,1.62876254180602,1.0,6,0,0.0,0,1
276,2022,2022-12-31,2022-12-31,1,1,11,8,0.7272727272727273,2015.0,2022-12-15,4,1.7999999999999998,7,3,1.860930986567856,1.0,10,4,0.0,0,1
276,2023,2023-12-31,2023-12-31,1,1,13,10,0.7692307692307693,2015.0,2023-09-26,8,0.8571428571428571,5,2,1.8812400950871635,1.0,11,1,0.0,0,1
276,2024,2024-12-31,2024-12-31,1,1,16,14,0.875,2015.0,2024-06-07,8,1.7999999999999998,8,3,2.022145328719723,1.0,14,3,0.0,0,1
277,2021,2021-12-31,2021-12-31,1,1,1,0,0.0,2016.0,2016-04-20,1,,0,0,0.1658719346049046,0.0,3,0,0.0,0,0
277,2022,2022-12-31,2022-12-31,1,1,2,0,0.0,2016.0,2022-10-31,1,,1,1,0.2845734320218153,0.0,6,3,0.0,1,0
277,2023,2023-12-31,2023-12-31,1,1,2,1,0.5,2016.0,2022-10-31,1,0.0,1,0,0.2491473396998635,0.0,6,0,0.0,0,0
277,2024,2024-12-31,2024-12-31,1,1,3,1,0.3333333333333333,2016.0,2024-11-07,1,3.0,2,1,0.3322468162522741,0.0,7,1,0.0,0,0
278,2021,2021-12-31,2021-12-31,0,1,0,0,,,,0,,0,0,0.0,,0,0,,0,1
278,2022,2022-12-31,2022-12-31,0,1,0,0,,,,0,,0,0,0.0,,0,0,,0,1
278,2023,2023-12-31,2023-12-31,0,1,0,0,,,,0,,0,0,0.0,,0,0,,0,1
278,2024,2024-12-31,2024-12-31,0,1,0,0,,,,0,,0,0,0.0,,0,0,,0,1
279,2021,2021-12-31,2021-12-31,1,1,13,6,0.4615384615384615,2016.0,2021-11-18,7,0.375,6,1,1.9254866180048664,0.5714285714285714,12,2,0.0769230769230769,0,1
279,2022,2022-12-31,2022-12-31,1,1,15,6,0.4,2016.0,2022-12-14,10,1.0,5,2,1.9352702225362064,0.6,15,3,0.0666666666666666,0,1
279,2023,2023-12-31,2023-12-31,1,1,15,8,0.5333333333333333,2016.0,2022-12-14,12,0.0,3,0,1.7142521902377974,0.5833333333333334,15,0,0.0666666666666666,0,1
279,2024,2024-12-31,2024-12-31,1,1,16,10,0.625,2016.0,2024-03-20,13,1.0,3,1,1.6406513194834362,0.6923076923076923,15,0,0.0625,0,1
280,2021,2021-12-31,2021-12-31,1,1,10,6,0.6,2016.0,2021-12-03,4,3.0,6,3,2.0694050991501416,0.5,13,4,0.4,0,1
280,2022,2022-12-31,2022-12-31,1,1,15,8,0.5333333333333333,2016.0,2022-11-23,5,2.5,10,5,2.572183098591549,0.6,15,2,0.3333333333333333,0,1
280,2023,2023-12-31,2023-12-31,1,1,17,9,0.5294117647058824,2016.0,2023-09-19,7,0.6,10,2,2.4886773547094188,0.7142857142857143,15,0,0.2941176470588235,0,1
280,2024,2024-12-31,2024-12-31,1,1,19,9,0.4736842105263157,2016.0,2024-12-02,10,0.6,9,2,2.4256378888500523,0.7,16,1,0.2631578947368421,0,1
281,2021,2021-12-31,2021-12-31,1,1,2,2,1.0,2019.0,2019-02-25,0,0.0,2,0,0.3636137381781981,,5,0,0.0,0,1
281,2022,2022-12-31,2022-12-31,1,1,2,2,1.0,2019.0,2019-02-25,2,0.0,0,0,0.3077085088458298,1.0,5,0,0.0,0,1
281,2023,2023-12-31,2023-12-31,1,1,2,2,1.0,2019.0,2019-02-25,2,,0,0,0.2667031763417306,1.0,5,0,0.0,0,1
281,2024,2024-12-31,2024-12-31,1,1,2,2,1.0,2019.0,2019-02-25,2,,0,0,0.2352657004830917,1.0,5,0,0.0,0,1
282,2021,2021-12-31,2021-12-31,1,1,10,4,0.4,2018.0,2021-06-24,1,0.75,9,2,2.7670454545454546,1.0,14,3,0.2,0,1
282,2022,2022-12-31,2022-12-31,1,1,11,9,0.8181818181818182,2018.0,2022-12-15,2,0.3333333333333333,9,1,2.3844213649851635,1.0,15,1,0.1818181818181818,0,1
282,2023,2023-12-31,2023-12-31,1,1,14,9,0.6428571428571429,2018.0,2023-07-05,8,1.0,6,3,2.4943902439024392,0.875,15,0,0.1428571428571428,0,1
282,2024,2024-12-31,2024-12-31,1,1,15,9,0.6,2018.0,2024-01-05,10,0.5,5,1,2.267694536423841,0.9,16,1,0.1333333333333333,0,1
283,2021,2021-12-31,2021-12-31,1,1,5,4,0.8,2013.0,2020-11-27,4,0.0,1,0,0.7689473684210527,0.75,6,0,0.4,0,1
283,2022,2022-12-31,2022-12-31,1,1,6,4,0.6666666666666666,2013.0,2022-11-03,4,3.0,2,1,0.7998175182481752,0.75,9,3,0.3333333333333333,0,1
283,2023,2023-12-31,2023-12-31,1,1,6,4,0.6666666666666666,2013.0,2022-11-03,5,0.0,1,0,0.7057971014492753,0.8,9,0,0.3333333333333333,0,1
283,2024,2024-12-31,2024-12-31,1,1,6,4,0.6666666666666666,2013.0,2022-11-03,5,0.0,1,0,0.6313742437337942,0.8,9,0,0.3333333333333333,0,1
284,2021,2021-12-31,2021-12-31,1,1,14,13,0.9285714285714286,2016.0,2021-11-12,8,0.5,6,1,3.5023972602739724,1.0,21,2,0.0,0,1
284,2022,2022-12-31,2022-12-31,1,1,15,14,0.9333333333333332,2016.0,2022-08-18,11,0.5,4,1,3.002054794520548,1.0,21,0,0.0,0,1
284,2023,2023-12-31,2023-12-31,1,1,16,14,0.875,2016.0,2023-10-16,13,0.75,3,1,2.668493150684932,1.0,21,0,0.0,0,1
284,2024,2024-12-31,2024-12-31,1,1,16,14,0.875,2016.0,2023-10-16,14,0.0,2,0,2.286384976525821,1.0,21,0,0.0,0,1
285,2021,2021-12-31,2021-12-31,1,1,2,2,1.0,2017.0,2017-10-11,2,,0,0,0.5872186495176849,1.0,2,0,0.0,0,1
285,2022,2022-12-31,2022-12-31,1,1,2,2,1.0,2017.0,2017-10-11,2,,0,0,0.4540087010565568,1.0,2,0,0.0,0,1
285,2023,2023-12-31,2023-12-31,1,1,2,2,1.0,2017.0,2017-10-11,2,,0,0,0.3700607902735562,1.0,2,0,0.0,0,1
285,2024,2024-12-31,2024-12-31,1,1,6,3,0.5,2017.0,2024-11-11,2,,4,4,0.9365384615384617,1.0,7,5,0.0,1,1
286,2021,2021-12-31,2021-12-31,1,1,8,4,0.5,2019.0,2021-10-01,0,0.4285714285714285,8,1,1.827392120075047,,10,3,0.25,0,1
286,2022,2022-12-31,2022-12-31,1,1,8,6,0.75,2019.0,2021-10-01,4,0.0,4,0,1.4877800407331976,1.0,10,0,0.25,0,1
286,2023,2023-12-31,2023-12-31,1,1,13,6,0.4615384615384615,2019.0,2023-12-14,7,3.75,6,5,2.0387505367110346,0.8571428571428571,17,7,0.4615384615384615,0,1
286,2024,2024-12-31,2024-12-31,1,1,15,7,0.4666666666666667,2019.0,2024-12-16,8,1.0,7,2,2.032931354359926,0.875,21,4,0.4666666666666667,0,1
287,2021,2021-12-31,2021-12-31,1,1,3,1,0.3333333333333333,2019.0,2021-11-02,0,6.0,3,2,0.7060244845360826,,7,6,0.0,0,1
287,2022,2022-12-31,2022-12-31,1,1,4,1,0.25,2019.0,2022-12-02,1,1.0,3,1,0.7621283255086072,1.0,8,1,0.0,0,1
287,2023,2023-12-31,2023-12-31,1,1,5,3,0.6,2019.0,2023-05-25,1,1.0,4,1,0.8002848378615249,1.0,8,0,0.0,0,1
287,2024,2024-12-31,2024-12-31,1,1,6,3,0.5,2019.0,2024-09-05,3,0.75,3,1,0.8276057401812689,0.6666666666666666,8,0,0.0,0,1
288,2021,2021-12-31,2021-12-31,1,1,12,9,0.75,2014.0,2020-01-28,10,0.0,2,0,1.4847560975609757,0.8,11,0,0.0,0,1
288,2022,2022-12-31,2022-12-31,1,1,15,10,0.6666666666666666,2014.0,2022-12-22,11,4.5,4,3,1.6517184202592703,0.8181818181818182,17,6,0.0,0,1
288,2023,2023-12-31,2023-12-31,1,1,16,10,0.625,2014.0,2023-12-29,12,0.75,4,1,1.5871808799565454,0.8333333333333334,17,0,0.0,0,1
288,2024,2024-12-31,2024-12-31,1,1,17,10,0.5882352941176471,2014.0,2024-11-27,12,0.75,5,1,1.5339056324110671,0.8333333333333334,17,0,0.0,0,1
289,2021,2021-12-31,2021-12-31,1,1,5,1,0.2,2021.0,2021-11-30,0,,5,5,2.399802890932983,,7,7,0.0,1,0
289,2022,2022-12-31,2022-12-31,1,1,5,5,1.0,2021.0,2021-11-30,0,0.0,5,0,1.6218916518650088,,7,0,0.0,0,0
289,2023,2023-12-31,2023-12-31,1,1,5,5,1.0,2021.0,2021-11-30,0,0.0,5,0,1.2248490945674044,,7,0,0.0,0,0
289,2024,2024-12-31,2024-12-31,1,1,14,5,0.3571428571428571,2021.0,2024-11-05,5,5.4,9,9,2.7536348949919223,1.0,11,4,0.0,0,0
290,2021,2021-12-31,2021-12-31,0,1,0,0,,,,0,,0,0,0.0,,0,0,,0,0
290,2022,2022-12-31,2022-12-31,0,1,0,0,,,,0,,0,0,0.0,,0,0,,0,0
290,2023,2023-12-31,2023-12-31,0,1,0,0,,,,0,,0,0,0.0,,0,0,,0,0
290,2024,2024-12-31,2024-12-31,0,1,0,0,,,,0,,0,0,0.0,,0,0,,0,0
291,2021,2021-12-31,2021-12-31,1,1,1,0,0.0,2021.0,2021-04-12,0,,1,1,0.2633381398702235,,3,3,1.0,1,1
291,2022,2022-12-31,2022-12-31,1,1,1,1,1.0,2021.0,2021-04-12,0,0.0,1,0,0.2084760273972602,,3,0,1.0,0,1
291,2023,2023-12-31,2023-12-31,1,1,1,1,1.0,2021.0,2021-04-12,0,0.0,1,0,0.1725318847425602,,3,0,1.0,0,1
291,2024,2024-12-31,2024-12-31,1,1,1,1,1.0,2021.0,2021-04-12,1,0.0,0,0,0.1471002819170358,1.0,3,0,1.0,0,1
292,2021,2021-12-31,2021-12-31,1,1,14,6,0.4285714285714285,2017.0,2021-12-10,3,2.5,11,5,3.0564853556485354,1.0,18,5,0.0,0,0
292,2022,2022-12-31,2022-12-31,1,1,24,11,0.4583333333333333,2017.0,2022-12-26,5,2.7272727272727275,19,10,4.301275760549558,1.0,23,5,0.0416666666666666,0,0
292,2023,2023-12-31,2023-12-31,1,1,33,18,0.5454545454545454,2017.0,2023-12-22,9,1.4210526315789471,24,9,5.015917602996255,1.0,23,0,0.0303030303030303,0,0
292,2024,2024-12-31,2024-12-31,1,1,43,25,0.5813953488372093,2017.0,2024-09-14,14,1.25,29,10,5.671993499458289,1.0,27,4,0.0232558139534883,0,0
293,2021,2021-12-31,2021-12-31,1,1,4,2,0.5,2020.0,2021-09-23,0,1.0,4,1,4.0,,12,2,0.0,0,1
293,2022,2022-12-31,2022-12-31,1,1,7,2,0.2857142857142857,2020.0,2022-11-24,0,2.25,7,3,3.662965616045845,,15,3,0.1428571428571428,0,1
293,2023,2023-12-31,2023-12-31,1,1,8,4,0.5,2020.0,2023-08-26,3,0.4285714285714285,5,1,2.748824082784572,1.0,18,3,0.125,0,1
293,2024,2024-12-31,2024-12-31,1,1,10,4,0.4,2020.0,2024-11-26,4,1.2,6,2,2.5559832050384883,1.0,19,1,0.1,0,1
294,2021,2021-12-31,2021-12-31,0,1,0,0,,,,0,,0,0,0.0,,0,0,,0,1
294,2022,2022-12-31,2022-12-31,0,1,0,0,,,,0,,0,0,0.0,,0,0,,0,1
294,2023,2023-12-31,2023-12-31,0,1,0,0,,,,0,,0,0,0.0,,0,0,,0,1
294,2024,2024-12-31,2024-12-31,0,1,0,0,,,,0,,0,0,0.0,,0,0,,0,1
295,2021,2021-12-31,2021-12-31,1,1,9,4,0.4444444444444444,2018.0,2021-07-23,3,1.5,6,3,2.067452830188679,1.0,4,0,0.0,0,0
295,2022,2022-12-31,2022-12-31,1,1,12,7,0.5833333333333334,2018.0,2022-07-19,3,1.5,9,3,2.241943734015345,1.0,8,4,0.0,0,0
295,2023,2023-12-31,2023-12-31,1,1,15,7,0.4666666666666667,2018.0,2023-12-28,6,1.0,9,3,2.361530172413793,1.0,8,0,0.0666666666666666,0,0
295,2024,2024-12-31,2024-12-31,1,1,17,11,0.6470588235294118,2018.0,2024-11-13,9,0.6666666666666666,8,2,2.3117088607594938,0.7777777777777778,10,2,0.0588235294117647,0,0
296,2021,2021-12-31,2021-12-31,1,1,1,0,0.0,2021.0,2021-08-24,0,,1,1,0.7641213389121339,,3,3,0.0,1,1
296,2022,2022-12-31,2022-12-31,1,1,3,0,0.0,2021.0,2022-12-12,0,6.0,3,2,1.2998220640569396,,6,3,0.0,0,1
296,2023,2023-12-31,2023-12-31,1,1,4,1,0.25,2021.0,2023-12-08,0,1.0,4,1,1.2094370860927153,,7,1,0.0,0,1
296,2024,2024-12-31,2024-12-31,1,1,8,3,0.375,2021.0,2024-11-29,1,3.0,7,4,1.8564167725540024,1.0,10,3,0.0,0,1
297,2021,2021-12-31,2021-12-31,1,1,1,0,0.0,2021.0,2021-10-21,0,,1,1,1.0,,2,2,0.0,1,1
297,2022,2022-12-31,2022-12-31,1,1,1,0,0.0,2021.0,2021-10-21,0,0.0,1,0,0.5079972183588317,,2,0,0.0,0,1
297,2023,2023-12-31,2023-12-31,1,1,1,1,1.0,2021.0,2021-10-21,0,0.0,1,0,0.3369464944649446,,2,0,0.0,0,1
297,2024,2024-12-31,2024-12-31,1,1,1,1,1.0,2021.0,2021-10-21,1,0.0,0,0,0.2518965517241379,1.0,2,0,0.0,0,1
298,2021,2021-12-31,2021-12-31,1,1,1,0,0.0,2021.0,2021-11-16,0,,1,1,0.4565625,,3,3,0.0,1,0
298,2022,2022-12-31,2022-12-31,1,1,1,1,1.0,2021.0,2021-11-16,0,0.0,1,0,0.313519313304721,,3,0,0.0,0,0
298,2023,2023-12-31,2023-12-31,1,1,8,8,1.0,2021.0,2023-06-13,0,21.0,8,7,1.9098039215686275,,8,5,0.0,0,0
298,2024,2024-12-31,2024-12-31,1,1,8,8,1.0,2021.0,2023-06-13,1,0.0,7,0,1.5411392405063291,1.0,8,0,0.0,0,0
299,2021,2021-12-31,2021-12-31,1,1,5,0,0.0,2020.0,2021-03-26,0,0.75,5,1,3.198336252189142,,5,1,0.0,0,0
299,2022,2022-12-31,2022-12-31,1,1,9,1,0.1111111111111111,2020.0,2022-12-15,0,2.4,9,4,3.512019230769231,,11,6,0.1111111111111111,0,0
299,2023,2023-12-31,2023-12-31,1,1,11,5,0.4545454545454545,2020.0,2023-11-14,4,0.6666666666666666,7,2,3.0882013835511146,0.75,11,0,0.0909090909090909,0,0
299,2024,2024-12-31,2024-12-31,1,1,12,5,0.4166666666666667,2020.0,2024-05-08,5,0.4285714285714285,7,1,2.6292741451709656,0.8,11,0,0.0833333333333333,0,0
300,2021,2021-12-31,2021-12-31,1,1,6,1,0.1666666666666666,2014.0,2020-09-25,4,0.0,2,0,0.9227368421052632,0.0,8,0,0.1666666666666666,0,1
300,2022,2022-12-31,2022-12-31,1,1,7,1,0.1428571428571428,2014.0,2022-06-16,4,1.5,3,1,0.9331204379562044,0.0,9,1,0.1428571428571428,0,1
300,2023,2023-12-31,2023-12-31,1,1,7,2,0.2857142857142857,2014.0,2022-06-16,6,0.0,1,0,0.8234299516908212,0.1666666666666666,9,0,0.1428571428571428,0,1
300,2024,2024-12-31,2024-12-31,1,1,7,2,0.2857142857142857,2014.0,2022-06-16,6,0.0,1,0,0.7366032843560933,0.1666666666666666,9,0,0.1428571428571428,0,1
401,2021,2021-12-31,2021-12-31,1,1,1,0,0.0,2020.0,2020-12-23,0,0.0,1,0,0.448159509202454,,2,0,0.0,0,1
401,2022,2022-12-31,2022-12-31,1,1,1,1,1.0,2020.0,2020-12-23,0,0.0,1,0,0.3095338983050847,,2,0,0.0,0,1
401,2023,2023-12-31,2023-12-31,1,1,1,1,1.0,2020.0,2020-12-23,1,0.0,0,0,0.2364077669902912,1.0,2,0,0.0,0,1
401,2024,2024-12-31,2024-12-31,1,1,1,1,1.0,2020.0,2020-12-23,1,,0,0,0.1911302982731554,1.0,2,0,0.0,0,1
402,2021,2021-12-31,2021-12-31,1,1,5,2,0.4,2017.0,2021-11-19,1,3.0,4,2,0.9167921686746988,1.0,5,1,0.6,0,1
402,2022,2022-12-31,2022-12-31,1,1,8,2,0.25,2017.0,2022-10-27,2,2.25,6,3,1.239711497666525,1.0,6,1,0.375,0,1
402,2023,2023-12-31,2023-12-31,1,1,11,3,0.2727272727272727,2017.0,2023-09-20,3,1.5,8,3,1.476028655400441,1.0,6,0,0.3636363636363636,0,1
402,2024,2024-12-31,2024-12-31,1,1,13,4,0.3076923076923077,2017.0,2024-12-27,5,0.75,8,2,1.5376457253886011,0.8,6,0,0.3076923076923077,0,1
403,2021,2021-12-31,2021-12-31,1,1,32,14,0.4375,2017.0,2021-12-16,10,0.2142857142857142,22,2,6.059097978227061,0.6,7,0,0.0,0,1
403,2022,2022-12-31,2022-12-31,1,1,39,15,0.3846153846153846,2017.0,2022-10-05,18,0.9545454545454546,21,7,6.20956843940715,0.7222222222222222,7,0,0.0,0,1
403,2023,2023-12-31,2023-12-31,1,1,42,17,0.4047619047619047,2017.0,2023-11-24,30,0.4285714285714285,12,3,5.769274163219255,0.5666666666666667,7,0,0.0,0,1
403,2024,2024-12-31,2024-12-31,1,1,47,19,0.4042553191489361,2017.0,2024-09-06,32,1.25,15,5,5.674958677685951,0.5625,7,0,0.0,0,1
404,2021,2021-12-31,2021-12-31,1,1,1,0,0.0,2021.0,2021-11-09,0,,1,1,0.4617572692793931,,4,4,0.0,1,1
404,2022,2022-12-31,2022-12-31,1,1,1,0,0.0,2021.0,2021-11-09,0,0.0,1,0,0.3159602076124567,,4,0,0.0,0,1
404,2023,2023-12-31,2023-12-31,1,1,2,0,0.0,2021.0,2023-06-09,0,3.0,2,1,0.480276134122288,,5,1,0.5,0,1
404,2024,2024-12-31,2024-12-31,1,1,4,0,0.0,2021.0,2024-11-22,1,3.0,3,2,0.7742448330683624,0.0,9,4,0.25,0,1
405,2021,2021-12-31,2021-12-31,1,1,12,5,0.4166666666666667,2016.0,2020-07-13,5,0.0,7,0,3.1992700729927006,0.6,5,0,0.0,0,1
405,2022,2022-12-31,2022-12-31,1,1,12,6,0.5,2016.0,2020-07-13,11,0.0,1,0,2.526224783861672,0.4545454545454545,5,0,0.0,0,1
405,2023,2023-12-31,2023-12-31,1,1,13,6,0.4615384615384615,2016.0,2023-10-23,12,3.0,1,1,2.2610714285714284,0.5,5,0,0.0,0,1
405,2024,2024-12-31,2024-12-31,1,1,14,6,0.4285714285714285,2016.0,2024-07-10,12,3.0,2,1,2.07360097323601,0.5,5,0,0.0,0,1
406,2021,2021-12-31,2021-12-31,1,1,2,0,0.0,2020.0,2021-03-08,0,3.0,2,1,1.1995073891625616,,2,0,0.5,0,1
406,2022,2022-12-31,2022-12-31,1,1,2,0,0.0,2020.0,2021-03-08,0,0.0,2,0,0.75,,2,0,0.5,0,1
406,2023,2023-12-31,2023-12-31,1,1,3,0,0.0,2020.0,2023-11-15,1,1.5,2,1,0.8183345780433159,0.0,2,0,0.3333333333333333,0,1
406,2024,2024-12-31,2024-12-31,1,1,7,0,0.0,2020.0,2024-10-16,2,6.0,5,4,1.4995601173020527,0.0,7,5,0.2857142857142857,0,1
407,2021,2021-12-31,2021-12-31,1,1,1,0,0.0,2020.0,2020-10-30,0,0.0,1,0,0.2308786346396965,,3,0,0.0,0,1
407,2022,2022-12-31,2022-12-31,1,1,2,0,0.0,2020.0,2022-09-28,0,3.0,2,1,0.3751926040061633,,3,0,0.0,0,1
407,2023,2023-12-31,2023-12-31,1,1,4,1,0.25,2020.0,2023-12-18,1,3.0,3,2,0.6319204152249135,1.0,4,1,0.25,0,1
407,2024,2024-12-31,2024-12-31,1,1,5,1,0.2,2020.0,2024-02-14,1,1.0,4,1,0.6819454817027633,1.0,4,0,0.4,0,1
408,2021,2021-12-31,2021-12-31,1,1,4,0,0.0,2021.0,2021-05-31,0,,4,4,1.9073107049608355,,6,6,1.0,1,1
408,2022,2022-12-31,2022-12-31,1,1,5,1,0.2,2021.0,2022-12-02,0,0.75,5,1,1.6147214854111407,,6,0,1.0,0,1
408,2023,2023-12-31,2023-12-31,1,1,5,4,0.8,2021.0,2022-12-02,0,0.0,5,0,1.220755347593583,,6,0,1.0,0,1
408,2024,2024-12-31,2024-12-31,1,1,7,4,0.5714285714285714,2021.0,2024-12-20,4,1.2,3,2,1.3731203007518795,1.0,8,2,1.0,0,1
409,2021,2021-12-31,2021-12-31,0,1,0,0,,,,0,,0,0,0.0,,0,0,,0,1
409,2022,2022-12-31,2022-12-31,0,1,0,0,,,,0,,0,0,0.0,,0,0,,0,1
409,2023,2023-12-31,2023-12-31,0,1,0,0,,,,0,,0,0,0.0,,0,0,,0,1
409,2024,2024-12-31,2024-12-31,0,1,0,0,,,,0,,0,0,0.0,,0,0,,0,1
410,2021,2021-12-31,2021-12-31,1,1,15,2,0.1333333333333333,2018.0,2021-08-03,1,2.625,14,7,6.438014101057579,1.0,7,2,0.0,0,1
410,2022,2022-12-31,2022-12-31,1,1,15,6,0.4,2018.0,2021-08-03,2,0.0,13,0,4.505550986842105,1.0,7,0,0.0,0,1
410,2023,2023-12-31,2023-12-31,1,1,17,6,0.3529411764705882,2018.0,2023-04-18,8,0.4615384615384615,9,2,3.927419354838709,0.75,9,2,0.0588235294117647,0,1
410,2024,2024-12-31,2024-12-31,1,1,19,8,0.4210526315789473,2018.0,2024-11-22,15,0.6666666666666666,4,2,3.564329738058552,0.5333333333333333,11,2,0.1052631578947368,0,1
411,2021,2021-12-31,2021-12-31,0,1,0,0,,,,0,,0,0,0.0,,0,0,,0,0
411,2022,2022-12-31,2022-12-31,1,1,1,0,0.0,2022.0,2022-11-29,0,,1,1,0.2061230248306997,,3,3,0.0,1,0
411,2023,2023-12-31,2023-12-31,1,1,2,0,0.0,2022.0,2023-06-27,0,3.0,2,1,0.341834347215723,,4,1,0.0,0,0
411,2024,2024-12-31,2024-12-31,1,1,3,0,0.0,2022.0,2024-03-22,0,1.5,3,1,0.4377746703955253,,4,0,0.0,0,0
412,2021,2021-12-31,2021-12-31,1,1,21,7,0.3333333333333333,2016.0,2021-12-06,4,5.142857142857142,17,12,3.611228813559322,0.75,9,3,0.2857142857142857,0,1
412,2022,2022-12-31,2022-12-31,1,1,27,7,0.2592592592592592,2016.0,2022-09-13,8,1.0588235294117647,19,6,3.9621333869023694,0.75,9,0,0.2592592592592592,0,1
412,2023,2023-12-31,2023-12-31,1,1,33,11,0.3333333333333333,2016.0,2023-12-18,9,0.9473684210526316,24,6,4.223283111422565,0.6666666666666666,10,1,0.2424242424242424,0,1
412,2024,2024-12-31,2024-12-31,1,1,37,15,0.4054054054054054,2016.0,2024-12-02,21,0.5,16,4,4.196972049689441,0.7142857142857143,10,0,0.2162162162162162,0,1
413,2021,2021-12-31,2021-12-31,1,1,2,1,0.5,2020.0,2021-11-09,0,3.0,2,1,2.0,,5,2,0.0,0,1
413,2022,2022-12-31,2022-12-31,1,1,2,1,0.5,2020.0,2021-11-09,0,0.0,2,0,1.0465616045845272,,5,0,0.0,0,1
413,2023,2023-12-31,2023-12-31,1,1,5,2,0.4,2020.0,2023-11-10,1,4.5,4,3,1.7180150517403574,1.0,5,0,0.0,0,1
413,2024,2024-12-31,2024-12-31,1,1,6,2,0.3333333333333333,2020.0,2024-01-24,2,0.75,4,1,1.533589923023093,1.0,7,2,0.0,0,1
414,2021,2021-12-31,2021-12-31,1,1,4,2,0.5,2016.0,2020-01-16,1,0.0,3,0,0.7064796905222437,0.0,6,0,0.0,0,0
414,2022,2022-12-31,2022-12-31,1,1,4,3,0.75,2016.0,2020-01-16,3,0.0,1,0,0.6004932182490752,0.6666666666666666,6,0,0.0,0,0
414,2023,2023-12-31,2023-12-31,1,1,5,3,0.6,2016.0,2023-03-24,4,3.0,1,1,0.652698355968549,0.75,6,0,0.0,0,0
414,2024,2024-12-31,2024-12-31,1,1,5,3,0.6,2016.0,2023-03-24,4,0.0,1,0,0.5771965865992414,0.75,6,0,0.0,0,0
415,2021,2021-12-31,2021-12-31,1,1,2,0,0.0,2020.0,2021-03-25,0,3.0,2,1,2.0,,1,0,0.0,0,1
415,2022,2022-12-31,2022-12-31,1,1,3,1,0.3333333333333333,2020.0,2022-08-25,0,1.5,3,1,1.7992610837438423,,3,2,0.0,0,1
415,2023,2023-12-31,2023-12-31,1,1,4,1,0.25,2020.0,2023-02-24,1,1.0,3,1,1.5,1.0,3,0,0.0,0,1
415,2024,2024-12-31,2024-12-31,1,1,8,1,0.125,2020.0,2024-12-05,2,4.0,6,4,2.180597014925373,0.5,4,1,0.125,0,1
416,2021,2021-12-31,2021-12-31,1,1,1,0,0.0,2021.0,2021-07-08,0,,1,1,0.4658801020408163,,4,4,1.0,1,0
416,2022,2022-12-31,2022-12-31,1,1,3,0,0.0,2021.0,2022-01-05,0,6.0,3,2,0.9536553524804176,,4,0,0.3333333333333333,0,0
416,2023,2023-12-31,2023-12-31,1,1,6,0,0.0,2021.0,2023-07-18,0,3.0,6,3,1.4474900924702774,,4,0,0.1666666666666666,0,0
416,2024,2024-12-31,2024-12-31,1,1,8,2,0.25,2021.0,2024-08-07,1,1.0,7,2,1.554255319148936,0.0,7,3,0.25,0,0
417,2021,2021-12-31,2021-12-31,1,1,19,7,0.3684210526315789,2014.0,2021-08-27,8,2.25,11,6,2.4392794376098417,0.5,10,1,0.1052631578947368,0,0
417,2022,2022-12-31,2022-12-31,1,1,22,9,0.4090909090909091,2014.0,2022-11-30,13,0.8181818181818182,9,3,2.5032710280373838,0.6923076923076923,11,1,0.0909090909090909,0,0
417,2023,2023-12-31,2023-12-31,1,1,24,11,0.4583333333333333,2014.0,2023-06-09,13,0.6666666666666666,11,2,2.452027972027972,0.6923076923076923,12,1,0.0833333333333333,0,0
417,2024,2024-12-31,2024-12-31,1,1,26,13,0.5,2014.0,2024-12-27,19,0.5454545454545455,7,2,2.4096675970565844,0.631578947368421,13,1,0.0769230769230769,0,0
418,2021,2021-12-31,2021-12-31,1,1,4,2,0.5,2017.0,2020-11-30,1,0.0,3,0,2.096126255380201,1.0,3,0,0.0,0,1
418,2022,2022-12-31,2022-12-31,1,1,8,3,0.375,2017.0,2022-08-17,3,4.0,5,4,2.751412429378531,1.0,4,1,0.0,0,1
418,2023,2023-12-31,2023-12-31,1,1,9,4,0.4444444444444444,2017.0,2023-09-22,4,0.6,5,1,2.3036089698668536,1.0,5,1,0.0,0,1
418,2024,2024-12-31,2024-12-31,1,1,11,4,0.3636363636363636,2017.0,2024-07-11,4,1.2,7,2,2.24079754601227,1.0,5,0,0.0,0,1
419,2021,2021-12-31,2021-12-31,1,1,6,4,0.6666666666666666,2018.0,2020-02-24,1,0.0,5,0,1.9190017513134847,0.0,4,0,0.0,0,0
419,2022,2022-12-31,2022-12-31,1,1,12,6,0.5,2018.0,2022-10-20,5,3.6,7,6,2.908427339084273,0.8,10,6,0.0,0,0
419,2023,2023-12-31,2023-12-31,1,1,15,10,0.6666666666666666,2018.0,2023-09-26,6,1.2857142857142856,9,3,2.9266826923076925,0.8333333333333334,10,0,0.0,0,0
419,2024,2024-12-31,2024-12-31,1,1,15,12,0.8,2018.0,2023-09-26,6,0.0,9,0,2.4480563002680964,0.8333333333333334,10,0,0.0,0,0
420,2021,2021-12-31,2021-12-31,1,1,24,7,0.2916666666666667,2014.0,2021-12-29,16,0.8571428571428571,8,2,3.512019230769231,0.4375,10,0,0.2083333333333333,0,1
420,2022,2022-12-31,2022-12-31,1,1,25,9,0.36,2014.0,2022-10-28,19,0.375,6,1,3.19162880111849,0.4210526315789473,10,0,0.2,0,1
420,2023,2023-12-31,2023-12-31,1,1,26,9,0.3461538461538461,2014.0,2023-09-19,22,0.5,4,1,2.9437383756974578,0.3636363636363636,11,1,0.1923076923076923,0,1
420,2024,2024-12-31,2024-12-31,1,1,32,9,0.28125,2014.0,2024-11-25,24,4.5,8,6,3.2538975501113585,0.375,11,0,0.1875,0,1
421,2021,2021-12-31,2021-12-31,1,1,4,1,0.25,2017.0,2020-12-28,1,0.0,3,0,0.7386248736097069,1.0,4,0,0.0,0,1
421,2022,2022-12-31,2022-12-31,1,1,10,4,0.4,2017.0,2022-07-21,1,6.0,9,6,1.558898847631242,1.0,5,1,0.0,0,1
421,2023,2023-12-31,2023-12-31,1,1,12,9,0.75,2017.0,2023-06-16,4,0.6666666666666666,8,2,1.6185376661742985,1.0,5,0,0.0,0,1
421,2024,2024-12-31,2024-12-31,1,1,13,10,0.7692307692307693,2017.0,2024-07-10,4,0.375,9,1,1.5446486662329213,1.0,5,0,0.0,0,1
422,2021,2021-12-31,2021-12-31,1,1,1,1,1.0,2017.0,2017-02-03,1,,0,0,0.476205997392438,1.0,3,0,1.0,0,1
422,2022,2022-12-31,2022-12-31,1,1,3,1,0.3333333333333333,2017.0,2022-10-17,1,,2,2,0.96797703180212,1.0,5,2,0.3333333333333333,1,1
422,2023,2023-12-31,2023-12-31,1,1,6,2,0.3333333333333333,2017.0,2023-10-10,1,4.5,5,3,1.463927855711423,1.0,6,1,0.1666666666666666,0,1
422,2024,2024-12-31,2024-12-31,1,1,10,2,0.2,2017.0,2024-10-14,1,2.4,9,4,1.960547504025765,1.0,7,1,0.1,0,1
423,2021,2021-12-31,2021-12-31,1,1,1,0,0.0,2021.0,2021-11-17,0,,1,1,1.0,,1,1,1.0,1,0
423,2022,2022-12-31,2022-12-31,1,1,5,0,0.0,2021.0,2022-09-15,0,12.0,5,4,3.1927447552447554,,4,3,1.0,0,0
423,2023,2023-12-31,2023-12-31,1,1,8,0,0.0,2021.0,2023-12-20,0,1.7999999999999998,8,3,3.11846318036286,,6,2,0.75,0,0
423,2024,2024-12-31,2024-12-31,1,1,12,0,0.0,2021.0,2024-11-28,1,1.5,11,4,3.363775901765157,0.0,8,2,0.5,0,0
424,2021,2021-12-31,2021-12-31,0,1,0,0,,,,0,,0,0,0.0,,0,0,,0,0
424,2022,2022-12-31,2022-12-31,0,1,0,0,,,,0,,0,0,0.0,,0,0,,0,0
424,2023,2023-12-31,2023-12-31,1,1,1,0,0.0,2023.0,2023-03-08,0,,1,1,0.1617581930912311,,1,1,0.0,1,0
424,2024,2024-12-31,2024-12-31,1,1,1,0,0.0,2023.0,2023-03-08,0,0.0,1,0,0.1391958841463414,,1,0,0.0,0,0
425,2021,2021-12-31,2021-12-31,1,1,39,10,0.2564102564102564,2014.0,2021-10-15,20,1.3125,19,7,5.379437311178248,0.5,19,0,0.5384615384615384,0,0
425,2022,2022-12-31,2022-12-31,1,1,41,11,0.2682926829268293,2014.0,2022-08-16,29,0.3157894736842105,12,2,4.970212412877531,0.3448275862068966,19,0,0.5121951219512195,0,0
425,2023,2023-12-31,2023-12-31,1,1,42,15,0.3571428571428571,2014.0,2023-05-30,32,0.25,10,1,4.541296625222024,0.375,19,0,0.5,0,0
425,2024,2024-12-31,2024-12-31,1,1,44,20,0.4545454545454545,2014.0,2024-02-08,39,0.6,5,2,4.292467948717949,0.5128205128205128,19,0,0.4772727272727273,0,0
426,2021,2021-12-31,2021-12-31,1,1,3,2,0.6666666666666666,2013.0,2018-09-10,3,0.0,0,0,0.7474420190995907,0.6666666666666666,4,0,0.3333333333333333,0,0
426,2022,2022-12-31,2022-12-31,1,1,5,2,0.4,2013.0,2022-08-26,3,,2,2,0.997405789186237,0.6666666666666666,6,2,0.4,1,0
426,2023,2023-12-31,2023-12-31,1,1,5,2,0.4,2013.0,2022-08-26,3,0.0,2,0,0.8316256830601092,0.6666666666666666,6,0,0.4,0,0
426,2024,2024-12-31,2024-12-31,1,1,5,2,0.4,2013.0,2022-08-26,3,0.0,2,0,0.7128220140515222,0.6666666666666666,6,0,0.4,0,0
427,2021,2021-12-31,2021-12-31,1,1,9,7,0.7777777777777778,2018.0,2021-01-12,5,0.375,4,1,1.8946685878962537,1.0,8,2,0.0,0,1
427,2022,2022-12-31,2022-12-31,1,1,12,9,0.75,2018.0,2022-12-26,6,2.25,6,3,2.087142857142857,1.0,13,5,0.0,0,1
427,2023,2023-12-31,2023-12-31,1,1,13,11,0.8461538461538461,2018.0,2023-07-05,8,0.5,5,1,1.9262677484787016,1.0,14,1,0.0,0,1
427,2024,2024-12-31,2024-12-31,1,1,13,12,0.9230769230769232,2018.0,2023-07-05,9,0.0,4,0,1.677234192864712,1.0,14,0,0.0,0,1
428,2021,2021-12-31,2021-12-31,1,1,8,6,0.75,2017.0,2021-01-19,3,0.75,5,1,1.601095890410959,1.0,6,0,0.875,0,1
428,2022,2022-12-31,2022-12-31,1,1,11,7,0.6363636363636364,2017.0,2022-09-01,5,1.7999999999999998,6,3,1.8345890410958905,1.0,6,0,0.6363636363636364,0,1
428,2023,2023-12-31,2023-12-31,1,1,14,8,0.5714285714285714,2017.0,2023-10-23,7,1.5,7,3,2.0013698630136987,1.0,6,0,0.5,0,1
428,2024,2024-12-31,2024-12-31,1,1,14,8,0.5714285714285714,2017.0,2023-10-23,8,0.0,6,0,1.750599109893872,1.0,6,0,0.5,0,1
429,2021,2021-12-31,2021-12-31,1,1,10,1,0.1,2017.0,2021-11-26,1,6.0,9,6,2.308786346396966,1.0,12,8,0.1,0,1
429,2022,2022-12-31,2022-12-31,1,1,12,4,0.3333333333333333,2017.0,2022-11-29,2,0.6666666666666666,10,2,2.25115562403698,0.5,14,2,0.0833333333333333,0,1
429,2023,2023-12-31,2023-12-31,1,1,17,10,0.5882352941176471,2017.0,2023-12-15,4,1.5,13,5,2.6856617647058822,0.5,15,1,0.2941176470588235,0,1
429,2024,2024-12-31,2024-12-31,1,1,17,13,0.7647058823529411,2017.0,2023-12-15,10,0.0,7,0,2.318614637789395,0.7,15,0,0.2941176470588235,0,1
430,2021,2021-12-31,2021-12-31,1,1,1,0,0.0,2020.0,2020-10-29,0,0.0,1,0,0.4266939252336449,,2,0,0.0,0,0
430,2022,2022-12-31,2022-12-31,1,1,2,0,0.0,2020.0,2022-05-26,0,3.0,2,1,0.5982800982800983,,2,0,0.0,0,0
430,2023,2023-12-31,2023-12-31,1,1,4,1,0.25,2020.0,2023-09-15,1,3.0,3,2,0.921185372005044,1.0,4,2,0.5,0,0
430,2024,2024-12-31,2024-12-31,1,1,6,1,0.1666666666666666,2020.0,2024-11-19,1,2.0,5,2,1.1226946721311477,1.0,4,0,0.3333333333333333,0,0
431,2021,2021-12-31,2021-12-31,1,1,1,1,1.0,2020.0,2020-01-15,0,0.0,1,0,0.6665145985401459,,2,0,0.0,0,1
431,2022,2022-12-31,2022-12-31,1,1,2,1,0.5,2020.0,2022-05-13,0,3.0,2,1,0.8001095290251916,,4,2,0.0,0,1
431,2023,2023-12-31,2023-12-31,1,1,3,2,0.6666666666666666,2020.0,2023-12-14,1,1.5,2,1,0.8573943661971831,1.0,4,0,0.0,0,1
431,2024,2024-12-31,2024-12-31,1,1,5,3,0.6,2020.0,2024-07-25,1,3.0,4,2,1.1108576642335766,1.0,5,1,0.4,0,1
432,2021,2021-12-31,2021-12-31,1,1,1,0,0.0,2021.0,2021-03-31,0,,1,1,0.2159964518036664,,1,1,0.0,1,1
432,2022,2022-12-31,2022-12-31,1,1,2,1,0.5,2021.0,2022-02-24,0,3.0,2,1,0.3553015564202335,,2,1,0.0,0,1
432,2023,2023-12-31,2023-12-31,1,1,2,2,1.0,2021.0,2022-02-24,0,0.0,2,0,0.3017348203221809,,2,0,0.0,0,1
432,2024,2024-12-31,2024-12-31,1,1,3,2,0.6666666666666666,2021.0,2024-03-14,1,1.5,2,1,0.3931646932185145,1.0,2,0,0.0,0,1
433,2021,2021-12-31,2021-12-31,0,1,0,0,,,,0,,0,0,0.0,,0,0,,0,1
433,2022,2022-12-31,2022-12-31,0,1,0,0,,,,0,,0,0,0.0,,0,0,,0,1
433,2023,2023-12-31,2023-12-31,0,1,0,0,,,,0,,0,0,0.0,,0,0,,0,1
433,2024,2024-12-31,2024-12-31,0,1,0,0,,,,0,,0,0,0.0,,0,0,,0,1
434,2021,2021-12-31,2021-12-31,1,1,3,1,0.3333333333333333,2018.0,2019-11-25,2,0.0,1,0,0.690889029003783,0.5,4,0,0.0,0,0
434,2022,2022-12-31,2022-12-31,1,1,7,1,0.1428571428571428,2018.0,2022-10-24,3,12.0,4,4,1.3104818042029729,0.3333333333333333,4,0,0.0,0,0
434,2023,2023-12-31,2023-12-31,1,1,9,3,0.3333333333333333,2018.0,2023-04-17,3,1.5,6,2,1.4193652849740932,0.3333333333333333,4,0,0.0,0,0
434,2024,2024-12-31,2024-12-31,1,1,9,4,0.4444444444444444,2018.0,2023-04-17,3,0.0,6,0,1.2256711409395973,0.6666666666666666,4,0,0.0,0,0
435,2021,2021-12-31,2021-12-31,0,1,0,0,,,,0,,0,0,0.0,,0,0,,0,1
435,2022,2022-12-31,2022-12-31,1,1,7,0,0.0,2022.0,2022-12-19,0,,7,7,3.273687580025608,,2,2,0.0,1,1
435,2023,2023-12-31,2023-12-31,1,1,15,0,0.0,2022.0,2023-12-05,0,3.4285714285714284,15,8,4.780759162303665,,6,4,0.0,0,1
435,2024,2024-12-31,2024-12-31,1,1,20,0,0.0,2022.0,2024-12-17,0,1.0,20,5,4.831349206349207,,7,1,0.0,0,1
436,2021,2021-12-31,2021-12-31,1,1,2,2,1.0,2018.0,2020-05-07,1,0.0,1,0,0.2727781926811053,1.0,1,0,0.0,0,1
436,2022,2022-12-31,2022-12-31,1,1,2,2,1.0,2018.0,2020-05-07,1,0.0,1,0,0.240059152152481,1.0,1,0,0.0,0,1
436,2023,2023-12-31,2023-12-31,1,1,2,2,1.0,2018.0,2020-05-07,2,0.0,0,0,0.2143485915492957,1.0,1,0,0.0,0,1
436,2024,2024-12-31,2024-12-31,1,1,2,2,1.0,2018.0,2020-05-07,2,,0,0,0.1935612082670906,1.0,1,0,0.0,0,1
437,2021,2021-12-31,2021-12-31,1,1,6,3,0.5,2017.0,2021-02-23,1,2.0,5,2,1.1040302267002515,1.0,8,2,0.0,0,1
437,2022,2022-12-31,2022-12-31,1,1,7,3,0.4285714285714285,2017.0,2022-03-31,3,0.6,4,1,1.0879787234042555,1.0,9,1,0.0,0,1
437,2023,2023-12-31,2023-12-31,1,1,7,5,0.7142857142857143,2017.0,2022-03-31,4,0.0,3,0,0.9417127071823204,1.0,9,0,0.0,0,1
437,2024,2024-12-31,2024-12-31,1,1,7,6,0.8571428571428571,2017.0,2022-03-31,6,0.0,1,0,0.829844206426485,0.8333333333333334,9,0,0.0,0,1
438,2021,2021-12-31,2021-12-31,0,1,0,0,,,,0,,0,0,0.0,,0,0,,0,1
438,2022,2022-12-31,2022-12-31,1,1,1,0,0.0,2022.0,2022-10-21,0,,1,1,0.6319204152249135,,3,3,0.0,1,1
438,2023,2023-12-31,2023-12-31,1,1,1,0,0.0,2022.0,2022-10-21,0,0.0,1,0,0.3873276776246023,,3,0,0.0,0,1
438,2024,2024-12-31,2024-12-31,1,1,3,0,0.0,2022.0,2024-04-19,0,6.0,3,2,0.8370893812070282,,3,0,0.0,0,1
439,2021,2021-12-31,2021-12-31,1,1,9,5,0.5555555555555556,2015.0,2021-06-10,5,2.0,4,2,1.3494458128078817,0.8,1,0,0.1111111111111111,0,0
439,2022,2022-12-31,2022-12-31,1,1,11,5,0.4545454545454545,2015.0,2022-11-23,6,1.5,5,2,1.4343984291324527,0.8333333333333334,1,0,0.1818181818181818,0,0
439,2023,2023-12-31,2023-12-31,1,1,11,6,0.5454545454545454,2015.0,2022-11-23,7,0.0,4,0,1.269030322173089,0.7142857142857143,1,0,0.1818181818181818,0,0
439,2024,2024-12-31,2024-12-31,1,1,13,6,0.4615384615384615,2015.0,2024-11-27,9,1.5,4,2,1.3443516421291055,0.6666666666666666,1,0,0.2307692307692307,0,0
440,2021,2021-12-31,2021-12-31,1,1,4,2,0.5,2019.0,2021-09-29,0,3.0,4,2,0.5924574209245742,,5,2,0.25,0,1
440,2022,2022-12-31,2022-12-31,1,1,5,2,0.4,2019.0,2022-11-14,2,0.75,3,1,0.6450900741787354,1.0,5,0,0.2,0,1
440,2023,2023-12-31,2023-12-31,1,1,7,4,0.5714285714285714,2019.0,2023-07-25,2,2.0,5,2,0.7999843554443055,1.0,7,2,0.1428571428571428,0,1
440,2024,2024-12-31,2024-12-31,1,1,10,6,0.6,2019.0,2024-10-17,4,1.7999999999999998,6,3,1.0254070746771478,1.0,7,0,0.1,0,1
441,2021,2021-12-31,2021-12-31,0,1,0,0,,,,0,,0,0,0.0,,0,0,,0,1
441,2022,2022-12-31,2022-12-31,0,1,0,0,,,,0,,0,0,0.0,,0,0,,0,1
441,2023,2023-12-31,2023-12-31,0,1,0,0,,,,0,,0,0,0.0,,0,0,,0,1
441,2024,2024-12-31,2024-12-31,0,1,0,0,,,,0,,0,0,0.0,,0,0,,0,1
442,2021,2021-12-31,2021-12-31,0,1,0,0,,,,0,,0,0,0.0,,0,0,,0,1
442,2022,2022-12-31,2022-12-31,1,1,1,0,0.0,2022.0,2022-06-28,0,,1,1,0.6017298187808896,,3,3,0.0,1,1
442,2023,2023-12-31,2023-12-31,1,1,7,0,0.0,2022.0,2023-04-18,0,18.0,7,6,2.630401234567901,,6,3,0.0,0,1
442,2024,2024-12-31,2024-12-31,1,1,8,0,0.0,2022.0,2024-03-18,0,0.4285714285714285,8,1,2.1838565022421523,,6,0,0.0,0,1
443,2021,2021-12-31,2021-12-31,1,1,7,5,0.7142857142857143,2020.0,2021-12-09,0,4.0,7,4,1.3570859872611465,,10,3,0.0,0,1
443,2022,2022-12-31,2022-12-31,1,1,7,7,1.0,2020.0,2021-12-09,0,0.0,7,0,1.1368385949310804,,10,0,0.0,0,1
443,2023,2023-12-31,2023-12-31,1,1,7,7,1.0,2020.0,2021-12-09,3,0.0,4,0,0.9780986993114004,1.0,10,0,0.0,0,1
443,2024,2024-12-31,2024-12-31,1,1,7,7,1.0,2020.0,2021-12-09,7,0.0,0,0,0.8579697986577182,1.0,10,0,0.0,0,1
444,2021,2021-12-31,2021-12-31,1,1,3,3,1.0,2017.0,2019-03-07,2,0.0,1,0,0.6204699886749717,1.0,3,0,0.0,0,1
444,2022,2022-12-31,2022-12-31,1,1,3,3,1.0,2017.0,2019-03-07,3,0.0,0,0,0.5141952135147818,1.0,3,0,0.0,0,1
444,2023,2023-12-31,2023-12-31,1,1,4,3,0.75,2017.0,2023-09-11,3,,1,1,0.5853365384615384,1.0,3,0,0.0,1,1
444,2024,2024-12-31,2024-12-31,1,1,6,3,0.5,2017.0,2024-12-24,3,6.0,3,2,0.7657232704402516,1.0,6,3,0.0,0,1
445,2021,2021-12-31,2021-12-31,1,1,3,1,0.3333333333333333,2015.0,2020-12-04,1,0.0,2,0,0.3711890243902438,1.0,5,0,0.6666666666666666,0,0
445,2022,2022-12-31,2022-12-31,1,1,3,2,0.6666666666666666,2015.0,2020-12-04,1,0.0,2,0,0.3303436840518541,1.0,5,0,0.6666666666666666,0,0
445,2023,2023-12-31,2023-12-31,1,1,4,2,0.5,2015.0,2023-04-04,3,1.5,1,1,0.3967952199891363,0.6666666666666666,5,0,0.5,0,0
445,2024,2024-12-31,2024-12-31,1,1,5,2,0.4,2015.0,2024-07-04,3,3.0,2,1,0.4511487154150198,0.6666666666666666,6,1,0.4,0,0
446,2021,2021-12-31,2021-12-31,1,1,7,0,0.0,2020.0,2021-01-11,0,0.5,7,1,5.3713235294117645,,8,0,0.0,0,0
446,2022,2022-12-31,2022-12-31,1,1,7,0,0.0,2020.0,2021-01-11,0,0.0,7,0,3.0401307966706304,,8,0,0.0,0,0
446,2023,2023-12-31,2023-12-31,1,1,7,3,0.4285714285714285,2020.0,2021-01-11,6,0.0,1,0,2.1200248756218905,0.3333333333333333,8,0,0.0,0,0
446,2024,2024-12-31,2024-12-31,1,1,7,3,0.4285714285714285,2020.0,2021-01-11,7,0.0,0,0,1.6264312977099238,0.4285714285714285,8,0,0.0,0,0
447,2021,2021-12-31,2021-12-31,0,1,0,0,,,,0,,0,0,0.0,,0,0,,0,0
447,2022,2022-12-31,2022-12-31,0,1,0,0,,,,0,,0,0,0.0,,0,0,,0,0
447,2023,2023-12-31,2023-12-31,0,1,0,0,,,,0,,0,0,0.0,,0,0,,0,0
447,2024,2024-12-31,2024-12-31,0,1,0,0,,,,0,,0,0,0.0,,0,0,,0,0
448,2021,2021-12-31,2021-12-31,1,1,1,0,0.0,2021.0,2021-11-25,0,,1,1,0.1382475397426192,,4,4,0.0,1,1
448,2022,2022-12-31,2022-12-31,1,1,4,0,0.0,2021.0,2022-11-22,0,9.0,4,3,0.4858663119388094,,4,0,0.0,0,1
448,2023,2023-12-31,2023-12-31,1,1,6,0,0.0,2021.0,2023-12-29,0,1.5,6,2,0.6499110320284698,,5,1,0.1666666666666666,0,1
448,2024,2024-12-31,2024-12-31,1,1,8,1,0.125,2021.0,2024-03-28,1,1.0,7,2,0.781701444622793,1.0,7,2,0.125,0,1
449,2021,2021-12-31,2021-12-31,1,1,2,0,0.0,2021.0,2021-10-05,0,,2,2,1.6019736842105263,,3,3,1.0,1,1
449,2022,2022-12-31,2022-12-31,1,1,4,0,0.0,2021.0,2022-11-30,0,3.0,4,2,1.7795371498172958,,5,2,1.0,0,1
449,2023,2023-12-31,2023-12-31,1,1,7,0,0.0,2021.0,2023-09-26,0,2.25,7,3,2.1557757166947726,,7,2,0.8571428571428571,0,1
449,2024,2024-12-31,2024-12-31,1,1,8,2,0.25,2021.0,2024-04-05,2,0.4285714285714285,6,1,1.8827319587628868,0.5,8,1,0.75,0,1
450,2021,2021-12-31,2021-12-31,0,1,0,0,,,,0,,0,0,0.0,,0,0,,0,1
450,2022,2022-12-31,2022-12-31,1,1,1,0,0.0,2022.0,2022-02-04,0,,1,1,0.223394495412844,,4,4,1.0,1,1
450,2023,2023-12-31,2023-12-31,1,1,1,1,1.0,2022.0,2022-02-04,0,0.0,1,0,0.182625,,4,0,1.0,0,1
450,2024,2024-12-31,2024-12-31,1,1,1,1,1.0,2022.0,2022-02-04,0,0.0,1,0,0.154374471682164,,4,0,1.0,0,1
528,2021,2021-12-31,2021-12-31,1,1,4,3,0.75,2017.0,2020-05-20,2,0.0,2,0,0.6493333333333333,0.5,7,0,0.0,0,1
528,2022,2022-12-31,2022-12-31,1,1,6,3,0.5,2017.0,2022-11-11,3,3.0,3,2,0.8380497131931167,0.6666666666666666,9,2,0.0,0,1
528,2023,2023-12-31,2023-12-31,1,1,8,3,0.375,2017.0,2023-02-23,4,2.0,4,2,0.980536912751678,0.75,12,3,0.0,0,1
528,2024,2024-12-31,2024-12-31,1,1,8,3,0.375,2017.0,2023-02-23,4,0.0,4,0,0.8732815301852959,0.75,12,0,0.0,0,1
551,2021,2021-12-31,2021-12-31,1,1,7,4,0.5714285714285714,2017.0,2021-06-10,1,0.6,6,1,2.5440298507462686,1.0,6,0,0.0,0,1
551,2022,2022-12-31,2022-12-31,1,1,7,5,0.7142857142857143,2017.0,2021-06-10,5,0.0,2,0,1.8662408759124087,0.8,6,0,0.0,0,1
551,2023,2023-12-31,2023-12-31,1,1,12,6,0.5,2017.0,2023-06-30,6,7.5,6,5,2.526224783861672,0.8333333333333334,6,0,0.0,0,1
551,2024,2024-12-31,2024-12-31,1,1,16,6,0.375,2017.0,2024-11-28,7,2.0,9,4,2.781532603522132,0.8571428571428571,8,2,0.0,0,1
552,2021,2021-12-31,2021-12-31,1,1,1,0,0.0,2021.0,2021-11-02,0,,1,1,0.8655213270142179,,1,1,0.0,1,1
552,2022,2022-12-31,2022-12-31,1,1,2,1,0.5,2021.0,2022-07-11,0,3.0,2,1,0.9282083862770012,,4,3,0.0,0,1
552,2023,2023-12-31,2023-12-31,1,1,3,1,0.3333333333333333,2021.0,2023-12-29,0,1.5,3,1,0.951171875,,5,1,0.0,0,1
552,2024,2024-12-31,2024-12-31,1,1,3,1,0.3333333333333333,2021.0,2023-12-29,1,0.0,2,0,0.7218379446640316,1.0,5,0,0.0,0,1
553,2021,2021-12-31,2021-12-31,1,1,3,1,0.3333333333333333,2016.0,2020-04-10,1,0.0,2,0,0.6290183696900115,1.0,3,0,0.0,0,1
553,2022,2022-12-31,2022-12-31,1,1,3,2,0.6666666666666666,2016.0,2020-04-10,1,0.0,2,0,0.5200522069292833,1.0,3,0,0.0,0,1
553,2023,2023-12-31,2023-12-31,1,1,3,2,0.6666666666666666,2016.0,2020-04-10,3,0.0,0,0,0.4432645631067961,0.6666666666666666,3,0,0.0,0,1
553,2024,2024-12-31,2024-12-31,1,1,3,2,0.6666666666666666,2016.0,2020-04-10,3,,0,0,0.3860993657505285,0.6666666666666666,3,0,0.0,0,1
554,2021,2021-12-31,2021-12-31,1,1,6,3,0.5,2018.0,2021-11-02,3,0.6,3,1,1.5996350364963503,0.6666666666666666,4,0,0.0,0,1
554,2022,2022-12-31,2022-12-31,1,1,6,4,0.6666666666666666,2018.0,2021-11-02,3,0.0,3,0,1.2631123919308358,0.6666666666666666,4,0,0.0,0,1
554,2023,2023-12-31,2023-12-31,1,1,8,4,0.5,2018.0,2023-06-13,5,2.0,3,2,1.3914285714285717,0.8,6,2,0.0,0,1
554,2024,2024-12-31,2024-12-31,1,1,8,5,0.625,2018.0,2023-06-13,6,0.0,2,0,1.1849148418491484,0.8333333333333334,6,0,0.0,0,1
555,2021,2021-12-31,2021-12-31,1,1,4,0,0.0,2021.0,2021-12-20,0,,4,4,1.1161191749427042,,7,7,0.0,1,1
555,2022,2022-12-31,2022-12-31,1,1,5,0,0.0,2021.0,2022-06-29,0,0.75,5,1,1.0909498207885304,,7,0,0.0,0,1
555,2023,2023-12-31,2023-12-31,1,1,5,1,0.2,2021.0,2022-06-29,0,0.0,5,0,0.8956596370769985,,7,0,0.0,0,1
555,2024,2024-12-31,2024-12-31,1,1,6,1,0.1666666666666666,2021.0,2024-10-15,4,0.6,2,1,0.9112266112266112,0.25,7,0,0.0,0,1
556,2021,2021-12-31,2021-12-31,1,1,2,0,0.0,2020.0,2021-01-20,0,3.0,2,1,0.2962287104622871,,3,1,0.5,0,1
556,2022,2022-12-31,2022-12-31,1,1,2,0,0.0,2020.0,2021-01-20,0,0.0,2,0,0.2580360296714941,,3,0,0.5,0,1
556,2023,2023-12-31,2023-12-31,1,1,20,1,0.05,2020.0,2023-12-15,1,27.0,19,18,2.2856695869837296,0.0,15,12,0.95,0,1
556,2024,2024-12-31,2024-12-31,1,1,26,1,0.0384615384615384,2020.0,2024-12-10,2,0.9473684210526316,24,6,2.666058394160584,0.5,18,3,0.9615384615384616,0,1
557,2021,2021-12-31,2021-12-31,1,1,3,0,0.0,2020.0,2021-11-22,0,6.0,3,2,2.2546296296296298,,4,1,0.3333333333333333,0,0
557,2022,2022-12-31,2022-12-31,1,1,5,1,0.2,2020.0,2022-01-28,0,2.0,5,2,2.1460047003525267,,7,3,0.2,0,0
557,2023,2023-12-31,2023-12-31,1,1,6,1,0.1666666666666666,2020.0,2023-11-28,1,0.6,5,1,1.802220394736842,1.0,7,0,0.1666666666666666,0,0
557,2024,2024-12-31,2024-12-31,1,1,11,4,0.3636363636363636,2020.0,2024-12-30,3,3.0,8,5,2.5396649810366623,0.6666666666666666,9,2,0.0909090909090909,0,0
558,2021,2021-12-31,2021-12-31,1,1,12,8,0.6666666666666666,2018.0,2021-09-14,1,0.6,11,2,2.8006389776357827,1.0,7,0,0.0,0,0
558,2022,2022-12-31,2022-12-31,1,1,20,8,0.4,2018.0,2022-09-30,7,2.181818181818182,13,8,3.784974093264248,1.0,7,0,0.0,0,0
558,2023,2023-12-31,2023-12-31,1,1,21,11,0.5238095238095238,2018.0,2023-10-26,10,0.2307692307692307,11,1,3.342156862745098,0.9,8,1,0.0,0,0
558,2024,2024-12-31,2024-12-31,1,1,21,12,0.5714285714285714,2018.0,2023-10-26,12,0.0,9,0,2.882468996617813,0.9166666666666666,8,0,0.0,0,0
559,2021,2021-12-31,2021-12-31,1,1,16,9,0.5625,2017.0,2021-12-28,9,2.25,7,3,2.7018030513176146,0.7777777777777778,10,0,0.0,0,1
559,2022,2022-12-31,2022-12-31,1,1,16,10,0.625,2017.0,2021-12-28,13,0.0,3,0,2.3117088607594938,0.7692307692307693,10,0,0.0,0,1
559,2023,2023-12-31,2023-12-31,1,1,17,11,0.6470588235294118,2017.0,2023-11-29,13,1.0,4,1,2.1463014172139645,0.7692307692307693,12,2,0.0,0,1
559,2024,2024-12-31,2024-12-31,1,1,21,13,0.6190476190476191,2017.0,2024-12-16,16,3.0,5,4,2.353559374041117,0.8125,14,2,0.0,0,1
560,2021,2021-12-31,2021-12-31,1,1,7,0,0.0,2018.0,2019-02-25,5,0.0,2,0,1.94281914893617,0.0,3,0,0.2857142857142857,0,0
560,2022,2022-12-31,2022-12-31,1,1,11,1,0.0909090909090909,2018.0,2022-05-10,7,6.0,4,4,2.3900951814396194,0.1428571428571428,3,0,0.3636363636363636,0,0
560,2023,2023-12-31,2023-12-31,1,1,11,1,0.0909090909090909,2018.0,2022-05-10,7,0.0,4,0,1.9637096774193548,0.1428571428571428,3,0,0.3636363636363636,0,0
560,2024,2024-12-31,2024-12-31,1,1,13,3,0.2307692307692307,2018.0,2024-07-22,7,1.5,6,2,1.968594527363184,0.2857142857142857,3,0,0.3076923076923077,0,0
561,2021,2021-12-31,2021-12-31,1,1,4,2,0.5,2020.0,2021-10-28,0,3.0,4,2,3.196936542669584,,5,1,0.0,0,1
561,2022,2022-12-31,2022-12-31,1,1,6,3,0.5,2020.0,2022-11-29,0,1.5,6,2,2.666058394160584,,5,0,0.0,0,1
561,2023,2023-12-31,2023-12-31,1,1,8,6,0.75,2020.0,2023-09-27,2,1.0,6,2,2.4616680707666387,1.0,7,2,0.0,0,1
561,2024,2024-12-31,2024-12-31,1,1,16,6,0.375,2020.0,2024-11-19,4,4.0,12,8,3.7630392788151967,1.0,8,1,0.0625,0,1
562,2021,2021-12-31,2021-12-31,1,1,4,0,0.0,2021.0,2021-07-13,0,,4,4,1.8706786171574905,,6,6,0.0,1,1
562,2022,2022-12-31,2022-12-31,1,1,4,4,1.0,2021.0,2021-07-13,0,0.0,4,0,1.274869109947644,,6,0,0.0,0,1
562,2023,2023-12-31,2023-12-31,1,1,7,4,0.5714285714285714,2021.0,2023-12-20,0,2.25,7,3,1.6920913302448708,,7,1,0.1428571428571428,0,1
562,2024,2024-12-31,2024-12-31,1,1,10,7,0.7,2021.0,2024-12-23,4,1.2857142857142856,6,3,1.945924347362813,1.0,9,2,0.1,0,1
563,2021,2021-12-31,2021-12-31,1,1,13,8,0.6153846153846154,2016.0,2021-12-29,8,4.0,5,4,2.1563351498637604,0.875,4,0,0.0,0,0
563,2022,2022-12-31,2022-12-31,1,1,16,8,0.5,2016.0,2022-12-09,8,1.7999999999999998,8,3,2.2765874561745227,0.875,4,0,0.0,0,0
563,2023,2023-12-31,2023-12-31,1,1,21,8,0.3809523809523809,2016.0,2023-11-01,9,1.875,12,5,2.616047066848568,0.8888888888888888,5,1,0.0,0,0
563,2024,2024-12-31,2024-12-31,1,1,25,9,0.36,2016.0,2024-11-27,13,1.0,12,4,2.768723468768951,0.6923076923076923,5,0,0.0,0,0
564,2021,2021-12-31,2021-12-31,1,1,3,0,0.0,2020.0,2020-11-17,0,0.0,3,0,1.6962074303405574,,2,0,0.0,0,1
564,2022,2022-12-31,2022-12-31,1,1,5,2,0.4,2020.0,2022-11-16,0,2.0,5,2,1.806379821958457,,2,0,0.0,0,1
564,2023,2023-12-31,2023-12-31,1,1,5,3,0.6,2020.0,2022-11-16,3,0.0,2,0,1.3272165697674418,0.6666666666666666,2,0,0.0,0,1
564,2024,2024-12-31,2024-12-31,1,1,5,4,0.8,2020.0,2022-11-16,3,0.0,2,0,1.0483639494833523,0.6666666666666666,2,0,0.0,0,1
565,2021,2021-12-31,2021-12-31,1,1,29,14,0.4827586206896552,2017.0,2021-12-29,8,0.8571428571428571,21,6,9.406971580817052,0.625,21,5,0.0344827586206896,0,1
565,2022,2022-12-31,2022-12-31,1,1,37,25,0.6756756756756757,2017.0,2022-10-24,11,1.1428571428571428,26,8,9.063883299798793,0.6363636363636364,28,7,0.027027027027027,0,1
565,2023,2023-12-31,2023-12-31,1,1,41,31,0.7560975609756098,2017.0,2023-06-20,23,0.4615384615384615,18,4,8.068561422413794,0.6956521739130435,29,1,0.024390243902439,0,1
565,2024,2024-12-31,2024-12-31,1,1,41,31,0.7560975609756098,2017.0,2023-06-20,29,0.0,12,0,6.739536453645364,0.6896551724137931,29,0,0.024390243902439,0,1
566,2021,2021-12-31,2021-12-31,1,1,5,4,0.8,2018.0,2019-11-11,1,0.0,4,0,0.833523505248745,0.0,5,0,0.0,0,1
566,2022,2022-12-31,2022-12-31,1,1,5,4,0.8,2018.0,2019-11-11,5,0.0,0,0,0.7144953051643192,0.8,5,0,0.0,0,1
566,2023,2023-12-31,2023-12-31,1,1,14,4,0.2857142857142857,2018.0,2023-12-11,5,,9,9,1.750599109893872,0.8,8,3,0.0,1,1
566,2024,2024-12-31,2024-12-31,1,1,15,8,0.5333333333333333,2018.0,2024-03-06,5,0.3333333333333333,10,1,1.6667934286583512,0.8,8,0,0.0,0,1
567,2021,2021-12-31,2021-12-31,1,1,7,2,0.2857142857142857,2018.0,2021-06-07,2,1.2,5,2,1.4761836027713626,1.0,2,0,0.0,0,0
567,2022,2022-12-31,2022-12-31,1,1,10,6,0.6,2018.0,2022-10-27,3,1.7999999999999998,7,3,1.7417739628040056,1.0,2,0,0.2,0,0
567,2023,2023-12-31,2023-12-31,1,1,14,6,0.4285714285714285,2018.0,2023-12-15,5,1.7142857142857142,9,4,2.076969943135662,1.0,3,1,0.1428571428571428,0,0
567,2024,2024-12-31,2024-12-31,1,1,14,6,0.4285714285714285,2018.0,2023-12-15,7,0.0,7,0,1.8081683168316836,0.7142857142857143,3,0,0.1428571428571428,0,0
568,2021,2021-12-31,2021-12-31,0,1,0,0,,,,0,,0,0,0.0,,0,0,,0,1
568,2022,2022-12-31,2022-12-31,0,1,0,0,,,,0,,0,0,0.0,,0,0,,0,1
568,2023,2023-12-31,2023-12-31,0,1,0,0,,,,0,,0,0,0.0,,0,0,,0,1
568,2024,2024-12-31,2024-12-31,0,1,0,0,,,,0,,0,0,0.0,,0,0,,0,1
569,2021,2021-12-31,2021-12-31,1,1,4,0,0.0,2020.0,2021-05-13,0,3.0,4,2,2.0013698630136987,,2,0,0.0,0,1
569,2022,2022-12-31,2022-12-31,1,1,5,2,0.4,2020.0,2022-10-25,0,0.75,5,1,1.6678082191780823,,2,0,0.0,0,1
569,2023,2023-12-31,2023-12-31,1,1,5,4,0.8,2020.0,2022-10-25,2,0.0,3,0,1.2508561643835616,1.0,2,0,0.0,0,1
569,2024,2024-12-31,2024-12-31,1,1,6,5,0.8333333333333334,2020.0,2024-07-25,4,1.0,2,1,1.2001642935377874,1.0,3,1,0.0,0,1
570,2021,2021-12-31,2021-12-31,0,1,0,0,,,,0,,0,0,0.0,,0,0,,0,0
570,2022,2022-12-31,2022-12-31,0,1,0,0,,,,0,,0,0,0.0,,0,0,,0,0
570,2023,2023-12-31,2023-12-31,1,1,3,0,0.0,2023.0,2023-06-13,0,,3,3,0.3335616438356165,,2,2,0.0,1,0
570,2024,2024-12-31,2024-12-31,1,1,10,1,0.1,2023.0,2024-05-09,0,7.0,10,7,1.0004108463434676,,9,7,0.0,0,0
571,2021,2021-12-31,2021-12-31,1,1,10,5,0.5,2015.0,2021-12-13,4,2.25,6,3,1.846562184024267,0.75,5,1,0.2,0,1
571,2022,2022-12-31,2022-12-31,1,1,11,5,0.4545454545454545,2015.0,2022-05-25,7,0.5,4,1,1.7147887323943662,0.7142857142857143,6,1,0.1818181818181818,0,1
571,2023,2023-12-31,2023-12-31,1,1,11,7,0.6363636363636364,2015.0,2022-05-25,7,0.0,4,0,1.48365952732644,0.8571428571428571,6,0,0.1818181818181818,0,1
571,2024,2024-12-31,2024-12-31,1,1,12,8,0.6666666666666666,2015.0,2024-06-24,10,0.75,2,1,1.425829538061158,0.8,7,1,0.1666666666666666,0,1
572,2021,2021-12-31,2021-12-31,1,1,5,2,0.4,2018.0,2021-02-02,2,0.75,3,1,1.2888143966125618,1.0,10,2,0.0,0,1
572,2022,2022-12-31,2022-12-31,1,1,6,2,0.3333333333333333,2018.0,2022-05-10,3,1.0,3,1,1.22979797979798,0.6666666666666666,12,2,0.0,0,1
572,2023,2023-12-31,2023-12-31,1,1,9,4,0.4444444444444444,2018.0,2023-08-18,4,3.0,5,3,1.5310898928737773,0.75,16,4,0.0,0,1
572,2024,2024-12-31,2024-12-31,1,1,20,8,0.4,2018.0,2024-12-26,5,6.6,15,11,2.906884202148826,0.8,35,19,0.1,0,1
573,2021,2021-12-31,2021-12-31,0,1,0,0,,,,0,,0,0,0.0,,0,0,,0,1
573,2022,2022-12-31,2022-12-31,0,1,0,0,,,,0,,0,0,0.0,,0,0,,0,1
573,2023,2023-12-31,2023-12-31,0,1,0,0,,,,0,,0,0,0.0,,0,0,,0,1
573,2024,2024-12-31,2024-12-31,0,1,0,0,,,,0,,0,0,0.0,,0,0,,0,1
574,2021,2021-12-31,2021-12-31,0,1,0,0,,,,0,,0,0,0.0,,0,0,,0,1
574,2022,2022-12-31,2022-12-31,0,1,0,0,,,,0,,0,0,0.0,,0,0,,0,1
574,2023,2023-12-31,2023-12-31,1,1,2,0,0.0,2023.0,2023-08-09,0,,2,2,0.787176724137931,,2,2,0.0,1,1
574,2024,2024-12-31,2024-12-31,1,1,2,1,0.5,2023.0,2023-08-09,0,0.0,2,0,0.5645285935085008,,2,0,0.0,0,1
575,2021,2021-12-31,2021-12-31,1,1,11,6,0.5454545454545454,2017.0,2021-12-30,3,2.0,8,4,1.737781141868512,1.0,13,4,0.0,0,1
575,2022,2022-12-31,2022-12-31,1,1,12,6,0.5,2017.0,2022-03-23,6,0.375,6,1,1.637280537915577,1.0,14,1,0.0,0,1
575,2023,2023-12-31,2023-12-31,1,1,12,6,0.5,2017.0,2022-03-23,7,0.0,5,0,1.440828402366864,0.8571428571428571,14,0,0.0,0,1
575,2024,2024-12-31,2024-12-31,1,1,15,8,0.5333333333333333,2017.0,2024-08-28,11,1.7999999999999998,4,3,1.6076144366197185,0.6363636363636364,18,4,0.0,0,1
576,2021,2021-12-31,2021-12-31,1,1,3,0,0.0,2020.0,2020-12-30,0,0.0,3,0,0.7998175182481752,,3,0,0.0,0,1
576,2022,2022-12-31,2022-12-31,1,1,3,0,0.0,2020.0,2020-12-30,0,0.0,3,0,0.6315561959654179,,3,0,0.0,0,1
576,2023,2023-12-31,2023-12-31,1,1,4,3,0.75,2020.0,2023-02-13,3,1.0,1,1,0.6957142857142857,1.0,5,2,0.0,0,1
576,2024,2024-12-31,2024-12-31,1,1,4,3,0.75,2020.0,2023-02-13,3,0.0,1,0,0.5924574209245742,1.0,5,0,0.0,0,1
577,2021,2021-12-31,2021-12-31,1,1,9,7,0.7777777777777778,2016.0,2021-08-24,6,0.75,3,1,1.5594165085388996,0.8333333333333334,8,1,0.2222222222222222,0,0
577,2022,2022-12-31,2022-12-31,1,1,11,7,0.6363636363636364,2016.0,2022-08-04,7,2.0,4,2,1.624646178730287,0.8571428571428571,12,4,0.2727272727272727,0,0
577,2023,2023-12-31,2023-12-31,1,1,11,8,0.7272727272727273,2016.0,2022-08-04,8,0.0,3,0,1.4156976744186047,0.875,12,0,0.2727272727272727,0,0
577,2024,2024-12-31,2024-12-31,1,1,13,9,0.6923076923076923,2016.0,2024-04-03,9,2.0,4,2,1.4819756554307115,0.8888888888888888,13,1,0.2307692307692307,0,0
578,2021,2021-12-31,2021-12-31,1,1,2,2,1.0,2017.0,2020-03-31,1,0.0,1,0,0.4002739726027397,1.0,2,0,0.0,0,1
578,2022,2022-12-31,2022-12-31,1,1,2,2,1.0,2017.0,2020-03-31,1,0.0,1,0,0.3335616438356165,1.0,2,0,0.0,0,1
578,2023,2023-12-31,2023-12-31,1,1,2,2,1.0,2017.0,2020-03-31,2,0.0,0,0,0.2859099804305284,1.0,2,0,0.0,0,1
578,2024,2024-12-31,2024-12-31,1,1,2,2,1.0,2017.0,2020-03-31,2,,0,0,0.250085587127696,1.0,2,0,0.0,0,1
579,2021,2021-12-31,2021-12-31,1,1,2,0,0.0,2020.0,2020-03-18,0,0.0,2,0,0.4646946564885496,,1,0,0.0,0,1
579,2022,2022-12-31,2022-12-31,1,1,2,2,1.0,2020.0,2020-03-18,0,0.0,2,0,0.3771295818275684,,1,0,0.0,0,1
579,2023,2023-12-31,2023-12-31,1,1,2,2,1.0,2020.0,2020-03-18,2,0.0,0,0,0.3173327541268462,1.0,1,0,0.0,0,1
579,2024,2024-12-31,2024-12-31,1,1,2,2,1.0,2020.0,2020-03-18,2,,0,0,0.2738005997001499,1.0,1,0,0.0,0,1
580,2021,2021-12-31,2021-12-31,1,1,2,1,0.5,2020.0,2021-07-30,0,3.0,2,1,0.8573943661971831,,1,0,0.0,0,1
580,2022,2022-12-31,2022-12-31,1,1,2,2,1.0,2020.0,2021-07-30,0,0.0,2,0,0.6002465078060805,,1,0,0.0,0,1
580,2023,2023-12-31,2023-12-31,1,1,2,2,1.0,2020.0,2021-07-30,1,0.0,1,0,0.4617572692793931,1.0,1,0,0.0,0,1
580,2024,2024-12-31,2024-12-31,1,1,3,2,0.6666666666666666,2020.0,2024-10-30,2,3.0,1,1,0.5625,1.0,2,1,0.0,0,1
581,2021,2021-12-31,2021-12-31,0,1,0,0,,,,0,,0,0,0.0,,0,0,,0,0
581,2022,2022-12-31,2022-12-31,0,1,0,0,,,,0,,0,0,0.0,,0,0,,0,0
581,2023,2023-12-31,2023-12-31,1,1,1,0,0.0,2023.0,2023-11-24,0,,1,1,0.3715666327568667,,2,2,0.0,1,0
581,2024,2024-12-31,2024-12-31,1,1,2,0,0.0,2023.0,2024-09-30,0,3.0,2,1,0.5415122312824314,,5,3,0.0,0,0
582,2021,2021-12-31,2021-12-31,0,1,0,0,,,,0,,0,0,0.0,,0,0,,0,1
582,2022,2022-12-31,2022-12-31,0,1,0,0,,,,0,,0,0,0.0,,0,0,,0,1
582,2023,2023-12-31,2023-12-31,0,1,0,0,,,,0,,0,0,0.0,,0,0,,0,1
582,2024,2024-12-31,2024-12-31,0,1,0,0,,,,0,,0,0,0.0,,0,0,,0,1
583,2021,2021-12-31,2021-12-31,1,1,12,6,0.5,2016.0,2021-11-03,3,2.0,9,4,1.5828819068255688,1.0,11,3,0.0833333333333333,0,0
583,2022,2022-12-31,2022-12-31,1,1,18,8,0.4444444444444444,2016.0,2022-11-16,5,2.0,13,6,2.097798340778558,1.0,13,2,0.0555555555555555,0,0
583,2023,2023-12-31,2023-12-31,1,1,20,8,0.4,2016.0,2023-01-31,8,0.4615384615384615,12,2,2.087739354101172,0.875,13,0,0.05,0,0
583,2024,2024-12-31,2024-12-31,1,1,23,11,0.4782608695652174,2016.0,2024-08-21,12,0.75,11,3,2.173544631306598,0.75,16,3,0.0434782608695652,0,0
584,2021,2021-12-31,2021-12-31,1,1,10,6,0.6,2014.0,2021-03-17,5,0.375,5,1,1.2647160664819943,0.8,10,0,0.0,0,1
584,2022,2022-12-31,2022-12-31,1,1,12,7,0.5833333333333334,2014.0,2022-10-11,8,1.2,4,2,1.3473716569320626,0.625,12,2,0.0833333333333333,0,1
584,2023,2023-12-31,2023-12-31,1,1,14,8,0.5714285714285714,2014.0,2023-11-13,9,1.5,5,2,1.4133499170812605,0.7777777777777778,13,1,0.0714285714285714,0,1
584,2024,2024-12-31,2024-12-31,1,1,15,10,0.6666666666666666,2014.0,2024-03-28,10,0.6,5,1,1.3751882530120485,0.8,14,1,0.0666666666666666,0,1
586,2021,2021-12-31,2021-12-31,0,1,0,0,,,,0,,0,0,0.0,,0,0,,0,1
586,2022,2022-12-31,2022-12-31,0,1,0,0,,,,0,,0,0,0.0,,0,0,,0,1
586,2023,2023-12-31,2023-12-31,0,1,0,0,,,,0,,0,0,0.0,,0,0,,0,1
586,2024,2024-12-31,2024-12-31,0,1,0,0,,,,0,,0,0,0.0,,0,0,,0,1
587,2021,2021-12-31,2021-12-31,1,1,2,1,0.5,2019.0,2020-11-05,0,0.0,2,0,0.5351648351648352,,3,0,0.0,0,0
587,2022,2022-12-31,2022-12-31,1,1,3,1,0.3333333333333333,2019.0,2022-07-28,1,1.5,2,1,0.6333815028901735,1.0,3,0,0.0,0,0
587,2023,2023-12-31,2023-12-31,1,1,7,1,0.1428571428571428,2019.0,2023-12-29,2,6.0,5,4,1.2204057279236276,0.5,6,3,0.1428571428571428,0,0
587,2024,2024-12-31,2024-12-31,1,1,11,3,0.2727272727272727,2019.0,2024-05-30,2,2.4,9,4,1.6325680617635108,0.5,9,3,0.2727272727272727,0,0
588,2021,2021-12-31,2021-12-31,1,1,5,3,0.6,2018.0,2021-08-03,1,0.75,4,1,1.0857609988109391,1.0,13,1,0.4,0,1
588,2022,2022-12-31,2022-12-31,1,1,5,4,0.8,2018.0,2021-08-03,2,0.0,3,0,0.8921592574499267,1.0,13,0,0.4,0,1
588,2023,2023-12-31,2023-12-31,1,1,5,4,0.8,2018.0,2021-08-03,4,0.0,1,0,0.7571517412935324,1.0,13,0,0.4,0,1
588,2024,2024-12-31,2024-12-31,1,1,6,5,0.8333333333333334,2018.0,2024-07-22,5,3.0,1,1,0.7888768898488121,1.0,15,2,0.3333333333333333,0,1
589,2021,2021-12-31,2021-12-31,1,1,2,1,0.5,2019.0,2021-12-10,0,3.0,2,1,0.4083286752375629,,1,0,0.0,0,1
589,2022,2022-12-31,2022-12-31,1,1,2,2,1.0,2019.0,2021-12-10,1,0.0,1,0,0.3391364902506963,1.0,1,0,0.0,0,1
589,2023,2023-12-31,2023-12-31,1,1,2,2,1.0,2019.0,2021-12-10,1,0.0,1,0,0.2899960301707026,1.0,1,0,0.0,0,1
589,2024,2024-12-31,2024-12-31,1,1,2,2,1.0,2019.0,2021-12-10,2,0.0,0,0,0.2532062391681109,1.0,1,0,0.0,0,1
590,2021,2021-12-31,2021-12-31,1,1,10,3,0.3,2001.0,2010-08-23,10,,0,0,10.0,0.3,7,0,0.0,0,1
590,2022,2022-12-31,2022-12-31,1,1,10,3,0.3,2001.0,2010-08-23,10,,0,0,6.665145985401459,0.3,7,0,0.0,0,1
590,2023,2023-12-31,2023-12-31,1,1,10,3,0.3,2001.0,2010-08-23,10,,0,0,4.000547645125958,0.3,7,0,0.0,0,1
590,2024,2024-12-31,2024-12-31,1,1,10,3,0.3,2001.0,2010-08-23,10,,0,0,2.855746677091478,0.3,7,0,0.0,0,1
591,2021,2021-12-31,2021-12-31,0,1,0,0,,,,0,,0,0,0.0,,0,0,,0,1
591,2022,2022-12-31,2022-12-31,0,1,0,0,,,,0,,0,0,0.0,,0,0,,0,1
591,2023,2023-12-31,2023-12-31,0,1,0,0,,,,0,,0,0,0.0,,0,0,,0,1
591,2024,2024-12-31,2024-12-31,0,1,0,0,,,,0,,0,0,0.0,,0,0,,0,1
592,2021,2021-12-31,2021-12-31,0,1,0,0,,,,0,,0,0,0.0,,0,0,,0,1
592,2022,2022-12-31,2022-12-31,0,1,0,0,,,,0,,0,0,0.0,,0,0,,0,1
592,2023,2023-12-31,2023-12-31,0,1,0,0,,,,0,,0,0,0.0,,0,0,,0,1
592,2024,2024-12-31,2024-12-31,0,1,0,0,,,,0,,0,0,0.0,,0,0,,0,1
593,2021,2021-12-31,2021-12-31,1,1,2,2,1.0,2015.0,2018-07-23,2,0.0,0,0,0.2962287104622871,1.0,1,0,0.0,0,0
593,2022,2022-12-31,2022-12-31,1,1,2,2,1.0,2015.0,2018-07-23,2,,0,0,0.2580360296714941,1.0,1,0,0.0,0,0
593,2023,2023-12-31,2023-12-31,1,1,2,2,1.0,2015.0,2018-07-23,2,,0,0,0.2285669586983729,1.0,1,0,0.0,0,0
593,2024,2024-12-31,2024-12-31,1,1,3,2,0.6666666666666666,2015.0,2024-03-20,2,,1,1,0.3076221224031443,1.0,1,0,0.3333333333333333,1,0
594,2021,2021-12-31,2021-12-31,1,1,1,1,1.0,2021.0,2021-07-22,0,,1,1,0.2857981220657277,,2,2,0.0,1,0
594,2022,2022-12-31,2022-12-31,1,1,1,1,1.0,2021.0,2021-07-22,0,0.0,1,0,0.2223067559342665,,2,0,0.0,0,0
594,2023,2023-12-31,2023-12-31,1,1,1,1,1.0,2021.0,2021-07-22,0,0.0,1,0,0.1818974103585657,,2,0,0.0,0,0
594,2024,2024-12-31,2024-12-31,1,1,1,1,1.0,2021.0,2021-07-22,1,0.0,0,0,0.1538542544229149,1.0,2,0,0.0,0,0
595,2021,2021-12-31,2021-12-31,1,1,24,17,0.7083333333333334,2005.0,2021-03-05,23,,1,1,3.4552621206148992,0.6956521739130435,6,0,0.0416666666666666,1,1
595,2022,2022-12-31,2022-12-31,1,1,24,17,0.7083333333333334,2005.0,2021-03-05,23,0.0,1,0,3.020675396278429,0.6956521739130435,6,0,0.0416666666666666,0,1
595,2023,2023-12-31,2023-12-31,1,1,26,19,0.7307692307692307,2005.0,2023-08-25,23,6.0,3,2,2.906795224977043,0.6956521739130435,6,0,0.0384615384615384,0,1
595,2024,2024-12-31,2024-12-31,1,1,27,19,0.7037037037037037,2005.0,2024-02-16,24,1.0,3,1,2.7144921552436,0.7083333333333334,9,3,0.037037037037037,0,1
596,2021,2021-12-31,2021-12-31,1,1,3,1,0.3333333333333333,2021.0,2021-11-08,0,,3,3,1.3852718078381794,,6,6,0.0,1,1
596,2022,2022-12-31,2022-12-31,1,1,5,1,0.2,2021.0,2022-07-25,0,2.0,5,2,1.5798010380622838,,8,2,0.0,0,1
596,2023,2023-12-31,2023-12-31,1,1,5,1,0.2,2021.0,2022-07-25,0,0.0,5,0,1.20069033530572,,8,0,0.0,0,1
596,2024,2024-12-31,2024-12-31,1,1,8,5,0.625,2021.0,2024-12-10,3,1.7999999999999998,5,3,1.548489666136725,1.0,9,1,0.0,0,1
597,2021,2021-12-31,2021-12-31,1,1,3,3,1.0,2017.0,2019-03-14,2,0.0,1,0,0.375128380691544,1.0,3,0,0.3333333333333333,0,1
597,2022,2022-12-31,2022-12-31,1,1,4,3,0.75,2017.0,2022-04-28,3,3.0,1,1,0.4446135118685331,1.0,3,0,0.25,0,1
597,2023,2023-12-31,2023-12-31,1,1,4,3,0.75,2017.0,2022-04-28,3,0.0,1,0,0.400164338537387,1.0,3,0,0.25,0,1
597,2024,2024-12-31,2024-12-31,1,1,4,4,1.0,2017.0,2022-04-28,3,0.0,1,0,0.3637042569081404,1.0,3,0,0.25,0,1
598,2021,2021-12-31,2021-12-31,1,1,2,0,0.0,2021.0,2021-11-25,0,,2,2,0.7746553552492047,,2,2,0.0,1,1
598,2022,2022-12-31,2022-12-31,1,1,2,2,1.0,2021.0,2021-11-25,0,0.0,2,0,0.5584862385321101,,2,0,0.0,0,1
598,2023,2023-12-31,2023-12-31,1,1,2,2,1.0,2021.0,2021-11-25,0,0.0,2,0,0.4366407650926479,,2,0,0.0,0,1
598,2024,2024-12-31,2024-12-31,1,1,2,2,1.0,2021.0,2021-11-25,2,0.0,0,0,0.3582638548307994,1.0,2,0,0.0,0,1
599,2021,2021-12-31,2021-12-31,0,1,0,0,,,,0,,0,0,0.0,,0,0,,0,1
599,2022,2022-12-31,2022-12-31,1,1,2,1,0.5,2022.0,2022-09-28,0,,2,2,0.480276134122288,,3,3,0.0,1,1
599,2023,2023-12-31,2023-12-31,1,1,2,1,0.5,2022.0,2022-09-28,0,0.0,2,0,0.3873276776246023,,3,0,0.0,0,1
599,2024,2024-12-31,2024-12-31,1,1,3,3,1.0,2022.0,2024-07-24,0,1.5,3,1,0.4865674955595026,,3,0,0.0,0,1
600,2021,2021-12-31,2021-12-31,0,1,0,0,,,,0,,0,0,0.0,,0,0,,0,1
600,2022,2022-12-31,2022-12-31,1,1,1,1,1.0,2022.0,2022-03-25,0,,1,1,0.1333029197080292,,3,3,0.0,1,1
600,2023,2023-12-31,2023-12-31,1,1,1,1,1.0,2022.0,2022-03-25,0,0.0,1,0,0.1176328502415458,,3,0,0.0,0,1
600,2024,2024-12-31,2024-12-31,1,1,3,1,0.3333333333333333,2022.0,2024-09-25,0,6.0,3,2,0.3156871218668971,,10,7,0.0,0,1
601,2021,2021-12-31,2021-12-31,0,1,0,0,,,,0,,0,0,0.0,,0,0,,0,0
601,2022,2022-12-31,2022-12-31,0,1,0,0,,,,0,,0,0,0.0,,0,0,,0,0
601,2023,2023-12-31,2023-12-31,1,1,3,3,1.0,2023.0,2023-02-23,0,,3,3,0.4448842874543239,,1,1,0.0,1,0
601,2024,2024-12-31,2024-12-31,1,1,5,4,0.8,2023.0,2024-08-29,0,2.0,5,2,0.6455461293743373,,5,4,0.0,0,0
625,2021,2021-12-31,2021-12-31,0,1,0,0,,,,0,,0,0,0.0,,0,0,,0,0
625,2022,2022-12-31,2022-12-31,1,1,1,0,0.0,2022.0,2022-11-06,0,,1,1,0.2167655786350148,,2,2,1.0,1,0
625,2023,2023-12-31,2023-12-31,1,1,1,0,0.0,2022.0,2022-11-06,0,0.0,1,0,0.178170731707317,,2,0,1.0,0,0
625,2024,2024-12-31,2024-12-31,1,1,1,0,0.0,2022.0,2022-11-06,0,0.0,1,0,0.1511796357615894,,2,0,1.0,0,0
701,2021,2021-12-31,2021-12-31,1,1,13,4,0.3076923076923077,2020.0,2021-10-28,0,0.25,13,1,6.166558441558442,,14,0,0.0,0,1
701,2022,2022-12-31,2022-12-31,1,1,23,9,0.391304347826087,2020.0,2022-11-10,0,2.307692307692308,23,10,7.401541850220265,,16,2,0.0,0,1
701,2023,2023-12-31,2023-12-31,1,1,27,10,0.3703703703703703,2020.0,2023-10-04,12,0.5217391304347826,15,4,6.5745000000000005,0.8333333333333334,16,0,0.0,0,1
701,2024,2024-12-31,2024-12-31,1,1,36,12,0.3333333333333333,2020.0,2024-12-24,13,1.8,23,9,7.046623794212219,0.7692307692307693,18,2,0.0,0,1
702,2021,2021-12-31,2021-12-31,1,1,1,1,1.0,2019.0,2019-10-21,0,0.0,1,0,0.3584396467124632,,2,0,1.0,0,1
702,2022,2022-12-31,2022-12-31,1,1,1,1,1.0,2019.0,2019-10-21,1,0.0,0,0,0.2639089595375722,1.0,2,0,1.0,0,1
702,2023,2023-12-31,2023-12-31,1,1,2,1,0.5,2019.0,2023-11-24,1,,1,1,0.4176672384219554,1.0,2,0,0.5,1,1
702,2024,2024-12-31,2024-12-31,1,1,2,2,1.0,2019.0,2023-11-24,1,0.0,1,0,0.3453900709219858,1.0,2,0,0.5,0,1
703,2021,2021-12-31,2021-12-31,1,1,22,0,0.0,2020.0,2021-11-19,0,6.428571428571428,22,15,9.152050113895216,,7,1,0.0,0,1
703,2022,2022-12-31,2022-12-31,1,1,25,5,0.2,2020.0,2022-11-08,0,0.4090909090909091,25,3,7.346138374899437,,7,0,0.0,0,1
703,2023,2023-12-31,2023-12-31,1,1,28,14,0.5,2020.0,2023-12-21,7,0.36,21,3,6.360074626865671,0.8571428571428571,8,1,0.0,0,1
703,2024,2024-12-31,2024-12-31,1,1,41,19,0.4634146341463415,2020.0,2024-11-22,22,1.8571428571428568,19,13,7.586246200607903,0.7727272727272727,12,4,0.0,0,1
704,2021,2021-12-31,2021-12-31,1,1,3,2,0.6666666666666666,2020.0,2021-08-02,0,6.0,3,2,1.5973032069970845,,3,2,0.0,0,1
704,2022,2022-12-31,2022-12-31,1,1,3,3,1.0,2020.0,2021-08-02,0,0.0,3,0,1.0425784966698384,,3,0,0.0,0,1
704,2023,2023-12-31,2023-12-31,1,1,4,3,0.75,2020.0,2023-07-12,1,1.0,3,1,1.0317796610169492,1.0,3,0,0.0,0,1
704,2024,2024-12-31,2024-12-31,1,1,10,6,0.6,2020.0,2024-08-21,3,6.0,7,6,2.0496632996633,1.0,7,4,0.0,0,1
705,2021,2021-12-31,2021-12-31,0,1,0,0,,,,0,,0,0,0.0,,0,0,,0,1
705,2022,2022-12-31,2022-12-31,1,1,1,0,0.0,2022.0,2022-05-03,0,,1,1,0.718996062992126,,1,1,1.0,1,1
705,2023,2023-12-31,2023-12-31,1,1,6,0,0.0,2022.0,2023-12-22,0,15.0,6,5,2.5103092783505154,,5,4,0.1666666666666666,0,1
705,2024,2024-12-31,2024-12-31,1,1,9,3,0.3333333333333333,2022.0,2024-09-04,0,1.5,9,3,2.653147699757869,,6,1,0.2222222222222222,0,1
706,2021,2021-12-31,2021-12-31,1,1,6,5,0.8333333333333334,2020.0,2021-09-07,0,6.0,6,4,3.2757847533632285,,1,0,0.0,0,1
706,2022,2022-12-31,2022-12-31,1,1,17,10,0.5882352941176471,2020.0,2022-12-08,0,5.5,17,11,6.005077369439071,,2,1,0.0,0,1
706,2023,2023-12-31,2023-12-31,1,1,19,16,0.8421052631578947,2020.0,2023-12-14,2,0.3529411764705882,17,2,4.960507505360972,1.0,2,0,0.0,0,1
706,2024,2024-12-31,2024-12-31,1,1,21,18,0.8571428571428571,2020.0,2024-11-20,6,0.3529411764705882,15,2,4.345750708215298,0.8333333333333334,3,1,0.0,0,1
707,2021,2021-12-31,2021-12-31,1,1,3,0,0.0,2021.0,2021-08-18,0,,3,3,1.6378923766816142,,3,3,1.0,1,0
707,2022,2022-12-31,2022-12-31,1,1,6,3,0.5,2021.0,2022-01-11,0,3.0,6,3,2.119439071566731,,4,1,0.5,0,0
707,2023,2023-12-31,2023-12-31,1,1,6,6,1.0,2021.0,2022-01-11,0,0.0,6,0,1.5664760543245175,,4,0,0.5,0,0
707,2024,2024-12-31,2024-12-31,1,1,11,6,0.5454545454545454,2021.0,2024-11-08,3,2.5,8,5,2.276345609065156,1.0,8,4,0.2727272727272727,0,0
708,2021,2021-12-31,2021-12-31,1,1,3,1,0.3333333333333333,2018.0,2021-06-30,1,1.5,2,1,1.4629506008010682,1.0,4,2,0.0,0,0
708,2022,2022-12-31,2022-12-31,1,1,4,2,0.5,2018.0,2022-03-16,1,1.5,3,1,1.3114901256732496,1.0,4,0,0.0,0,0
708,2023,2023-12-31,2023-12-31,1,1,5,4,0.8,2018.0,2023-12-26,2,1.0,3,1,1.234787018255578,1.0,4,0,0.0,0,0
708,2024,2024-12-31,2024-12-31,1,1,8,4,0.5,2018.0,2024-11-29,3,3.0,5,3,1.5837398373983742,1.0,5,1,0.0,0,0
709,2021,2021-12-31,2021-12-31,0,1,0,0,,,,0,,0,0,0.0,,0,0,,0,0
709,2022,2022-12-31,2022-12-31,1,1,2,0,0.0,2022.0,2022-08-25,0,,2,2,1.0919282511210762,,3,3,0.5,1,0
709,2023,2023-12-31,2023-12-31,1,1,5,0,0.0,2022.0,2023-11-01,0,4.5,5,3,1.7661992263056092,,3,0,0.2,0,0
709,2024,2024-12-31,2024-12-31,1,1,5,0,0.0,2022.0,2023-11-01,0,0.0,5,0,1.304464285714286,,3,0,0.2,0,0
710,2021,2021-12-31,2021-12-31,1,1,1,1,1.0,2020.0,2020-12-30,0,0.0,1,0,0.5576335877862595,,2,0,1.0,0,1
710,2022,2022-12-31,2022-12-31,1,1,8,1,0.125,2020.0,2022-09-16,0,21.0,8,7,2.864705882352941,,6,4,0.125,0,1
710,2023,2023-12-31,2023-12-31,1,1,13,9,0.6923076923076923,2020.0,2023-10-05,1,1.875,12,5,3.4283393501805057,1.0,8,2,0.0769230769230769,0,1
710,2024,2024-12-31,2024-12-31,1,1,18,12,0.6666666666666666,2020.0,2024-10-21,1,1.25,17,5,3.754711593375214,1.0,10,2,0.0555555555555555,0,1
711,2021,2021-12-31,2021-12-31,1,1,14,3,0.2142857142857142,2017.0,2021-09-03,8,0.75,6,2,2.711293743372216,0.125,27,0,0.2857142857142857,0,0
711,2022,2022-12-31,2022-12-31,1,1,19,3,0.1578947368421052,2017.0,2022-12-29,11,2.5,8,5,3.082963127498889,0.1818181818181818,29,2,0.2105263157894736,0,0
711,2023,2023-12-31,2023-12-31,1,1,20,7,0.35,2017.0,2023-03-30,12,0.375,8,1,2.7924311926605507,0.3333333333333333,29,0,0.2,0,0
711,2024,2024-12-31,2024-12-31,1,1,22,11,0.5,2017.0,2024-10-24,14,0.75,8,2,2.6946680080482897,0.4285714285714285,32,3,0.1818181818181818,0,0
712,2021,2021-12-31,2021-12-31,1,1,6,0,0.0,2020.0,2021-12-14,0,6.0,6,4,1.625741839762611,,3,1,0.0,0,1
712,2022,2022-12-31,2022-12-31,1,1,8,6,0.75,2020.0,2022-03-31,0,1.0,8,2,1.7057793345008758,,3,0,0.125,0,1
712,2023,2023-12-31,2023-12-31,1,1,9,8,0.8888888888888888,2020.0,2023-05-10,2,0.375,7,1,1.581929740134745,1.0,3,0,0.2222222222222222,0,1
712,2024,2024-12-31,2024-12-31,1,1,12,8,0.6666666666666666,2020.0,2024-12-03,6,1.2857142857142856,6,3,1.7933715220949265,1.0,11,8,0.3333333333333333,0,1
713,2021,2021-12-31,2021-12-31,1,1,5,3,0.6,2020.0,2021-07-28,0,12.0,5,4,1.0050908090258668,,7,4,0.2,0,1
713,2022,2022-12-31,2022-12-31,1,1,8,6,0.75,2020.0,2022-06-13,0,1.7999999999999998,8,3,1.3391384051329056,,8,1,0.375,0,1
713,2023,2023-12-31,2023-12-31,1,1,10,8,0.8,2020.0,2023-01-26,1,0.75,9,2,1.434040047114252,1.0,8,0,0.3,0,1
713,2024,2024-12-31,2024-12-31,1,1,12,8,0.6666666666666666,2020.0,2024-09-25,5,0.6666666666666666,7,2,1.5046343975283212,0.8,10,2,0.25,0,1
714,2021,2021-12-31,2021-12-31,1,1,9,6,0.6666666666666666,2018.0,2021-03-23,2,0.375,7,1,2.723487986743993,1.0,2,0,0.0,0,1
714,2022,2022-12-31,2022-12-31,1,1,10,7,0.7,2018.0,2022-05-11,6,0.4285714285714285,4,1,2.323473282442748,1.0,2,0,0.0,0,1
714,2023,2023-12-31,2023-12-31,1,1,10,9,0.9,2018.0,2022-05-11,8,0.0,2,0,1.885647909137842,1.0,2,0,0.0,0,1
714,2024,2024-12-31,2024-12-31,1,1,12,9,0.75,2018.0,2024-11-07,9,3.0,3,2,1.9031697785497177,1.0,2,0,0.0,0,1
715,2021,2021-12-31,2021-12-31,1,1,1,0,0.0,2021.0,2021-12-02,0,,1,1,1.0,,2,2,0.0,1,1
715,2022,2022-12-31,2022-12-31,1,1,6,0,0.0,2021.0,2022-11-07,0,15.0,6,5,3.5985221674876846,,8,6,0.0,0,1
715,2023,2023-12-31,2023-12-31,1,1,18,5,0.2777777777777778,2021.0,2023-12-28,0,6.0,18,12,6.75,,12,4,0.0,0,1
715,2024,2024-12-31,2024-12-31,1,1,21,13,0.6190476190476191,2021.0,2024-10-17,1,0.5,20,3,5.724067164179105,1.0,12,0,0.0,0,1
716,2021,2021-12-31,2021-12-31,1,1,3,1,0.3333333333333333,2018.0,2020-12-31,1,0.0,2,0,1.4474900924702774,0.0,4,0,0.0,0,1
716,2022,2022-12-31,2022-12-31,1,1,3,1,0.3333333333333333,2018.0,2020-12-31,2,0.0,1,0,0.9766042780748664,0.5,4,0,0.0,0,1
716,2023,2023-12-31,2023-12-31,1,1,7,1,0.1428571428571428,2018.0,2023-12-28,3,12.0,4,4,1.719401479488904,0.3333333333333333,7,3,0.0,0,1
716,2024,2024-12-31,2024-12-31,1,1,7,2,0.2857142857142857,2018.0,2023-12-28,3,0.0,4,0,1.3797895304910954,0.3333333333333333,7,0,0.0,0,1
717,2021,2021-12-31,2021-12-31,1,1,9,4,0.4444444444444444,2017.0,2021-11-24,3,1.7999999999999998,6,3,1.987454655380895,1.0,11,4,0.0,0,0
717,2022,2022-12-31,2022-12-31,1,1,11,9,0.8181818181818182,2017.0,2022-11-24,3,1.0,8,2,1.9899702823179792,1.0,11,0,0.0,0,0
717,2023,2023-12-31,2023-12-31,1,1,17,9,0.5294117647058824,2017.0,2023-11-27,6,2.25,11,6,2.604551174496644,1.0,18,7,0.0,0,0
717,2024,2024-12-31,2024-12-31,1,1,19,9,0.4736842105263157,2017.0,2024-11-28,9,0.5454545454545455,10,2,2.5235454545454545,1.0,18,0,0.0,0,0
718,2021,2021-12-31,2021-12-31,1,1,1,0,0.0,2021.0,2021-12-24,0,,1,1,0.6138655462184873,,1,1,1.0,1,0
718,2022,2022-12-31,2022-12-31,1,1,1,0,0.0,2021.0,2021-12-24,0,0.0,1,0,0.38046875,,1,0,1.0,0,0
718,2023,2023-12-31,2023-12-31,1,1,1,0,0.0,2021.0,2021-12-24,0,0.0,1,0,0.2756603773584906,,1,0,1.0,0,0
718,2024,2024-12-31,2024-12-31,1,1,1,0,0.0,2021.0,2021-12-24,1,0.0,0,0,0.2159964518036664,0.0,1,0,1.0,0,0
719,2021,2021-12-31,2021-12-31,1,1,18,14,0.7777777777777778,2019.0,2021-11-16,0,0.1764705882352941,18,1,5.88585496866607,,5,0,0.1666666666666666,0,1
719,2022,2022-12-31,2022-12-31,1,1,21,16,0.7619047619047619,2019.0,2022-10-31,14,0.5,7,3,5.175607287449393,0.9285714285714286,5,0,0.1904761904761904,0,1
719,2023,2023-12-31,2023-12-31,1,1,21,18,0.8571428571428571,2019.0,2022-10-31,17,0.0,4,0,4.152815376285869,0.9411764705882352,5,0,0.1904761904761904,0,1
719,2024,2024-12-31,2024-12-31,1,1,25,18,0.72,2019.0,2024-03-11,18,3.0,7,4,4.126186172616358,0.8888888888888888,5,0,0.16,0,1
720,2021,2021-12-31,2021-12-31,0,1,0,0,,,,0,,0,0,0.0,,0,0,,0,1
720,2022,2022-12-31,2022-12-31,0,1,0,0,,,,0,,0,0,0.0,,0,0,,0,1
720,2023,2023-12-31,2023-12-31,0,1,0,0,,,,0,,0,0,0.0,,0,0,,0,1
720,2024,2024-12-31,2024-12-31,1,1,1,1,1.0,2024.0,2024-05-16,0,,1,1,0.1191680261011419,,2,2,0.0,1,1
721,2021,2021-12-31,2021-12-31,1,1,1,0,0.0,2018.0,2018-08-09,1,0.0,0,0,0.5997536945812808,0.0,2,0,0.0,0,1
721,2022,2022-12-31,2022-12-31,1,1,1,1,1.0,2018.0,2018-08-09,1,,0,0,0.375,1.0,2,0,0.0,0,1
721,2023,2023-12-31,2023-12-31,1,1,1,1,1.0,2018.0,2018-08-09,1,,0,0,0.2727781926811053,1.0,2,0,0.0,0,1
721,2024,2024-12-31,2024-12-31,1,1,1,1,1.0,2018.0,2018-08-09,1,,0,0,0.2142228739002932,1.0,2,0,0.0,0,1
723,2021,2021-12-31,2021-12-31,1,1,3,3,1.0,2017.0,2020-05-19,2,0.0,1,0,0.734416890080429,1.0,4,0,0.0,0,0
723,2022,2022-12-31,2022-12-31,1,1,6,3,0.5,2017.0,2022-09-23,2,9.0,4,3,1.180129240710824,1.0,4,0,0.0,0,0
723,2023,2023-12-31,2023-12-31,1,1,7,3,0.4285714285714285,2017.0,2023-08-01,3,0.75,4,1,1.1506525652565256,1.0,4,0,0.0,0,0
723,2024,2024-12-31,2024-12-31,1,1,8,5,0.625,2017.0,2024-09-06,3,0.75,5,1,1.1290571870170016,1.0,4,0,0.0,0,0
724,2021,2021-12-31,2021-12-31,0,1,0,0,,,,0,,0,0,0.0,,0,0,,0,1
724,2022,2022-12-31,2022-12-31,0,1,0,0,,,,0,,0,0,0.0,,0,0,,0,1
724,2023,2023-12-31,2023-12-31,1,1,4,0,0.0,2023.0,2023-10-12,0,,4,4,1.7168037602820212,,2,2,1.0,1,1
724,2024,2024-12-31,2024-12-31,1,1,8,0,0.0,2023.0,2024-09-26,0,3.0,8,4,2.400986031224322,,4,2,1.0,0,1
725,2021,2021-12-31,2021-12-31,1,1,2,2,1.0,2018.0,2018-09-14,2,0.0,0,0,0.5003424657534247,1.0,3,0,0.0,0,1
725,2022,2022-12-31,2022-12-31,1,1,3,2,0.6666666666666666,2018.0,2022-12-27,2,,1,1,0.6004109589041096,1.0,3,0,0.0,1,1
725,2023,2023-12-31,2023-12-31,1,1,6,2,0.3333333333333333,2018.0,2023-08-02,2,9.0,4,3,1.0006849315068491,1.0,4,1,0.0,0,1
725,2024,2024-12-31,2024-12-31,1,1,7,4,0.5714285714285714,2018.0,2024-11-12,2,0.75,5,1,1.000293427230047,1.0,5,1,0.0,0,1
726,2021,2021-12-31,2021-12-31,1,1,15,8,0.5333333333333333,2020.0,2021-11-26,0,8.25,15,11,8.177238805970148,,13,9,0.0,0,1
726,2022,2022-12-31,2022-12-31,1,1,21,17,0.8095238095238095,2020.0,2022-11-21,0,1.2,21,6,7.410869565217391,,16,3,0.0,0,1
726,2023,2023-12-31,2023-12-31,1,1,24,23,0.9583333333333334,2020.0,2023-05-30,4,0.4285714285714285,20,3,6.261428571428572,1.0,18,2,0.0,0,1
726,2024,2024-12-31,2024-12-31,1,1,28,23,0.8214285714285714,2020.0,2024-12-09,15,0.6,13,4,5.7910532276330695,1.0,18,0,0.0,0,1
727,2021,2021-12-31,2021-12-31,1,1,36,11,0.3055555555555556,2014.0,2021-11-03,13,1.5,23,10,4.798905109489051,0.6923076923076923,41,8,0.0277777777777777,0,0
727,2022,2022-12-31,2022-12-31,1,1,42,13,0.3095238095238095,2014.0,2022-12-20,18,0.7826086956521738,24,6,4.940579710144927,0.5555555555555556,43,2,0.0238095238095238,0,0
727,2023,2023-12-31,2023-12-31,1,1,46,15,0.3260869565217391,2014.0,2023-12-19,26,0.5,20,4,4.84193083573487,0.4615384615384615,43,0,0.0217391304347826,0,0
727,2024,2024-12-31,2024-12-31,1,1,54,20,0.3703703703703703,2014.0,2024-11-21,36,1.2,18,8,5.141684045881126,0.4722222222222222,45,2,0.0555555555555555,0,0
728,2021,2021-12-31,2021-12-31,1,1,4,1,0.25,2019.0,2021-08-20,0,9.0,4,3,1.4639278557114228,,5,3,0.5,0,0
728,2022,2022-12-31,2022-12-31,1,1,4,2,0.5,2019.0,2021-08-20,1,0.0,3,0,1.0719002201027146,1.0,5,0,0.5,0,0
728,2023,2023-12-31,2023-12-31,1,1,8,7,0.875,2019.0,2023-04-18,1,4.0,7,4,1.6909722222222223,1.0,5,0,0.625,0,0
728,2024,2024-12-31,2024-12-31,1,1,11,7,0.6363636363636364,2019.0,2024-12-26,4,1.2857142857142856,7,3,1.9186962750716328,1.0,7,2,0.5454545454545454,0,0
729,2021,2021-12-31,2021-12-31,1,1,18,7,0.3888888888888889,2015.0,2021-11-18,10,2.142857142857143,8,5,2.784625158831004,0.6,14,3,0.2222222222222222,0,1
729,2022,2022-12-31,2022-12-31,1,1,25,8,0.32,2015.0,2022-12-12,11,2.625,14,7,3.3496881878209828,0.6363636363636364,16,2,0.24,0,1
729,2023,2023-12-31,2023-12-31,1,1,25,9,0.36,2015.0,2022-12-12,13,0.0,12,0,2.9541410546748623,0.6153846153846154,16,0,0.24,0,1
729,2024,2024-12-31,2024-12-31,1,1,32,15,0.46875,2015.0,2024-10-17,18,1.75,14,7,3.380966155626265,0.6111111111111112,18,2,0.21875,0,1
730,2021,2021-12-31,2021-12-31,1,1,9,7,0.7777777777777778,2018.0,2020-12-11,1,0.0,8,0,2.390727272727273,1.0,2,0,0.0,0,0
730,2022,2022-12-31,2022-12-31,1,1,12,8,0.6666666666666666,2018.0,2022-11-11,7,1.125,5,3,2.518965517241379,1.0,5,3,0.0,0,0
730,2023,2023-12-31,2023-12-31,1,1,22,11,0.5,2018.0,2023-11-28,9,6.0,13,10,3.817339667458433,1.0,8,3,0.0,0,0
730,2024,2024-12-31,2024-12-31,1,1,27,15,0.5555555555555556,2018.0,2024-11-21,9,1.153846153846154,18,5,3.990995548360988,1.0,8,0,0.0,0,0
731,2021,2021-12-31,2021-12-31,1,1,7,5,0.7142857142857143,2018.0,2021-12-29,1,1.2,6,2,1.3372123430962344,1.0,7,2,0.1428571428571428,0,1
731,2022,2022-12-31,2022-12-31,1,1,8,6,0.75,2018.0,2022-04-21,2,0.5,6,1,1.2832674571805005,1.0,7,0,0.125,0,1
731,2023,2023-12-31,2023-12-31,1,1,9,6,0.6666666666666666,2018.0,2023-12-28,5,0.5,4,1,1.244227857683573,1.0,11,4,0.1111111111111111,0,1
731,2024,2024-12-31,2024-12-31,1,1,11,7,0.6363636363636364,2018.0,2024-12-11,7,1.5,4,2,1.335688164893617,0.8571428571428571,12,1,0.0909090909090909,0,1
732,2021,2021-12-31,2021-12-31,1,1,4,4,1.0,2020.0,2020-06-23,0,0.0,4,0,1.334246575342466,,5,0,0.0,0,1
732,2022,2022-12-31,2022-12-31,1,1,4,4,1.0,2020.0,2020-06-23,0,0.0,4,0,1.0006849315068491,,5,0,0.0,0,1
732,2023,2023-12-31,2023-12-31,1,1,5,4,0.8,2020.0,2023-06-08,4,0.75,1,1,1.0006849315068491,1.0,7,2,0.0,0,1
732,2024,2024-12-31,2024-12-31,1,1,5,4,0.8,2020.0,2023-06-08,4,0.0,1,0,0.833523505248745,1.0,7,0,0.0,0,1
733,2021,2021-12-31,2021-12-31,1,1,52,44,0.8461538461538461,2014.0,2021-11-30,25,0.8571428571428571,27,8,6.636268343815513,1.0,36,3,0.0,0,1
733,2022,2022-12-31,2022-12-31,1,1,54,52,0.9629629629629628,2014.0,2022-07-28,32,0.2222222222222222,22,2,6.112023551286025,1.0,39,3,0.0,0,1
733,2023,2023-12-31,2023-12-31,1,1,61,58,0.9508196721311476,2014.0,2023-12-22,44,0.9545454545454546,17,7,6.202742204899777,1.0,42,3,0.0163934426229508,0,1
733,2024,2024-12-31,2024-12-31,1,1,66,61,0.9242424242424242,2014.0,2024-12-24,52,0.8823529411764706,14,5,6.090576048509348,1.0,43,1,0.0303030303030303,0,1
734,2021,2021-12-31,2021-12-31,1,1,13,5,0.3846153846153846,2017.0,2021-12-29,3,1.5,10,4,2.624792703150912,1.0,8,3,0.1538461538461538,0,1
734,2022,2022-12-31,2022-12-31,1,1,17,5,0.2941176470588235,2017.0,2022-12-27,7,1.2,10,4,2.856140754369825,0.7142857142857143,8,0,0.1176470588235294,0,1
734,2023,2023-12-31,2023-12-31,1,1,28,16,0.5714285714285714,2017.0,2023-11-29,9,3.3,19,11,4.027963765261914,0.5555555555555556,10,2,0.0714285714285714,0,1
734,2024,2024-12-31,2024-12-31,1,1,33,18,0.5454545454545454,2017.0,2024-11-20,13,0.7894736842105263,20,5,4.1491394148020655,0.6923076923076923,10,0,0.0606060606060606,0,1
735,2021,2021-12-31,2021-12-31,1,1,1,1,1.0,2017.0,2017-02-16,1,,0,0,0.1537894736842105,1.0,1,0,0.0,0,1
735,2022,2022-12-31,2022-12-31,1,1,5,1,0.2,2017.0,2022-12-08,1,,4,4,0.6665145985401459,1.0,5,4,0.2,1,1
735,2023,2023-12-31,2023-12-31,1,1,6,1,0.1666666666666666,2017.0,2023-11-29,1,0.75,5,1,0.7057971014492753,1.0,5,0,0.1666666666666666,0,1
735,2024,2024-12-31,2024-12-31,1,1,13,1,0.0769230769230769,2017.0,2024-12-18,1,4.2,12,7,1.3679775280898876,1.0,7,2,0.0769230769230769,0,1
736,2021,2021-12-31,2021-12-31,1,1,7,3,0.4285714285714285,2018.0,2021-12-03,1,1.2,6,2,1.0765263157894738,1.0,5,0,0.2857142857142857,0,0
736,2022,2022-12-31,2022-12-31,1,1,9,5,0.5555555555555556,2018.0,2022-09-08,3,1.0,6,2,1.1997262773722628,1.0,5,0,0.2222222222222222,0,0
736,2023,2023-12-31,2023-12-31,1,1,11,7,0.6363636363636364,2018.0,2023-12-29,5,1.0,6,2,1.2939613526570048,1.0,7,2,0.1818181818181818,0,0
736,2024,2024-12-31,2024-12-31,1,1,13,7,0.5384615384615384,2018.0,2024-12-26,7,1.0,6,2,1.3679775280898876,1.0,9,2,0.1538461538461538,0,0
737,2021,2021-12-31,2021-12-31,1,1,5,1,0.2,2013.0,2017-12-22,5,,0,0,0.7002492331288344,0.2,14,0,0.2,0,1
737,2022,2022-12-31,2022-12-31,1,1,6,1,0.1666666666666666,2013.0,2022-07-28,5,,1,1,0.7371342078708376,0.2,16,2,0.1666666666666666,1,1
737,2023,2023-12-31,2023-12-31,1,1,7,1,0.1428571428571428,2013.0,2023-05-30,5,3.0,2,1,0.7659526662672259,0.2,16,0,0.1428571428571428,0,1
737,2024,2024-12-31,2024-12-31,1,1,10,1,0.1,2013.0,2024-11-28,5,4.5,5,3,0.986096112311015,0.2,16,0,0.1,0,1
738,2021,2021-12-31,2021-12-31,1,1,5,3,0.6,2017.0,2021-06-23,1,1.0,4,1,1.081261101243339,1.0,5,0,0.2,0,1
738,2022,2022-12-31,2022-12-31,1,1,7,4,0.5714285714285714,2017.0,2022-12-26,4,1.5,3,2,1.2447663096397277,1.0,5,0,0.1428571428571428,0,1
738,2023,2023-12-31,2023-12-31,1,1,8,5,0.625,2017.0,2023-11-29,4,1.0,4,1,1.207937164117404,1.0,5,0,0.125,0,1
738,2024,2024-12-31,2024-12-31,1,1,8,5,0.625,2017.0,2023-11-29,5,0.0,3,0,1.0491921005385996,0.8,5,0,0.125,0,1
739,2021,2021-12-31,2021-12-31,1,1,31,6,0.1935483870967742,2020.0,2021-12-20,0,5.454545454545455,31,20,31.0,,22,8,0.0,0,1
739,2022,2022-12-31,2022-12-31,1,1,37,15,0.4054054054054054,2020.0,2022-11-11,0,0.5806451612903225,37,6,19.96196454948301,,23,1,0.027027027027027,0,1
739,2023,2023-12-31,2023-12-31,1,1,39,23,0.5897435897435898,2020.0,2023-08-28,11,0.1621621621621621,28,2,13.670585412667949,1.0,23,0,0.0512820512820512,0,1
739,2024,2024-12-31,2024-12-31,1,1,47,29,0.6170212765957447,2020.0,2024-11-07,31,0.8571428571428571,16,8,12.192294034090908,0.7741935483870968,25,2,0.1063829787234042,0,1
740,2021,2021-12-31,2021-12-31,1,1,10,6,0.6,2017.0,2021-11-29,2,0.8571428571428571,8,2,2.5017123287671232,1.0,15,2,0.5,0,1
740,2022,2022-12-31,2022-12-31,1,1,12,8,0.6666666666666666,2017.0,2022-12-09,4,0.75,8,2,2.4016438356164382,1.0,19,4,0.5,0,1
740,2023,2023-12-31,2023-12-31,1,1,14,10,0.7142857142857143,2017.0,2023-12-22,8,0.75,6,2,2.334931506849315,1.0,21,2,0.4285714285714285,0,1
740,2024,2024-12-31,2024-12-31,1,1,14,10,0.7142857142857143,2017.0,2023-12-22,10,0.0,4,0,2.000586854460094,1.0,21,0,0.4285714285714285,0,1
741,2021,2021-12-31,2021-12-31,0,1,0,0,,,,0,,0,0,0.0,,0,0,,0,1
741,2022,2022-12-31,2022-12-31,1,1,1,0,0.0,2022.0,2022-03-23,0,,1,1,0.6319204152249135,,3,3,0.0,1,1
741,2023,2023-12-31,2023-12-31,1,1,1,0,0.0,2022.0,2022-03-23,0,0.0,1,0,0.3873276776246023,,3,0,0.0,0,1
741,2024,2024-12-31,2024-12-31,1,1,3,1,0.3333333333333333,2022.0,2024-12-30,0,6.0,3,2,0.8370893812070282,,5,2,0.0,0,1
742,2021,2021-12-31,2021-12-31,1,1,3,1,0.3333333333333333,2018.0,2020-06-17,2,0.0,1,0,0.387464639321075,0.5,2,0,0.3333333333333333,0,0
742,2022,2022-12-31,2022-12-31,1,1,4,1,0.25,2018.0,2022-03-21,2,3.0,2,1,0.4575634199812088,0.5,4,2,0.25,0,0
742,2023,2023-12-31,2023-12-31,1,1,6,1,0.1666666666666666,2018.0,2023-11-08,3,3.0,3,2,0.6159359190556493,0.3333333333333333,7,3,0.1666666666666666,0,0
742,2024,2024-12-31,2024-12-31,1,1,6,2,0.3333333333333333,2018.0,2023-11-08,3,0.0,3,0,0.5584862385321101,0.3333333333333333,7,0,0.1666666666666666,0,0
744,2021,2021-12-31,2021-12-31,1,1,3,3,1.0,2017.0,2018-09-18,3,0.0,0,0,0.3680718844474303,1.0,3,0,0.0,0,0
744,2022,2022-12-31,2022-12-31,1,1,3,3,1.0,2017.0,2018-09-18,3,,0,0,0.3278725314183124,1.0,3,0,0.0,0,0
744,2023,2023-12-31,2023-12-31,1,1,5,3,0.6,2017.0,2023-12-22,3,,2,2,0.4926490423523065,1.0,6,3,0.4,1,0
744,2024,2024-12-31,2024-12-31,1,1,5,5,1.0,2017.0,2023-12-22,3,0.0,2,0,0.4483795727964645,1.0,6,0,0.4,0,0
745,2021,2021-12-31,2021-12-31,1,1,7,5,0.7142857142857143,2017.0,2021-10-07,1,0.6,6,1,1.253923491907798,1.0,8,1,0.0,0,1
745,2022,2022-12-31,2022-12-31,1,1,7,7,1.0,2017.0,2021-10-07,3,0.0,4,0,1.0635399334442597,1.0,8,0,0.0,0,1
745,2023,2023-12-31,2023-12-31,1,1,8,7,0.875,2017.0,2023-08-22,6,0.75,2,1,1.0552546045503792,1.0,8,0,0.0,0,1
745,2024,2024-12-31,2024-12-31,1,1,8,8,1.0,2017.0,2023-08-22,7,0.0,1,0,0.9320574162679424,1.0,8,0,0.0,0,1
746,2021,2021-12-31,2021-12-31,1,1,29,8,0.2758620689655172,2015.0,2021-12-13,14,1.8461538461538465,15,8,4.047478028276652,0.0714285714285714,12,3,0.0344827586206896,0,0
746,2022,2022-12-31,2022-12-31,1,1,40,12,0.3,2015.0,2022-12-29,20,2.2,20,11,4.899396378269618,0.35,18,6,0.025,0,0
746,2023,2023-12-31,2023-12-31,1,1,49,19,0.3877551020408163,2015.0,2023-12-15,21,1.35,28,9,5.347251269793846,0.3809523809523809,19,1,0.0204081632653061,0,0
746,2024,2024-12-31,2024-12-31,1,1,56,24,0.4285714285714285,2015.0,2024-08-28,29,0.75,27,7,5.508753029894964,0.5172413793103449,20,1,0.0178571428571428,0,0
747,2021,2021-12-31,2021-12-31,0,1,0,0,,,,0,,0,0,0.0,,0,0,,0,1
747,2022,2022-12-31,2022-12-31,1,1,1,0,0.0,2022.0,2022-06-14,0,,1,1,0.1659472966833257,,3,3,0.0,1,1
747,2023,2023-12-31,2023-12-31,1,1,1,1,1.0,2022.0,2022-06-14,0,0.0,1,0,0.1423421667965705,,3,0,0.0,0,1
747,2024,2024-12-31,2024-12-31,1,1,2,2,1.0,2022.0,2024-03-19,0,3.0,2,1,0.2491473396998635,,5,2,0.0,0,1
748,2021,2021-12-31,2021-12-31,1,1,14,4,0.2857142857142857,2014.0,2020-05-06,12,0.0,2,0,1.9539549102025215,0.25,16,0,0.3571428571428571,0,1
748,2022,2022-12-31,2022-12-31,1,1,14,4,0.2857142857142857,2014.0,2020-05-06,13,0.0,1,0,1.7147887323943662,0.3076923076923077,16,0,0.3571428571428571,0,1
748,2023,2023-12-31,2023-12-31,1,1,15,9,0.6,2014.0,2023-01-31,14,3.0,1,1,1.6369136540185245,0.5714285714285714,16,0,0.3333333333333333,0,1
748,2024,2024-12-31,2024-12-31,1,1,15,9,0.6,2014.0,2023-01-31,14,0.0,1,0,1.475558847293294,0.5714285714285714,16,0,0.3333333333333333,0,1
749,2021,2021-12-31,2021-12-31,0,1,0,0,,,,0,,0,0,0.0,,0,0,,0,1
749,2022,2022-12-31,2022-12-31,0,1,0,0,,,,0,,0,0,0.0,,0,0,,0,1
749,2023,2023-12-31,2023-12-31,0,1,0,0,,,,0,,0,0,0.0,,0,0,,0,1
749,2024,2024-12-31,2024-12-31,1,1,2,0,0.0,2024.0,2024-08-30,0,,2,2,0.4286971830985915,,2,2,1.0,1,1
750,2021,2021-12-31,2021-12-31,1,1,3,3,1.0,2015.0,2016-05-17,3,,0,0,0.4339603960396039,1.0,7,0,0.0,0,1
750,2022,2022-12-31,2022-12-31,1,1,5,3,0.6,2015.0,2022-10-05,3,,2,2,0.6319204152249135,1.0,15,8,0.0,1,1
750,2023,2023-12-31,2023-12-31,1,1,5,4,0.8,2015.0,2022-10-05,3,0.0,2,0,0.5610599078341013,1.0,15,0,0.0,0,1
750,2024,2024-12-31,2024-12-31,1,1,5,4,0.8,2015.0,2022-10-05,3,0.0,2,0,0.5043496271748136,1.0,15,0,0.0,0,1
842,2021,2021-12-31,2021-12-31,0,1,0,0,,,,0,,0,0,0.0,,0,0,,0,1
842,2022,2022-12-31,2022-12-31,0,1,0,0,,,,0,,0,0,0.0,,0,0,,0,1
842,2023,2023-12-31,2023-12-31,0,1,0,0,,,,0,,0,0,0.0,,0,0,,0,1
842,2024,2024-12-31,2024-12-31,0,1,0,0,,,,0,,0,0,0.0,,0,0,,0,1
843,2021,2021-12-31,2021-12-31,1,1,3,1,0.3333333333333333,2018.0,2020-01-29,2,0.0,1,0,0.6232935153583617,0.0,7,0,0.3333333333333333,0,0
843,2022,2022-12-31,2022-12-31,1,1,11,4,0.3636363636363636,2018.0,2022-09-23,2,24.0,9,8,1.8924870466321244,0.0,12,5,0.0909090909090909,0,0
843,2023,2023-12-31,2023-12-31,1,1,13,9,0.6923076923076923,2018.0,2023-11-20,3,0.6666666666666666,10,2,1.908460610932476,0.3333333333333333,12,0,0.0769230769230769,0,0
843,2024,2024-12-31,2024-12-31,1,1,13,11,0.8461538461538461,2018.0,2023-11-20,3,0.0,10,0,1.6637175893482832,0.3333333333333333,12,0,0.0769230769230769,0,0
844,2021,2021-12-31,2021-12-31,0,1,0,0,,,,0,,0,0,0.0,,0,0,,0,1
844,2022,2022-12-31,2022-12-31,0,1,0,0,,,,0,,0,0,0.0,,0,0,,0,1
844,2023,2023-12-31,2023-12-31,0,1,0,0,,,,0,,0,0,0.0,,0,0,,0,1
844,2024,2024-12-31,2024-12-31,0,1,0,0,,,,0,,0,0,0.0,,0,0,,0,1
845,2021,2021-12-31,2021-12-31,0,1,0,0,,,,0,,0,0,0.0,,0,0,,0,1
845,2022,2022-12-31,2022-12-31,0,1,0,0,,,,0,,0,0,0.0,,0,0,,0,1
845,2023,2023-12-31,2023-12-31,0,1,0,0,,,,0,,0,0,0.0,,0,0,,0,1
845,2024,2024-12-31,2024-12-31,0,1,0,0,,,,0,,0,0,0.0,,0,0,,0,1
846,2021,2021-12-31,2021-12-31,0,1,0,0,,,,0,,0,0,0.0,,0,0,,0,1
846,2022,2022-12-31,2022-12-31,0,1,0,0,,,,0,,0,0,0.0,,0,0,,0,1
846,2023,2023-12-31,2023-12-31,0,1,0,0,,,,0,,0,0,0.0,,0,0,,0,1
846,2024,2024-12-31,2024-12-31,0,1,0,0,,,,0,,0,0,0.0,,0,0,,0,1
847,2021,2021-12-31,2021-12-31,0,1,0,0,,,,0,,0,0,0.0,,0,0,,0,1
847,2022,2022-12-31,2022-12-31,0,1,0,0,,,,0,,0,0,0.0,,0,0,,0,1
847,2023,2023-12-31,2023-12-31,0,1,0,0,,,,0,,0,0,0.0,,0,0,,0,1
847,2024,2024-12-31,2024-12-31,0,1,0,0,,,,0,,0,0,0.0,,0,0,,0,1
848,2021,2021-12-31,2021-12-31,0,1,0,0,,,,0,,0,0,0.0,,0,0,,0,1
848,2022,2022-12-31,2022-12-31,0,1,0,0,,,,0,,0,0,0.0,,0,0,,0,1
848,2023,2023-12-31,2023-12-31,0,1,0,0,,,,0,,0,0,0.0,,0,0,,0,1
848,2024,2024-12-31,2024-12-31,0,1,0,0,,,,0,,0,0,0.0,,0,0,,0,1
849,2021,2021-12-31,2021-12-31,1,1,7,2,0.2857142857142857,2017.0,2021-12-09,2,2.0,5,2,1.5209696609161214,0.5,15,7,0.0,0,0
849,2022,2022-12-31,2022-12-31,1,1,7,4,0.5714285714285714,2017.0,2021-12-09,2,0.0,5,0,1.249633431085044,0.5,15,0,0.0,0,0
849,2023,2023-12-31,2023-12-31,1,1,7,4,0.5714285714285714,2017.0,2021-12-09,5,0.0,2,0,1.06045209456657,0.8,15,0,0.0,0,0
849,2024,2024-12-31,2024-12-31,1,1,8,6,0.75,2017.0,2024-12-10,7,1.5,1,1,1.0522146200936262,0.8571428571428571,15,0,0.0,0,0
850,2021,2021-12-31,2021-12-31,0,1,0,0,,,,0,,0,0,0.0,,0,0,,0,0
850,2022,2022-12-31,2022-12-31,0,1,0,0,,,,0,,0,0,0.0,,0,0,,0,0
850,2023,2023-12-31,2023-12-31,0,1,0,0,,,,0,,0,0,0.0,,0,0,,0,0
850,2024,2024-12-31,2024-12-31,0,1,0,0,,,,0,,0,0,0.0,,0,0,,0,0
851,2021,2021-12-31,2021-12-31,0,1,0,0,,,,0,,0,0,0.0,,0,0,,0,1
851,2022,2022-12-31,2022-12-31,0,1,0,0,,,,0,,0,0,0.0,,0,0,,0,1
851,2023,2023-12-31,2023-12-31,0,1,0,0,,,,0,,0,0,0.0,,0,0,,0,1
851,2024,2024-12-31,2024-12-31,0,1,0,0,,,,0,,0,0,0.0,,0,0,,0,1
852,2021,2021-12-31,2021-12-31,0,1,0,0,,,,0,,0,0,0.0,,0,0,,0,1
852,2022,2022-12-31,2022-12-31,0,1,0,0,,,,0,,0,0,0.0,,0,0,,0,1
852,2023,2023-12-31,2023-12-31,0,1,0,0,,,,0,,0,0,0.0,,0,0,,0,1
852,2024,2024-12-31,2024-12-31,0,1,0,0,,,,0,,0,0,0.0,,0,0,,0,1
853,2021,2021-12-31,2021-12-31,0,1,0,0,,,,0,,0,0,0.0,,0,0,,0,1
853,2022,2022-12-31,2022-12-31,0,1,0,0,,,,0,,0,0,0.0,,0,0,,0,1
853,2023,2023-12-31,2023-12-31,0,1,0,0,,,,0,,0,0,0.0,,0,0,,0,1
853,2024,2024-12-31,2024-12-31,0,1,0,0,,,,0,,0,0,0.0,,0,0,,0,1
854,2021,2021-12-31,2021-12-31,0,1,0,0,,,,0,,0,0,0.0,,0,0,,0,1
854,2022,2022-12-31,2022-12-31,0,1,0,0,,,,0,,0,0,0.0,,0,0,,0,1
854,2023,2023-12-31,2023-12-31,0,1,0,0,,,,0,,0,0,0.0,,0,0,,0,1
854,2024,2024-12-31,2024-12-31,0,1,0,0,,,,0,,0,0,0.0,,0,0,,0,1
855,2021,2021-12-31,2021-12-31,0,1,0,0,,,,0,,0,0,0.0,,0,0,,0,0
855,2022,2022-12-31,2022-12-31,0,1,0,0,,,,0,,0,0,0.0,,0,0,,0,0
855,2023,2023-12-31,2023-12-31,0,1,0,0,,,,0,,0,0,0.0,,0,0,,0,0
855,2024,2024-12-31,2024-12-31,0,1,0,0,,,,0,,0,0,0.0,,0,0,,0,0
856,2021,2021-12-31,2021-12-31,0,1,0,0,,,,0,,0,0,0.0,,0,0,,0,1
856,2022,2022-12-31,2022-12-31,0,1,0,0,,,,0,,0,0,0.0,,0,0,,0,1
856,2023,2023-12-31,2023-12-31,0,1,0,0,,,,0,,0,0,0.0,,0,0,,0,1
856,2024,2024-12-31,2024-12-31,0,1,0,0,,,,0,,0,0,0.0,,0,0,,0,1
857,2021,2021-12-31,2021-12-31,0,1,0,0,,,,0,,0,0,0.0,,0,0,,0,1
857,2022,2022-12-31,2022-12-31,0,1,0,0,,,,0,,0,0,0.0,,0,0,,0,1
857,2023,2023-12-31,2023-12-31,0,1,0,0,,,,0,,0,0,0.0,,0,0,,0,1
857,2024,2024-12-31,2024-12-31,0,1,0,0,,,,0,,0,0,0.0,,0,0,,0,1
858,2021,2021-12-31,2021-12-31,0,1,0,0,,,,0,,0,0,0.0,,0,0,,0,0
858,2022,2022-12-31,2022-12-31,0,1,0,0,,,,0,,0,0,0.0,,0,0,,0,0
858,2023,2023-12-31,2023-12-31,0,1,0,0,,,,0,,0,0,0.0,,0,0,,0,0
858,2024,2024-12-31,2024-12-31,0,1,0,0,,,,0,,0,0,0.0,,0,0,,0,0
859,2021,2021-12-31,2021-12-31,0,1,0,0,,,,0,,0,0,0.0,,0,0,,0,1
859,2022,2022-12-31,2022-12-31,0,1,0,0,,,,0,,0,0,0.0,,0,0,,0,1
859,2023,2023-12-31,2023-12-31,0,1,0,0,,,,0,,0,0,0.0,,0,0,,0,1
859,2024,2024-12-31,2024-12-31,0,1,0,0,,,,0,,0,0,0.0,,0,0,,0,1
860,2021,2021-12-31,2021-12-31,0,1,0,0,,,,0,,0,0,0.0,,0,0,,0,1
860,2022,2022-12-31,2022-12-31,0,1,0,0,,,,0,,0,0,0.0,,0,0,,0,1
860,2023,2023-12-31,2023-12-31,0,1,0,0,,,,0,,0,0,0.0,,0,0,,0,1
860,2024,2024-12-31,2024-12-31,0,1,0,0,,,,0,,0,0,0.0,,0,0,,0,1
861,2021,2021-12-31,2021-12-31,0,1,0,0,,,,0,,0,0,0.0,,0,0,,0,1
861,2022,2022-12-31,2022-12-31,0,1,0,0,,,,0,,0,0,0.0,,0,0,,0,1
861,2023,2023-12-31,2023-12-31,0,1,0,0,,,,0,,0,0,0.0,,0,0,,0,1
861,2024,2024-12-31,2024-12-31,0,1,0,0,,,,0,,0,0,0.0,,0,0,,0,1
862,2021,2021-12-31,2021-12-31,0,1,0,0,,,,0,,0,0,0.0,,0,0,,0,1
862,2022,2022-12-31,2022-12-31,0,1,0,0,,,,0,,0,0,0.0,,0,0,,0,1
862,2023,2023-12-31,2023-12-31,0,1,0,0,,,,0,,0,0,0.0,,0,0,,0,1
862,2024,2024-12-31,2024-12-31,0,1,0,0,,,,0,,0,0,0.0,,0,0,,0,1
863,2021,2021-12-31,2021-12-31,0,1,0,0,,,,0,,0,0,0.0,,0,0,,0,0
863,2022,2022-12-31,2022-12-31,0,1,0,0,,,,0,,0,0,0.0,,0,0,,0,0
863,2023,2023-12-31,2023-12-31,0,1,0,0,,,,0,,0,0,0.0,,0,0,,0,0
863,2024,2024-12-31,2024-12-31,0,1,0,0,,,,0,,0,0,0.0,,0,0,,0,0
864,2021,2021-12-31,2021-12-31,0,1,0,0,,,,0,,0,0,0.0,,0,0,,0,1
864,2022,2022-12-31,2022-12-31,0,1,0,0,,,,0,,0,0,0.0,,0,0,,0,1
864,2023,2023-12-31,2023-12-31,0,1,0,0,,,,0,,0,0,0.0,,0,0,,0,1
864,2024,2024-12-31,2024-12-31,0,1,0,0,,,,0,,0,0,0.0,,0,0,,0,1
865,2021,2021-12-31,2021-12-31,0,1,0,0,,,,0,,0,0,0.0,,0,0,,0,1
865,2022,2022-12-31,2022-12-31,0,1,0,0,,,,0,,0,0,0.0,,0,0,,0,1
865,2023,2023-12-31,2023-12-31,0,1,0,0,,,,0,,0,0,0.0,,0,0,,0,1
865,2024,2024-12-31,2024-12-31,0,1,0,0,,,,0,,0,0,0.0,,0,0,,0,1
866,2021,2021-12-31,2021-12-31,0,1,0,0,,,,0,,0,0,0.0,,0,0,,0,1
866,2022,2022-12-31,2022-12-31,0,1,0,0,,,,0,,0,0,0.0,,0,0,,0,1
866,2023,2023-12-31,2023-12-31,0,1,0,0,,,,0,,0,0,0.0,,0,0,,0,1
866,2024,2024-12-31,2024-12-31,0,1,0,0,,,,0,,0,0,0.0,,0,0,,0,1
867,2021,2021-12-31,2021-12-31,0,1,0,0,,,,0,,0,0,0.0,,0,0,,0,1
867,2022,2022-12-31,2022-12-31,0,1,0,0,,,,0,,0,0,0.0,,0,0,,0,1
867,2023,2023-12-31,2023-12-31,0,1,0,0,,,,0,,0,0,0.0,,0,0,,0,1
867,2024,2024-12-31,2024-12-31,1,1,1,0,0.0,2024.0,2024-12-26,0,,1,1,0.1281578947368421,,2,2,0.0,1,1
868,2021,2021-12-31,2021-12-31,0,1,0,0,,,,0,,0,0,0.0,,0,0,,0,1
868,2022,2022-12-31,2022-12-31,0,1,0,0,,,,0,,0,0,0.0,,0,0,,0,1
868,2023,2023-12-31,2023-12-31,0,1,0,0,,,,0,,0,0,0.0,,0,0,,0,1
868,2024,2024-12-31,2024-12-31,0,1,0,0,,,,0,,0,0,0.0,,0,0,,0,1
869,2021,2021-12-31,2021-12-31,0,1,0,0,,,,0,,0,0,0.0,,0,0,,0,0
869,2022,2022-12-31,2022-12-31,0,1,0,0,,,,0,,0,0,0.0,,0,0,,0,0
869,2023,2023-12-31,2023-12-31,0,1,0,0,,,,0,,0,0,0.0,,0,0,,0,0
869,2024,2024-12-31,2024-12-31,0,1,0,0,,,,0,,0,0,0.0,,0,0,,0,0
870,2021,2021-12-31,2021-12-31,1,1,2,0,0.0,2020.0,2021-06-15,0,3.0,2,1,0.2998768472906404,,2,0,0.0,0,1
870,2022,2022-12-31,2022-12-31,1,1,5,0,0.0,2020.0,2022-12-29,0,4.5,5,3,0.6519992859692967,,5,3,0.0,0,1
870,2023,2023-12-31,2023-12-31,1,1,5,0,0.0,2020.0,2022-12-29,1,0.0,4,0,0.5768319646241313,0.0,5,0,0.0,0,1
870,2024,2024-12-31,2024-12-31,1,1,5,1,0.2,2020.0,2022-12-29,2,0.0,3,0,0.5170583238958097,0.0,5,0,0.0,0,1
871,2021,2021-12-31,2021-12-31,1,1,2,0,0.0,2020.0,2021-11-29,0,3.0,2,1,0.3116467576791809,,4,0,0.0,0,1
871,2022,2022-12-31,2022-12-31,1,1,2,1,0.5,2020.0,2021-11-29,0,0.0,2,0,0.269656699889258,,4,0,0.0,0,1
871,2023,2023-12-31,2023-12-31,1,1,2,1,0.5,2020.0,2021-11-29,1,0.0,1,0,0.2376382563435263,1.0,4,0,0.0,0,1
871,2024,2024-12-31,2024-12-31,1,1,2,1,0.5,2020.0,2021-11-29,2,0.0,0,0,0.2123546511627906,0.5,4,0,0.0,0,1
872,2021,2021-12-31,2021-12-31,1,1,1,0,0.0,2021.0,2021-02-10,0,,1,1,0.463515228426396,,2,2,1.0,1,1
872,2022,2022-12-31,2022-12-31,1,1,1,1,1.0,2021.0,2021-02-10,0,0.0,1,0,0.3167823070251517,,2,0,1.0,0,1
872,2023,2023-12-31,2023-12-31,1,1,1,1,1.0,2021.0,2021-02-10,0,0.0,1,0,0.2406126482213438,,2,0,1.0,0,1
872,2024,2024-12-31,2024-12-31,1,1,1,1,1.0,2021.0,2021-02-10,1,0.0,0,0,0.1938694267515923,1.0,2,0,1.0,0,1
873,2021,2021-12-31,2021-12-31,0,1,0,0,,,,0,,0,0,0.0,,0,0,,0,1
873,2022,2022-12-31,2022-12-31,0,1,0,0,,,,0,,0,0,0.0,,0,0,,0,1
873,2023,2023-12-31,2023-12-31,0,1,0,0,,,,0,,0,0,0.0,,0,0,,0,1
873,2024,2024-12-31,2024-12-31,0,1,0,0,,,,0,,0,0,0.0,,0,0,,0,1
874,2021,2021-12-31,2021-12-31,0,1,0,0,,,,0,,0,0,0.0,,0,0,,0,1
874,2022,2022-12-31,2022-12-31,0,1,0,0,,,,0,,0,0,0.0,,0,0,,0,1
874,2023,2023-12-31,2023-12-31,0,1,0,0,,,,0,,0,0,0.0,,0,0,,0,1
874,2024,2024-12-31,2024-12-31,0,1,0,0,,,,0,,0,0,0.0,,0,0,,0,1
875,2021,2021-12-31,2021-12-31,0,1,0,0,,,,0,,0,0,0.0,,0,0,,0,1
875,2022,2022-12-31,2022-12-31,0,1,0,0,,,,0,,0,0,0.0,,0,0,,0,1
875,2023,2023-12-31,2023-12-31,0,1,0,0,,,,0,,0,0,0.0,,0,0,,0,1
875,2024,2024-12-31,2024-12-31,1,1,2,0,0.0,2024.0,2024-12-13,0,,2,2,0.446788990825688,,3,3,0.0,1,1
876,2021,2021-12-31,2021-12-31,0,1,0,0,,,,0,,0,0,0.0,,0,0,,0,0
876,2022,2022-12-31,2022-12-31,0,1,0,0,,,,0,,0,0,0.0,,0,0,,0,0
876,2023,2023-12-31,2023-12-31,0,1,0,0,,,,0,,0,0,0.0,,0,0,,0,0
876,2024,2024-12-31,2024-12-31,1,1,1,0,0.0,2024.0,2024-11-06,0,,1,1,0.1982899022801303,,2,2,0.0,1,0
877,2021,2021-12-31,2021-12-31,0,1,0,0,,,,0,,0,0,0.0,,0,0,,0,1
877,2022,2022-12-31,2022-12-31,0,1,0,0,,,,0,,0,0,0.0,,0,0,,0,1
877,2023,2023-12-31,2023-12-31,0,1,0,0,,,,0,,0,0,0.0,,0,0,,0,1
877,2024,2024-12-31,2024-12-31,0,1,0,0,,,,0,,0,0,0.0,,0,0,,0,1
878,2021,2021-12-31,2021-12-31,1,1,4,2,0.5,2019.0,2021-08-04,0,3.0,4,2,1.2308340353833194,,8,2,0.0,0,1
878,2022,2022-12-31,2022-12-31,1,1,4,2,0.5,2019.0,2021-08-04,1,0.0,3,0,0.9413659793814434,1.0,8,0,0.0,0,1
878,2023,2023-12-31,2023-12-31,1,1,4,2,0.5,2019.0,2021-08-04,2,0.0,2,0,0.7621283255086072,1.0,8,0,0.0,0,1
878,2024,2024-12-31,2024-12-31,1,1,4,4,1.0,2019.0,2021-08-04,4,0.0,0,0,0.6399474375821288,1.0,8,0,0.0,0,1
879,2021,2021-12-31,2021-12-31,1,1,1,0,0.0,2021.0,2021-12-27,0,,1,1,1.0,,2,2,0.0,1,1
879,2022,2022-12-31,2022-12-31,1,1,1,1,1.0,2021.0,2021-12-27,0,0.0,1,0,0.6308290155440415,,2,0,0.0,0,1
879,2023,2023-12-31,2023-12-31,1,1,1,1,1.0,2021.0,2021-12-27,0,0.0,1,0,0.3869173728813559,,2,0,0.0,0,1
879,2024,2024-12-31,2024-12-31,1,1,1,1,1.0,2021.0,2021-12-27,1,0.0,0,0,0.2788167938931297,1.0,2,0,0.0,0,1
880,2021,2021-12-31,2021-12-31,0,1,0,0,,,,0,,0,0,0.0,,0,0,,0,1
880,2022,2022-12-31,2022-12-31,0,1,0,0,,,,0,,0,0,0.0,,0,0,,0,1
880,2023,2023-12-31,2023-12-31,0,1,0,0,,,,0,,0,0,0.0,,0,0,,0,1
880,2024,2024-12-31,2024-12-31,0,1,0,0,,,,0,,0,0,0.0,,0,0,,0,1
881,2021,2021-12-31,2021-12-31,0,1,0,0,,,,0,,0,0,0.0,,0,0,,0,0
881,2022,2022-12-31,2022-12-31,0,1,0,0,,,,0,,0,0,0.0,,0,0,,0,0
881,2023,2023-12-31,2023-12-31,0,1,0,0,,,,0,,0,0,0.0,,0,0,,0,0
881,2024,2024-12-31,2024-12-31,0,1,0,0,,,,0,,0,0,0.0,,0,0,,0,0
882,2021,2021-12-31,2021-12-31,0,1,0,0,,,,0,,0,0,0.0,,0,0,,0,1
882,2022,2022-12-31,2022-12-31,0,1,0,0,,,,0,,0,0,0.0,,0,0,,0,1
882,2023,2023-12-31,2023-12-31,0,1,0,0,,,,0,,0,0,0.0,,0,0,,0,1
882,2024,2024-12-31,2024-12-31,0,1,0,0,,,,0,,0,0,0.0,,0,0,,0,1
883,2021,2021-12-31,2021-12-31,0,1,0,0,,,,0,,0,0,0.0,,0,0,,0,1
883,2022,2022-12-31,2022-12-31,1,1,5,0,0.0,2022.0,2022-01-04,0,,5,5,0.5993600262553331,,1,1,1.0,1,1
883,2023,2023-12-31,2023-12-31,1,1,5,0,0.0,2022.0,2022-01-04,0,0.0,5,0,0.5352432590855803,,1,0,1.0,0,1
883,2024,2024-12-31,2024-12-31,1,1,5,2,0.4,2022.0,2022-01-04,0,0.0,5,0,0.4833906829010058,,1,0,1.0,0,1
884,2021,2021-12-31,2021-12-31,0,1,0,0,,,,0,,0,0,0.0,,0,0,,0,1
884,2022,2022-12-31,2022-12-31,0,1,0,0,,,,0,,0,0,0.0,,0,0,,0,1
884,2023,2023-12-31,2023-12-31,0,1,0,0,,,,0,,0,0,0.0,,0,0,,0,1
884,2024,2024-12-31,2024-12-31,0,1,0,0,,,,0,,0,0,0.0,,0,0,,0,1
885,2021,2021-12-31,2021-12-31,0,1,0,0,,,,0,,0,0,0.0,,0,0,,0,1
885,2022,2022-12-31,2022-12-31,0,1,0,0,,,,0,,0,0,0.0,,0,0,,0,1
885,2023,2023-12-31,2023-12-31,0,1,0,0,,,,0,,0,0,0.0,,0,0,,0,1
885,2024,2024-12-31,2024-12-31,0,1,0,0,,,,0,,0,0,0.0,,0,0,,0,1
886,2021,2021-12-31,2021-12-31,0,1,0,0,,,,0,,0,0,0.0,,0,0,,0,1
886,2022,2022-12-31,2022-12-31,0,1,0,0,,,,0,,0,0,0.0,,0,0,,0,1
886,2023,2023-12-31,2023-12-31,1,1,4,0,0.0,2023.0,2023-11-20,0,,4,4,1.357806691449814,,5,5,0.0,1,1
886,2024,2024-12-31,2024-12-31,1,1,11,2,0.1818181818181818,2023.0,2024-12-30,0,5.25,11,7,2.78623439667129,,6,1,0.0,0,1
887,2021,2021-12-31,2021-12-31,0,1,0,0,,,,0,,0,0,0.0,,0,0,,0,1
887,2022,2022-12-31,2022-12-31,1,1,1,0,0.0,2022.0,2022-10-05,0,,1,1,0.2002467105263158,,3,3,0.0,1,1
887,2023,2023-12-31,2023-12-31,1,1,1,0,0.0,2022.0,2022-10-05,0,0.0,1,0,0.1668570123343992,,3,0,0.0,0,1
887,2024,2024-12-31,2024-12-31,1,1,1,0,0.0,2022.0,2022-10-05,0,0.0,1,0,0.1429549902152642,,3,0,0.0,0,1
888,2021,2021-12-31,2021-12-31,0,1,0,0,,,,0,,0,0,0.0,,0,0,,0,1
888,2022,2022-12-31,2022-12-31,0,1,0,0,,,,0,,0,0,0.0,,0,0,,0,1
888,2023,2023-12-31,2023-12-31,0,1,0,0,,,,0,,0,0,0.0,,0,0,,0,1
888,2024,2024-12-31,2024-12-31,0,1,0,0,,,,0,,0,0,0.0,,0,0,,0,1
889,2021,2021-12-31,2021-12-31,0,1,0,0,,,,0,,0,0,0.0,,0,0,,0,1
889,2022,2022-12-31,2022-12-31,1,1,1,0,0.0,2022.0,2022-05-26,0,,1,1,0.7515432098765432,,3,3,0.0,1,1
889,2023,2023-12-31,2023-12-31,1,1,2,1,0.5,2022.0,2023-08-04,0,3.0,2,1,0.8584018801410106,,3,0,0.0,0,1
889,2024,2024-12-31,2024-12-31,1,1,2,1,0.5,2022.0,2023-08-04,0,0.0,2,0,0.6002465078060805,,3,0,0.0,0,1
890,2021,2021-12-31,2021-12-31,0,1,0,0,,,,0,,0,0,0.0,,0,0,,0,1
890,2022,2022-12-31,2022-12-31,0,1,0,0,,,,0,,0,0,0.0,,0,0,,0,1
890,2023,2023-12-31,2023-12-31,0,1,0,0,,,,0,,0,0,0.0,,0,0,,0,1
890,2024,2024-12-31,2024-12-31,0,1,0,0,,,,0,,0,0,0.0,,0,0,,0,1
891,2021,2021-12-31,2021-12-31,0,1,0,0,,,,0,,0,0,0.0,,0,0,,0,1
891,2022,2022-12-31,2022-12-31,0,1,0,0,,,,0,,0,0,0.0,,0,0,,0,1
891,2023,2023-12-31,2023-12-31,0,1,0,0,,,,0,,0,0,0.0,,0,0,,0,1
891,2024,2024-12-31,2024-12-31,1,1,1,0,0.0,2024.0,2024-10-31,0,,1,1,0.2000273822562979,,1,1,0.0,1,1
